ticker,company_name,sector,year,about_url,snapshot_timestamp,snapshot_url,target_timestamp,status,missing_reason,statuscode,page_text_clean,text_length,text_extraction_status
MSFT,Microsoft,Technology,2016,https://www.microsoft.com/en-us/about,20160702232755.0,http://web.archive.org/web/20160702232755/http://www.microsoft.com:80/en-us/about,20160701,found,,200.0,"About Microsoft Store Store home Devices Microsoft Surface PCs & tablets Xbox Virtual reality Accessories Windows phone Microsoft Band Software Office Windows Additional software Apps All apps Windows apps Windows phone apps Games Xbox One games Xbox 360 games PC games Windows games Windows phone games Entertainment All Entertainment Movies & TV Music Business & Education Business Store Education Store Developer Sale Sale Find a store Gift cards Products Software & services Windows Office Free downloads & security Internet Explorer Microsoft Edge Skype OneNote OneDrive Microsoft Health MSN Bing Microsoft Groove Microsoft Movies & TV Devices & Xbox All Microsoft devices Microsoft Surface All Windows PCs & tablets PC accessories Xbox & games Microsoft Band Microsoft Lumia All Windows phones Microsoft HoloLens For business Cloud Platform Microsoft Azure Microsoft Dynamics Windows for business Office for business Skype for business Surface for business Enterprise solutions Small business solutions Find a solutions provider Volume Licensing For developers & IT pros Develop Windows apps Microsoft Azure MSDN TechNet Visual Studio For students & educators Office for students OneNote in classroom Shop PCs & tablets perfect for students Microsoft in Education Support Sign in Cart Cart About About Company Facts News Worldwide sales offices Procurement Legal Contact Us People Board of directors Senior Leadership Stories Alumni Network Values Innovation Diversity & Inclusion Corporate social responsibility Philanthropies Environment Trustworthy Computing Careers Investor Relations Company Facts News Worldwide sales offices Procurement Legal Contact Us People Board of directors Senior Leadership Stories Alumni Network Values Innovation Diversity & Inclusion Corporate social responsibility Philanthropies Environment Trustworthy Computing Careers Investor Relations We believe in what people make possible Our mission is to empower every person and every organization on the planet to achieve more. Our company Find out all about Microsoftâcompany facts, news, how to contact us, and more. Who we are Get to know some of our people, places, and ideas. And meet the leaders who shape our vision. What we value See how we give our technology and resources to make a lasting positive impact. Contact us Get in touch. Weâre here to help. Innovating from the ocean floor to Mars More than 1,000 researchers at our labs around the world are achieving scientific breakthroughs. Research Caring for our communities Weâre dedicated to creating opportunities for everyone and making a difference in our communities around the world. Philanthropies Sharing our stories At Microsoft, weâre moved and inspired by many things. Take a look inside at what weâre up to today. Stories Building a sustainable future Our goals are to minimize the impact of our operations and products, and to foster responsible environmental leadership. Environment Follow Microsoft Share this page Learn Windows Office Skype Outlook OneDrive MSN Devices Microsoft Surface Xbox PC and laptops Microsoft Lumia Microsoft Band Microsoft HoloLens Microsoft Store View account Order tracking Retail store locations Returns Sales & support Downloads Download Center Windows downloads Windows 10 Apps Office Apps Microsoft Lumia Apps Internet Explorer Values Diversity and inclusion Accessibility Environment Microsoft Philanthropies Corporate Social Responsibility Privacy at Microsoft Company Careers About Microsoft Company news Investors Research Site map English (United States)â Contact us Privacy and cookies Terms of use Trademarks About our ads Â© 2016 Microsoft",3656,success
MSFT,Microsoft,Technology,2017,https://www.microsoft.com/en-us/about,,,20170701,missing,No closest snapshot found from Wayback Availability API,,,0,missing_snapshot
MSFT,Microsoft,Technology,2018,https://www.microsoft.com/en-us/about,,,20180701,missing,No closest snapshot found from Wayback Availability API,,,0,missing_snapshot
MSFT,Microsoft,Technology,2019,https://www.microsoft.com/en-us/about,20190702051350.0,http://web.archive.org/web/20190702051350/https://www.microsoft.com/en-us/about,20190701,found,,200.0,"About Microsoft | Mission and Vision | Microsoft Empowering others Our mission is to empower every person and organization on the planet to achieve more. Our company Stay informed about Microsoft – from company facts and news to our worldwide locations and more. Explore the world of Microsoft Who we are Get to know some of our people, explore engaging stories, and meet the leaders who shape our vision. Meet the people of Microsoft What we value See how we utilize technology to build platforms and resources to help make a lasting positive impact. Learn about our values Contact us Get in touch. We’re here to help. Get the support you need Featured programs and projects Microsoft By the Numbers Adding up the stories that make Microsoft, By the Numbers is an interactive look at what drives us, from quantum computing to environmental sustainability. Explore By the Numbers Microsoft Philanthropies We believe technology is a powerful tool for social and economic inclusion, and we’re working to ensure that everyone has access to the opportunities it creates. Explore Microsoft Philanthropies Story Labs At Microsoft, we’re moved and inspired by many things. Microsoft Story Labs features in-depth interviews, features, and stories with those that are on the forefront of innovation. Check out Story Labs Microsoft AI When designed with people at the center, AI can extend your capabilities, free you up for more creative and strategic endeavors, and help you or your organization achieve more. Explore Microsoft AI Follow Microsoft",1539,success
MSFT,Microsoft,Technology,2020,https://www.microsoft.com/en-us/about,20200701214157.0,http://web.archive.org/web/20200701214157/https://www.microsoft.com/en-us/about,20200701,found,,200.0,"About Microsoft | Mission and Vision | Microsoft Empowering others Our mission is to empower every person and every organization on the planet to achieve more. Our company Stay informed about Microsoft – from company facts and news to our worldwide locations and more. Explore the world of Microsoft Who we are Get to know some of our people, explore engaging stories, and meet the leaders who shape our vision. Meet the people of Microsoft What we value See how we utilize technology to build platforms and resources to help make a lasting positive impact. Learn about our values Contact us Get in touch. We’re here to help. Get the support you need Featured programs and projects Microsoft By the Numbers Adding up the stories that make Microsoft, By the Numbers is an interactive look at what drives us, from quantum computing to environmental sustainability. Explore By the Numbers Corporate Social Responsibility We believe technology is a powerful force for good and are working to foster a sustainable future where everyone has access to the benefits and opportunities created by technology. Learn about our approach Story Labs At Microsoft, we’re moved and inspired by many things. Microsoft Story Labs features in-depth interviews, features, and stories with those that are on the forefront of innovation. Check out Story Labs Microsoft AI When designed with people at the center, AI can extend your capabilities, free you up for more creative and strategic endeavors, and help you or your organization achieve more. Explore Microsoft AI Follow Microsoft",1563,success
MSFT,Microsoft,Technology,2021,https://www.microsoft.com/en-us/about,20210702005452.0,http://web.archive.org/web/20210702005452/https://www.microsoft.com/en-us/about,20210701,found,,200.0,"About Microsoft | Mission and Vision | Microsoft Empowering others Our mission is to empower every person and every organization on the planet to achieve more. Our company Stay informed about Microsoft – from company facts and news to our worldwide locations and more. Explore the world of Microsoft Who we are Get to know some of our people, explore engaging stories, and meet the leaders who shape our vision. Meet the people of Microsoft What we value See how we utilize technology to build platforms and resources to help make a lasting positive impact. Learn about our values Contact us Get in touch. We’re here to help. Get the support you need Featured programs and projects Sustainability By the Numbers Microsoft will be carbon negative by 2030. Get an interactive look at other ways our company is improving our environmental impact. Explore By the Numbers Corporate Social Responsibility We believe technology is a powerful force for good and are working to foster a sustainable future where everyone has access to the benefits and opportunities created by technology. Learn about our approach Stories At Microsoft, we're inspired by people around the world who use technology to do imaginative, innovative, and life-changing things. We share their stories. View their stories Microsoft AI When designed with people at the center, AI can extend your capabilities, free you up for more creative and strategic endeavors, and help you and your organization achieve more. Explore Microsoft AI Follow Microsoft",1516,success
MSFT,Microsoft,Technology,2022,https://www.microsoft.com/en-us/about,,,20220701,missing,No closest snapshot found from Wayback Availability API,,,0,missing_snapshot
MSFT,Microsoft,Technology,2023,https://www.microsoft.com/en-us/about,20230701210705.0,http://web.archive.org/web/20230701210705/https://www.microsoft.com/en-us/about,20230701,found,,200.0,"About Microsoft | Mission and Vision | Microsoft Empowering others Our mission is to empower every person and every organization on the planet to achieve more. Our company Stay informed about Microsoft – from company facts and news to our worldwide locations and more. Explore the world of Microsoft Who we are Get to know some of our people, explore engaging stories, and meet the leaders who shape our vision. Meet the people of Microsoft What we value See how we utilize technology to build platforms and resources to help make a lasting positive impact. Learn about our values Contact us Get in touch. We’re here to help. Get the support you need Featured programs and projects Sustainability By the Numbers Microsoft will be carbon negative by 2030. Get an interactive look at other ways our company is improving our environmental impact. Explore By the Numbers Corporate Social Responsibility We believe technology is a powerful force for good and are working to foster a sustainable future where everyone has access to the benefits and opportunities created by technology. Learn about our approach Stories At Microsoft, we're inspired by people around the world who use technology to do imaginative, innovative, and life-changing things. We share their stories. View their stories Microsoft AI When designed with people at the center, AI can extend your capabilities, free you up for more creative and strategic endeavors, and help you and your organization achieve more. Explore Microsoft AI Follow Microsoft",1516,success
MSFT,Microsoft,Technology,2024,https://www.microsoft.com/en-us/about,20240701230101.0,http://web.archive.org/web/20240701230101/https://www.microsoft.com/en-us/about,20240701,found,,200.0,"About Microsoft | Mission and Vision | Microsoft Empowering others Our mission is to empower every person and every organization on the planet to achieve more. Our company Stay informed about Microsoft – from company facts and news to our worldwide locations and more. Explore the world of Microsoft Who we are Get to know some of our people, explore engaging stories, and meet the leaders who shape our vision. Meet the people of Microsoft What we value See how we utilize technology to build platforms and resources to help make a lasting positive impact. Learn about our values Contact us Get in touch. We’re here to help. Get the support you need Featured programs and projects Sustainability By the Numbers Microsoft will be carbon negative by 2030. Get an interactive look at other ways our company is improving our environmental impact. Explore By the Numbers Corporate Social Responsibility We believe technology is a powerful force for good and are working to foster a sustainable future where everyone has access to the benefits and opportunities created by technology. Learn about our approach Stories At Microsoft, we're inspired by people around the world who use technology to do imaginative, innovative, and life-changing things. We share their stories. View their stories Microsoft AI When designed with people at the center, AI can extend your capabilities, free you up for more creative and strategic endeavors, and help you and your organization achieve more. Explore Microsoft AI Follow Microsoft",1516,success
AAPL,Apple,Technology,2016,https://investor.apple.com/our_values/default.aspx,20240721115837.0,http://web.archive.org/web/20240721115837/https://investor.apple.com/our_values/default.aspx,20160701,found,,200.0,Our Values - Apple,18,failed_or_too_short
AAPL,Apple,Technology,2017,https://investor.apple.com/our_values/default.aspx,,,20170701,missing,No closest snapshot found from Wayback Availability API,,,0,missing_snapshot
AAPL,Apple,Technology,2018,https://investor.apple.com/our_values/default.aspx,20240721115837.0,http://web.archive.org/web/20240721115837/https://investor.apple.com/our_values/default.aspx,20180701,found,,200.0,Our Values - Apple,18,failed_or_too_short
AAPL,Apple,Technology,2019,https://investor.apple.com/our_values/default.aspx,,,20190701,missing,No closest snapshot found from Wayback Availability API,,,0,missing_snapshot
AAPL,Apple,Technology,2020,https://investor.apple.com/our_values/default.aspx,20240721115837.0,http://web.archive.org/web/20240721115837/https://investor.apple.com/our_values/default.aspx,20200701,found,,200.0,Our Values - Apple,18,failed_or_too_short
AAPL,Apple,Technology,2021,https://investor.apple.com/our_values/default.aspx,20240721115837.0,http://web.archive.org/web/20240721115837/https://investor.apple.com/our_values/default.aspx,20210701,found,,200.0,Our Values - Apple,18,failed_or_too_short
AAPL,Apple,Technology,2022,https://investor.apple.com/our_values/default.aspx,20240721115837.0,http://web.archive.org/web/20240721115837/https://investor.apple.com/our_values/default.aspx,20220701,found,,200.0,Our Values - Apple,18,failed_or_too_short
AAPL,Apple,Technology,2023,https://investor.apple.com/our_values/default.aspx,,,20230701,missing,No closest snapshot found from Wayback Availability API,,,0,missing_snapshot
AAPL,Apple,Technology,2024,https://investor.apple.com/our_values/default.aspx,,,20240701,missing,No closest snapshot found from Wayback Availability API,,,0,missing_snapshot
NVDA,NVIDIA,Technology,2016,https://www.nvidia.com/en-us/about-nvidia/,20161129032458.0,http://web.archive.org/web/20161129032458/https://www2.nvidia.com/en-us/about-nvidia/,20160701,found,,200.0,"Brand Config Page Only to be Used to Config Brand related (Shield , Geforce ETC) Items like Brand-Navigation , Brand-Footer ETC.",128,success
NVDA,NVIDIA,Technology,2017,https://www.nvidia.com/en-us/about-nvidia/,20161129032458.0,http://web.archive.org/web/20161129032458/https://www2.nvidia.com/en-us/about-nvidia/,20170701,found,,200.0,"Brand Config Page Only to be Used to Config Brand related (Shield , Geforce ETC) Items like Brand-Navigation , Brand-Footer ETC.",128,success
NVDA,NVIDIA,Technology,2018,https://www.nvidia.com/en-us/about-nvidia/,20180809002337.0,http://web.archive.org/web/20180809002337/https://www.nvidia.com/en-us/about-nvidia/,20180701,found,,200.0,"About NVIDIA Corporation | NVIDIA NVIDIA'S Invention of the GPU In 1999 sparked the growth of the PC gaming market, redefined modern computer graphics, and revolutionized parallel computing. More recently, GPU deep learning ignited modern AI — the next era of computing — with the GPU acting as the brain of computers, robots, and self-driving cars that can perceive and understand the world. WHO WE ARE Download NVIDIA Brochure (PDF) HISTORY EXECUTIVE BIOS CAREERS UNIVERSITY RELATIONS LOCATIONS AWARDS NVIDIA RESEARCH Explore the frontiers of parallel, visual, and AI computing. Learn More NVIDIA PARTNER NETWORK (NPN) Leverage NVIDIA's world-class brands and technology platforms. Learn More POLICIES Read the policies that help guide how we conduct business. Learn More READY TO LEARN MORE? Get answers to all your support, sales, and partner questions. CONTACT US Corporate Social Responsibility 2018 Sustainability Report Global Impact Award Social Impact of the GPU NVIDIA Foundation Product Recycling Communities NVIDIA Partner Network NVIDIA Blog Resources Contact Us Privacy Center Company Policies GPU Ventures GTC On-Demand Find Us Online USA - United States Legal Info Contact Us Copyright © 2018 NVIDIA Corporation",1228,success
NVDA,NVIDIA,Technology,2019,https://www.nvidia.com/en-us/about-nvidia/,,,20190701,missing,No closest snapshot found from Wayback Availability API,,,0,missing_snapshot
NVDA,NVIDIA,Technology,2020,https://www.nvidia.com/en-us/about-nvidia/,20200626063746.0,http://web.archive.org/web/20200626063746/https://www.nvidia.com/en-us/about-nvidia/,20200701,found,,200.0,"About NVIDIA Corporation | NVIDIA NVIDIA'S Invention of the GPU In 1999 sparked the growth of the PC gaming market, redefined modern computer graphics, and revolutionized parallel computing. More recently, GPU deep learning ignited modern AI — the next era of computing — with the GPU acting as the brain of computers, robots, and self-driving cars that can perceive and understand the world. WHO WE ARE Download NVIDIA Brochure (PDF) HISTORY EXECUTIVE BIOS CAREERS UNIVERSITY RECRUITING LOCATIONS AWARDS NVIDIA RESEARCH Explore the frontiers of parallel, visual, and AI computing. Learn More NVIDIA PARTNER NETWORK (NPN) Leverage NVIDIA's world-class brands and technology platforms. Learn More POLICIES Read the policies that help guide how we conduct business. Learn More READY TO LEARN MORE? Get answers to all your support, sales, and partner questions. CONTACT US Corporate Social Responsibility Current Report Social Impact of the GPU NVIDIA Foundation Product Recycling Report Archive Communities NVIDIA Partner Network GeForce Forums Developer Forums CUDA Zone Resources Contact Us Privacy Center Company Policies GPU Ventures GTC On-Demand NVIDIA Blog Find Us Online USA - United States Legal Info Contact Us Copyright © 2020 NVIDIA Corporation NVIDIA websites use cookies to deliver and improve the website experience. See our cookie policy for further details on how we use cookies and how to change your cookie settings.",1433,success
NVDA,NVIDIA,Technology,2021,https://www.nvidia.com/en-us/about-nvidia/,,,20210701,missing,No closest snapshot found from Wayback Availability API,,,0,missing_snapshot
NVDA,NVIDIA,Technology,2022,https://www.nvidia.com/en-us/about-nvidia/,20220627150725.0,http://web.archive.org/web/20220627150725/https://www.nvidia.com/en-us/about-nvidia/,20220701,found,,200.0,"About Us: Company Leadership, History, Jobs, News | NVIDIA Taking on the world's greatest challenges Taking on the world's greatest challenges Read our Story See our body of work Read our story See our body of work NVIDIA pioneered accelerated computing to tackle challenges no one else can solve. We engineer technology for the da Vincis and Einsteins of our time. Our work in AI is transforming 100 trillion dollars of industries—from gaming to healthcare to transportation—and profoundly impacting society. Watch Our Story Unfold NVIDIA Leaders Company History Open Positions NVIDIA in the News Corporate Social Responsibility Investors 30 Years of Fun and Games. And Some Serious Innovation. READY TO LEARN MORE? Get answers to all your support, sales, and partner questions. CONTACT US Corporate Information About NVIDIA Corporate Overview Technologies NVIDIA Research Investors Social Responsibility NVIDIA Foundation Get Involved Forums Careers Developer Home Join the Developer Program NVIDIA Partner Network NVIDIA Inception Resources for Venture Capitalists Technical Training Training for IT Professionals Professional Services for Data Science News & Events Newsroom NVIDIA Blog Webinars Stay Informed Events Calendar GTC On-Demand Find Us Online USA - United States Manage My Privacy Legal Accessibility Product Security Contact Copyright © 2022 NVIDIA Corporation NVIDIA websites use cookies to deliver and improve the website experience. See our cookie policy for further details on how we use cookies and how to change your cookie settings.",1556,success
NVDA,NVIDIA,Technology,2023,https://www.nvidia.com/en-us/about-nvidia/,20230627231136.0,http://web.archive.org/web/20230627231136/https://www.nvidia.com/en-us/about-nvidia/,20230701,found,,200.0,"About Us: Company Leadership, History, Jobs, News | NVIDIA Nvidia - NVIDIA Corp Brochure Our Body of Work NVIDIA pioneered accelerated computing to tackle challenges no one else can solve. Our work in AI and the metaverse is transforming the world's largest industries and profoundly impacting society. Explore Reinventing Modern Graphics NVIDIA RTX™ taps into AI and ray tracing to deliver a whole new level of realism in graphics. Powering the Metaverse The metaverse—the 3D internet—promises a world where virtual collaboration is effortless and industrial giants can experience the efficiencies of digital twins. NVIDIA Omniverse™ is a tool to build and operate metaverse applications. Virtual collaboration BMW Amazon Robotics PepsiCo/Kinetic Vision Ericsson Siemens AI Avatars We’re even creating a digital twin of our planet—called Earth-2—to help predict climate change decades in advance. Turbocharging Science From astrophysics and genomics to climate science and new energy exploration, researchers across disciplines are using NVIDIA technology to solve the next grand challenge. Your browser does not support the video tag. Stanford sets world record for DNA sequencing of human genome. Your browser does not support the video tag. Physicists proved Einstein’s theory and won the Nobel prize. The Engine of AI We engineer the most advanced chips, systems, and software for the AI factories of the future. The Engine of AI We engineer the most advanced chips, systems, and software for the AI factories of the future. Democratizing the Miracles of AI We’re delivering AI breakthroughs in a variety of applications to the world’s largest enterprises. Today, more than 35,000 companies are building on the NVIDIA AI platform. Large Language Models Recommender Systems Cybersecurity Logistics Optimization Planning Medical Imaging Speech AI Video Conferencing Customer Service Video Analytics Everything That Moves Will Be an Autonomous Machine NVIDIA-powered robots are everywhere, from manufacturing and agriculture to security and home-based healthcare. NVIDIA Isaac is our platform for accelerating and enhancing robotics. Robotic Systems Lab, ETH Zurich & Swiss-Mile; Festo; Obelix Driving the Future of Autonomous Vehicles The NVIDIA DRIVE® platform covers everything from the car to the data center—including life like simulated environments where vehicles can learn, adapt, and evolve. Automakers from Mercedes Benz and Jaguar Land Rover, to Lucid Air and NIO, to Amazon’s Zoox and GM’s Cruise, tap into the power of DRIVE. Your browser does not support the video tag. Like No Place You’ve Ever Worked NVIDIA is a learning machine. The mission is boss. Everyone has a voice. And we’ve built a culture where people can do their life's work. “Nothing makes me prouder than the incredible people who have made NVIDIA the company it is today. Together, we continue to drive advances in AI, HPC, gaming, creative design, autonomous vehicles, and robotics.” Jensen Huang Read Our Story “Nothing makes me prouder than the incredible people who have made NVIDIA the company it is today. Together, we continue to drive advances in AI, HPC, gaming, creative design, autonomous vehicles, and robotics.” Jensen Huang Read Our Story Our History A timeline of innovation Full Timeline 30 Years of Fun and Games. And Some Serious Innovation. Keep Updated on Our Most Impactful Breakthroughs Sign Up close",3406,success
NVDA,NVIDIA,Technology,2024,https://www.nvidia.com/en-us/about-nvidia/,20240701211926.0,http://web.archive.org/web/20240701211926/https://www.nvidia.com/en-us/about-nvidia/,20240701,found,,200.0,"About Us: Company Leadership, History, Jobs, News | NVIDIA Nvidia - NVIDIA Corp Brochure Our Body of Work NVIDIA pioneered accelerated computing to tackle challenges no one else can solve. Our work in AI and digital twins is transforming the world's largest industries and profoundly impacting society. Explore The iPhone Moment for AI Accelerated computing and AI have fully arrived. The acceleration of deep learning ignited the Big Bang of AI. Now, generative AI is a new computing platform, like the PC, internet, and mobile-cloud. Credit: Runway AI, Adobe, Tabnine, WPP NVIDIA is the Engine of AI NVIDIA engineers the most advanced chips, systems, and software for the AI factories of the future. We build new AI services that help companies create their own AI factories. Reinventing Modern Graphics NVIDIA RTX™ taps into AI and ray tracing to deliver a whole new level of realism in graphics. This year, we introduced the next breakthrough in AI-powered graphics: DLSS 3. Connecting Our Physical and Digital Worlds Omniverse, our platform for industrial digitalization, enables industries grounded in physical processes to become software-defined and connect large, highly skilled teams. Driving Automotive Growth Generative AI and digitalization are reshaping the $3 trillion automotive industry, from design and engineering to manufacturing, autonomous driving, and customer experience. NVIDIA is at the epicenter of this industrial transformation. Credit: WPP, McLaren; Koenigsegg; BMW; Rimac Supercharging Healthcare With NVIDIA, healthcare institutions can harness the power of AI and high-performance computing to define the future of medicine. Accelerated Computing Is Sustainable Computing Data centers are already about 1-2% of global electricity consumption and growing. This is not sustainable for operating budgets and our planet. Acceleration is the best way to reclaim power and achieve sustainability and net zero. Like No Place You’ve Ever Worked “NVIDIA is reshaping the future of computing. We’ve built a culture where people can do their life's work. We are a learning machine. The mission is boss. Everyone has a voice.” — Jensen Huang See Careers History A timeline of innovation Investors Quarterly and historical results, resources Newsroom The latest NVIDIA news Careers Join our team close",2321,success
GOOGL,Alphabet,Technology,2016, https://about.google/company-info/,,,20160701,missing,No closest snapshot found from Wayback Availability API,,,0,missing_snapshot
GOOGL,Alphabet,Technology,2017, https://about.google/company-info/,,,20170701,missing,No closest snapshot found from Wayback Availability API,,,0,missing_snapshot
GOOGL,Alphabet,Technology,2018, https://about.google/company-info/,,,20180701,missing,No closest snapshot found from Wayback Availability API,,,0,missing_snapshot
GOOGL,Alphabet,Technology,2019, https://about.google/company-info/,,,20190701,missing,No closest snapshot found from Wayback Availability API,,,0,missing_snapshot
GOOGL,Alphabet,Technology,2020, https://about.google/company-info/,,,20200701,missing,No closest snapshot found from Wayback Availability API,,,0,missing_snapshot
GOOGL,Alphabet,Technology,2021, https://about.google/company-info/,,,20210701,missing,No closest snapshot found from Wayback Availability API,,,0,missing_snapshot
GOOGL,Alphabet,Technology,2022, https://about.google/company-info/,,,20220701,missing,No closest snapshot found from Wayback Availability API,,,0,missing_snapshot
GOOGL,Alphabet,Technology,2023, https://about.google/company-info/,,,20230701,missing,No closest snapshot found from Wayback Availability API,,,0,missing_snapshot
GOOGL,Alphabet,Technology,2024, https://about.google/company-info/,,,20240701,missing,No closest snapshot found from Wayback Availability API,,,0,missing_snapshot
META,Meta Platforms,Technology,2016,https://www.meta.com/about/company-info/?srsltid=AfmBOoqiAEpPdIKFLwX3h9JYC2ExS5EL5pxouj8K8NLL6h7rmTbqfUKR,,,20160701,missing,No closest snapshot found from Wayback Availability API,,,0,missing_snapshot
META,Meta Platforms,Technology,2017,https://www.meta.com/about/company-info/?srsltid=AfmBOoqiAEpPdIKFLwX3h9JYC2ExS5EL5pxouj8K8NLL6h7rmTbqfUKR,,,20170701,missing,No closest snapshot found from Wayback Availability API,,,0,missing_snapshot
META,Meta Platforms,Technology,2018,https://www.meta.com/about/company-info/?srsltid=AfmBOoqiAEpPdIKFLwX3h9JYC2ExS5EL5pxouj8K8NLL6h7rmTbqfUKR,,,20180701,missing,No closest snapshot found from Wayback Availability API,,,0,missing_snapshot
META,Meta Platforms,Technology,2019,https://www.meta.com/about/company-info/?srsltid=AfmBOoqiAEpPdIKFLwX3h9JYC2ExS5EL5pxouj8K8NLL6h7rmTbqfUKR,,,20190701,missing,No closest snapshot found from Wayback Availability API,,,0,missing_snapshot
META,Meta Platforms,Technology,2020,https://www.meta.com/about/company-info/?srsltid=AfmBOoqiAEpPdIKFLwX3h9JYC2ExS5EL5pxouj8K8NLL6h7rmTbqfUKR,,,20200701,missing,No closest snapshot found from Wayback Availability API,,,0,missing_snapshot
META,Meta Platforms,Technology,2021,https://www.meta.com/about/company-info/?srsltid=AfmBOoqiAEpPdIKFLwX3h9JYC2ExS5EL5pxouj8K8NLL6h7rmTbqfUKR,,,20210701,missing,No closest snapshot found from Wayback Availability API,,,0,missing_snapshot
META,Meta Platforms,Technology,2022,https://www.meta.com/about/company-info/?srsltid=AfmBOoqiAEpPdIKFLwX3h9JYC2ExS5EL5pxouj8K8NLL6h7rmTbqfUKR,,,20220701,missing,No closest snapshot found from Wayback Availability API,,,0,missing_snapshot
META,Meta Platforms,Technology,2023,https://www.meta.com/about/company-info/?srsltid=AfmBOoqiAEpPdIKFLwX3h9JYC2ExS5EL5pxouj8K8NLL6h7rmTbqfUKR,,,20230701,missing,No closest snapshot found from Wayback Availability API,,,0,missing_snapshot
META,Meta Platforms,Technology,2024,https://www.meta.com/about/company-info/?srsltid=AfmBOoqiAEpPdIKFLwX3h9JYC2ExS5EL5pxouj8K8NLL6h7rmTbqfUKR,,,20240701,missing,No closest snapshot found from Wayback Availability API,,,0,missing_snapshot
AVGO,Broadcom,Technology,2016,https://www.broadcom.com/company/about-us,,,20160701,missing,No closest snapshot found from Wayback Availability API,,,0,missing_snapshot
AVGO,Broadcom,Technology,2017,https://www.broadcom.com/company/about-us,20170712084805.0,http://web.archive.org/web/20170712084805/https://www.broadcom.com/company/about-us/,20170701,found,,200.0,"About Us Company About Us Print Share Page About Us In this section Company About Us (Current Page) Company History Executives Industry Standards Company About Us Company History Executives Industry Standards Broadcom Limited is a diversified global semiconductor leader built on 50 years of innovation, collaboration and engineering excellence. Broadcom’s extensive product portfolio serves multiple applications within four primary end markets: wired infrastructure, wireless communications, enterprise storage and industrial & others. Applications for our products in these end markets include: data center networking, home connectivity, broadband access, telecommunications equipment, smartphones and base stations, data center servers and storage, factory automation, power generation and alternative energy systems, and displays. Broadcom Limited combines global scale, engineering depth, broad product portfolio diversity and superior execution and operational focus to deliver category-leading connectivity products so its customers can build and grow successful businesses today and in the future. × Download Agreement Thank you for downloading Document has been expired / UnAuthorized access",1201,success
AVGO,Broadcom,Technology,2018,https://www.broadcom.com/company/about-us,,,20180701,missing,No closest snapshot found from Wayback Availability API,,,0,missing_snapshot
AVGO,Broadcom,Technology,2019,https://www.broadcom.com/company/about-us,,,20190701,missing,No closest snapshot found from Wayback Availability API,,,0,missing_snapshot
AVGO,Broadcom,Technology,2020,https://www.broadcom.com/company/about-us,20200702201159.0,http://web.archive.org/web/20200702201159/https://www.broadcom.com/company/about-us,20200701,found,,200.0,About Us,8,failed_or_too_short
AVGO,Broadcom,Technology,2021,https://www.broadcom.com/company/about-us,20210616142604.0,http://web.archive.org/web/20210616142604/https://www.broadcom.com/company/about-us,20210701,found,,200.0,About Us,8,failed_or_too_short
AVGO,Broadcom,Technology,2022,https://www.broadcom.com/company/about-us,,,20220701,missing,No closest snapshot found from Wayback Availability API,,,0,missing_snapshot
AVGO,Broadcom,Technology,2023,https://www.broadcom.com/company/about-us,,,20230701,missing,No closest snapshot found from Wayback Availability API,,,0,missing_snapshot
AVGO,Broadcom,Technology,2024,https://www.broadcom.com/company/about-us,20240702010308.0,http://web.archive.org/web/20240702010308/https://www.broadcom.com/company/about-us,20240701,found,,200.0,About Us,8,failed_or_too_short
CRM,Salesforce,Technology,2016,https://www.salesforce.com/company/our-values/,20251118175255.0,http://web.archive.org/web/20251118175255/https://www.salesforce.com/company/our-values/,20160701,found,,200.0,Our values guide every decision | Salesforce Skip to content Start building trust Read success stories See latest innovations Follow our journey Go net zero now,160,success
CRM,Salesforce,Technology,2017,https://www.salesforce.com/company/our-values/,,,20170701,missing,No closest snapshot found from Wayback Availability API,,,0,missing_snapshot
CRM,Salesforce,Technology,2018,https://www.salesforce.com/company/our-values/,,,20180701,missing,No closest snapshot found from Wayback Availability API,,,0,missing_snapshot
CRM,Salesforce,Technology,2019,https://www.salesforce.com/company/our-values/,20251118175255.0,http://web.archive.org/web/20251118175255/https://www.salesforce.com/company/our-values/,20190701,found,,200.0,Our values guide every decision | Salesforce Skip to content Start building trust Read success stories See latest innovations Follow our journey Go net zero now,160,success
CRM,Salesforce,Technology,2020,https://www.salesforce.com/company/our-values/,20251118175255.0,http://web.archive.org/web/20251118175255/https://www.salesforce.com/company/our-values/,20200701,found,,200.0,Our values guide every decision | Salesforce Skip to content Start building trust Read success stories See latest innovations Follow our journey Go net zero now,160,success
CRM,Salesforce,Technology,2021,https://www.salesforce.com/company/our-values/,,,20210701,missing,No closest snapshot found from Wayback Availability API,,,0,missing_snapshot
CRM,Salesforce,Technology,2022,https://www.salesforce.com/company/our-values/,,,20220701,missing,No closest snapshot found from Wayback Availability API,,,0,missing_snapshot
CRM,Salesforce,Technology,2023,https://www.salesforce.com/company/our-values/,,,20230701,missing,No closest snapshot found from Wayback Availability API,,,0,missing_snapshot
CRM,Salesforce,Technology,2024,https://www.salesforce.com/company/our-values/,,,20240701,missing,No closest snapshot found from Wayback Availability API,,,0,missing_snapshot
ORCL,Oracle,Technology,2016,https://www.oracle.com/careers/life-at-oracle/,,,20160701,missing,No closest snapshot found from Wayback Availability API,,,0,missing_snapshot
ORCL,Oracle,Technology,2017,https://www.oracle.com/careers/life-at-oracle/,,,20170701,missing,No closest snapshot found from Wayback Availability API,,,0,missing_snapshot
ORCL,Oracle,Technology,2018,https://www.oracle.com/careers/life-at-oracle/,,,20180701,missing,No closest snapshot found from Wayback Availability API,,,0,missing_snapshot
ORCL,Oracle,Technology,2019,https://www.oracle.com/careers/life-at-oracle/,,,20190701,missing,No closest snapshot found from Wayback Availability API,,,0,missing_snapshot
ORCL,Oracle,Technology,2020,https://www.oracle.com/careers/life-at-oracle/,,,20200701,missing,No closest snapshot found from Wayback Availability API,,,0,missing_snapshot
ORCL,Oracle,Technology,2021,https://www.oracle.com/careers/life-at-oracle/,20251012160108.0,http://web.archive.org/web/20251012160108/https://www.oracle.com/careers/life-at-oracle/,20210701,found,,200.0,"Who We are - Life at Oracle | Careers | Oracle Skip to content Accessibility Policy Search Country View Accounts Back Cloud Account Sign in to Cloud Sign Up for Free Cloud Tier Oracle Account Sign-In Create an Account Help Sign Out Contact Sales Menu Take your place at the cutting-edge of innovation with people who value what’s unique about you. Stuart Levey, Executive Vice President and Chief Legal Officer Stuart brought with him three decades of leadership experience and a keen legal mind to Oracle. What he found was a company with an amazing sense of optimism. Read Stuart’s story leadership experience and a keen legal mind to Oracle Jenny Lam, Senior Vice President of UX Design Jenny is transforming her part of the tech industry with design thinking. More than designing a user experience, Jenny and her team craft relationships that answer our customers’ needs now and in the future. Read Jenny’s story transforming her part of the tech industry with design thinking Landry Kezebou, Senior Member of Technical Staff Landry’s passion for machine learning has taken him on a journey from intern to full-time tech professional. Now, he’s helping others reach their full potential at Oracle Read Landry's story How one former intern grew from mentee to mentor Innovation Innovate and grow We innovate tirelessly and so will you. Evolve our products and your career by developing your potential to its fullest. Learn more about Veterans and the work they do Social impact Transform the world Make the world a better place. Help us change lives by advancing education, protecting the planet, and giving back to our communities. Learn more about Corporate Citizenship People with disabilities Succeed without barriers We’re committed to creating a workplace where all kinds of people can succeed without barriers. We know that to tackle the world’s most important problems, our workforce needs to be inclusive of everyone who relies on our technology. Learn more about People with disabilities Military and veterans Find your next calling This is a place where your military experience and talent will thrive. We value the skills veterans and military spouses bring to our workforce and will empower you to use them to transform the world for the better. Learn more about Veterans Apply today Explore open roles and find the future of your career. Search jobs at Oracle Oracle Talent Network Get career insights and job opportunities. Join our network at Oracle Connect Facebook Twitter Instagram Linkedin Youtube",2520,success
ORCL,Oracle,Technology,2022,https://www.oracle.com/careers/life-at-oracle/,,,20220701,missing,No closest snapshot found from Wayback Availability API,,,0,missing_snapshot
ORCL,Oracle,Technology,2023,https://www.oracle.com/careers/life-at-oracle/,,,20230701,missing,No closest snapshot found from Wayback Availability API,,,0,missing_snapshot
ORCL,Oracle,Technology,2024,https://www.oracle.com/careers/life-at-oracle/,20251012160108.0,http://web.archive.org/web/20251012160108/https://www.oracle.com/careers/life-at-oracle/,20240701,found,,200.0,"Who We are - Life at Oracle | Careers | Oracle Skip to content Accessibility Policy Search Country View Accounts Back Cloud Account Sign in to Cloud Sign Up for Free Cloud Tier Oracle Account Sign-In Create an Account Help Sign Out Contact Sales Menu Take your place at the cutting-edge of innovation with people who value what’s unique about you. Stuart Levey, Executive Vice President and Chief Legal Officer Stuart brought with him three decades of leadership experience and a keen legal mind to Oracle. What he found was a company with an amazing sense of optimism. Read Stuart’s story leadership experience and a keen legal mind to Oracle Jenny Lam, Senior Vice President of UX Design Jenny is transforming her part of the tech industry with design thinking. More than designing a user experience, Jenny and her team craft relationships that answer our customers’ needs now and in the future. Read Jenny’s story transforming her part of the tech industry with design thinking Landry Kezebou, Senior Member of Technical Staff Landry’s passion for machine learning has taken him on a journey from intern to full-time tech professional. Now, he’s helping others reach their full potential at Oracle Read Landry's story How one former intern grew from mentee to mentor Innovation Innovate and grow We innovate tirelessly and so will you. Evolve our products and your career by developing your potential to its fullest. Learn more about Veterans and the work they do Social impact Transform the world Make the world a better place. Help us change lives by advancing education, protecting the planet, and giving back to our communities. Learn more about Corporate Citizenship People with disabilities Succeed without barriers We’re committed to creating a workplace where all kinds of people can succeed without barriers. We know that to tackle the world’s most important problems, our workforce needs to be inclusive of everyone who relies on our technology. Learn more about People with disabilities Military and veterans Find your next calling This is a place where your military experience and talent will thrive. We value the skills veterans and military spouses bring to our workforce and will empower you to use them to transform the world for the better. Learn more about Veterans Apply today Explore open roles and find the future of your career. Search jobs at Oracle Oracle Talent Network Get career insights and job opportunities. Join our network at Oracle Connect Facebook Twitter Instagram Linkedin Youtube",2520,success
IBM,IBM,Technology,2016,https://www.comparably.com/companies/ibm/mission,,,20160701,missing,No closest snapshot found from Wayback Availability API,,,0,missing_snapshot
IBM,IBM,Technology,2017,https://www.comparably.com/companies/ibm/mission,,,20170701,missing,No closest snapshot found from Wayback Availability API,,,0,missing_snapshot
IBM,IBM,Technology,2018,https://www.comparably.com/companies/ibm/mission,,,20180701,missing,No closest snapshot found from Wayback Availability API,,,0,missing_snapshot
IBM,IBM,Technology,2019,https://www.comparably.com/companies/ibm/mission,,,20190701,missing,No closest snapshot found from Wayback Availability API,,,0,missing_snapshot
IBM,IBM,Technology,2020,https://www.comparably.com/companies/ibm/mission,,,20200701,missing,No closest snapshot found from Wayback Availability API,,,0,missing_snapshot
IBM,IBM,Technology,2021,https://www.comparably.com/companies/ibm/mission,,,20210701,missing,No closest snapshot found from Wayback Availability API,,,0,missing_snapshot
IBM,IBM,Technology,2022,https://www.comparably.com/companies/ibm/mission,,,20220701,missing,No closest snapshot found from Wayback Availability API,,,0,missing_snapshot
IBM,IBM,Technology,2023,https://www.comparably.com/companies/ibm/mission,,,20230701,missing,No closest snapshot found from Wayback Availability API,,,0,missing_snapshot
IBM,IBM,Technology,2024,https://www.comparably.com/companies/ibm/mission,,,20240701,missing,No closest snapshot found from Wayback Availability API,,,0,missing_snapshot
INTC,Intel,Technology,2016,https://www.intel.com/content/www/us/en/support/articles/000015119/programs.html,20210619223829.0,http://web.archive.org/web/20210619223829/https://www.intel.com/content/www/us/en/support/articles/000015119/programs.html,20160701,found,,200.0,"What Are Intel's Purpose, Mission, Vision and Values? <![endif]--> The browser version you are using is not recommended for this site. Please consider upgrading to the latest version of your browser by clicking one of the following links. Safari Chrome Edge Firefox Support Support Home x Close Window Documentation Content Type Product Information & Documentation Article ID 000015119 Last Reviewed 04/30/2020 Our Purpose - Why We Exist To create world-changing technology that enriches the lives of every person on earth. Our Mission - What We Do We engineer solutions for our customers’ greatest challenges with reliable, cloud to edge computing, inspired by Moore’s Law. Our Vision - Where We Are Going We are on a journey to be the trusted performance leader that unleashes the potential of data. Our Values - Who We Are Customer obsessed One Intel Fearless Truth Transparency Inclusion Quality Related topics Frequently Asked Questions about Intel Company Information Company Overview Moore's Law and Intel Innovation Access & Entitlement for My Intel Users Access & Entitlement for Salesforce Users Business Client Technical Ambassador Program CMF Maintenance Data Center Technical Ambassador Program Intel Privacy Notice Intel Subscriptions and Preferences Intel® AI Builders Intel® Cloud Insider Program Intel® Corporation Intel® Retail Edge Program Intel® Software Starter Pack Intel® Technology Provider Program Resource and Design Center e-Commerce Stores Show all Show less Need more help? Contact support Give Feedback Thank you",1542,success
INTC,Intel,Technology,2017,https://www.intel.com/content/www/us/en/support/articles/000015119/programs.html,,,20170701,missing,No closest snapshot found from Wayback Availability API,,,0,missing_snapshot
INTC,Intel,Technology,2018,https://www.intel.com/content/www/us/en/support/articles/000015119/programs.html,,,20180701,missing,No closest snapshot found from Wayback Availability API,,,0,missing_snapshot
INTC,Intel,Technology,2019,https://www.intel.com/content/www/us/en/support/articles/000015119/programs.html,20210619223829.0,http://web.archive.org/web/20210619223829/https://www.intel.com/content/www/us/en/support/articles/000015119/programs.html,20190701,found,,200.0,"What Are Intel's Purpose, Mission, Vision and Values? <![endif]--> The browser version you are using is not recommended for this site. Please consider upgrading to the latest version of your browser by clicking one of the following links. Safari Chrome Edge Firefox Support Support Home x Close Window Documentation Content Type Product Information & Documentation Article ID 000015119 Last Reviewed 04/30/2020 Our Purpose - Why We Exist To create world-changing technology that enriches the lives of every person on earth. Our Mission - What We Do We engineer solutions for our customers’ greatest challenges with reliable, cloud to edge computing, inspired by Moore’s Law. Our Vision - Where We Are Going We are on a journey to be the trusted performance leader that unleashes the potential of data. Our Values - Who We Are Customer obsessed One Intel Fearless Truth Transparency Inclusion Quality Related topics Frequently Asked Questions about Intel Company Information Company Overview Moore's Law and Intel Innovation Access & Entitlement for My Intel Users Access & Entitlement for Salesforce Users Business Client Technical Ambassador Program CMF Maintenance Data Center Technical Ambassador Program Intel Privacy Notice Intel Subscriptions and Preferences Intel® AI Builders Intel® Cloud Insider Program Intel® Corporation Intel® Retail Edge Program Intel® Software Starter Pack Intel® Technology Provider Program Resource and Design Center e-Commerce Stores Show all Show less Need more help? Contact support Give Feedback Thank you",1542,success
INTC,Intel,Technology,2020,https://www.intel.com/content/www/us/en/support/articles/000015119/programs.html,,,20200701,missing,No closest snapshot found from Wayback Availability API,,,0,missing_snapshot
INTC,Intel,Technology,2021,https://www.intel.com/content/www/us/en/support/articles/000015119/programs.html,,,20210701,missing,No closest snapshot found from Wayback Availability API,,,0,missing_snapshot
INTC,Intel,Technology,2022,https://www.intel.com/content/www/us/en/support/articles/000015119/programs.html,,,20220701,missing,No closest snapshot found from Wayback Availability API,,,0,missing_snapshot
INTC,Intel,Technology,2023,https://www.intel.com/content/www/us/en/support/articles/000015119/programs.html,,,20230701,missing,No closest snapshot found from Wayback Availability API,,,0,missing_snapshot
INTC,Intel,Technology,2024,https://www.intel.com/content/www/us/en/support/articles/000015119/programs.html,20240522154713.0,http://web.archive.org/web/20240522154713/https://www.intel.com/content/www/us/en/support/articles/000015119/programs.html,20240701,found,,200.0,"General Information about Intel Corporation: What Are Intel's... <![endif]--> Skip To Main Content The browser version you are using is not recommended for this site. Please consider upgrading to the latest version of your browser by clicking one of the following links. Safari Chrome Edge Firefox Support x Close Window Documentation Content Type Product Information & Documentation Article ID 000015119 Last Reviewed 01/25/2022 See how Intel shapes the future of technology in our company overview page which includes more information on: Our Purpose : We create world-changing technology that improves the life of every person on the planet. In Driving Innovation : We believe that data is dramatically shaping the future of all humankind. On Delivering on Commitment s: Our customers’ success is our obsession. We promise to deliver the technology leadership and reliable, top-quality products they need and expect. Our Values : Customer First, Fearless Innovation, Results Driven, One Intel, Inclusion, Quality and Integrity — guide how we make decisions, treat each other, serve our customers to achieve their goals, and shape technology as a force for good. We are united by our purpose and driven by our values to achieve our ambitions and help our customers succeed. Global Impact : We are applying our reach, scale, and resources to deliver on bold goals. And we’re not doing it alone: We work with our customers and galvanize the industry for even greater impact. Our Brand : We believe in doing something wonderful. And to us, wonderful is making technology that can enrich the lives of every person on earth. That’s at the heart of our new brand message and identity. Because all you need is an idea and Intel Inside to go off and do something wonderful. Related topics Where to find news events and press resources for Intel® Corporation? Moore's Law and Intel Innovation Need more help? Contact support Get Help",1926,success
BRK.B,Berkshire Hathaway,Financials,2016,https://berkshire.com/about-us/corporate-profile/mission-values/?srsltid=AfmBOoqz0qV0XMQ6dLKO4tiAp28CUphKkmRGHHTHzRxf5eYxbvA_53t0,,,20160701,missing,No closest snapshot found from Wayback Availability API,,,0,missing_snapshot
BRK.B,Berkshire Hathaway,Financials,2017,https://berkshire.com/about-us/corporate-profile/mission-values/?srsltid=AfmBOoqz0qV0XMQ6dLKO4tiAp28CUphKkmRGHHTHzRxf5eYxbvA_53t0,,,20170701,missing,No closest snapshot found from Wayback Availability API,,,0,missing_snapshot
BRK.B,Berkshire Hathaway,Financials,2018,https://berkshire.com/about-us/corporate-profile/mission-values/?srsltid=AfmBOoqz0qV0XMQ6dLKO4tiAp28CUphKkmRGHHTHzRxf5eYxbvA_53t0,,,20180701,missing,No closest snapshot found from Wayback Availability API,,,0,missing_snapshot
BRK.B,Berkshire Hathaway,Financials,2019,https://berkshire.com/about-us/corporate-profile/mission-values/?srsltid=AfmBOoqz0qV0XMQ6dLKO4tiAp28CUphKkmRGHHTHzRxf5eYxbvA_53t0,,,20190701,missing,No closest snapshot found from Wayback Availability API,,,0,missing_snapshot
BRK.B,Berkshire Hathaway,Financials,2020,https://berkshire.com/about-us/corporate-profile/mission-values/?srsltid=AfmBOoqz0qV0XMQ6dLKO4tiAp28CUphKkmRGHHTHzRxf5eYxbvA_53t0,,,20200701,missing,No closest snapshot found from Wayback Availability API,,,0,missing_snapshot
BRK.B,Berkshire Hathaway,Financials,2021,https://berkshire.com/about-us/corporate-profile/mission-values/?srsltid=AfmBOoqz0qV0XMQ6dLKO4tiAp28CUphKkmRGHHTHzRxf5eYxbvA_53t0,,,20210701,missing,No closest snapshot found from Wayback Availability API,,,0,missing_snapshot
BRK.B,Berkshire Hathaway,Financials,2022,https://berkshire.com/about-us/corporate-profile/mission-values/?srsltid=AfmBOoqz0qV0XMQ6dLKO4tiAp28CUphKkmRGHHTHzRxf5eYxbvA_53t0,,,20220701,missing,No closest snapshot found from Wayback Availability API,,,0,missing_snapshot
BRK.B,Berkshire Hathaway,Financials,2023,https://berkshire.com/about-us/corporate-profile/mission-values/?srsltid=AfmBOoqz0qV0XMQ6dLKO4tiAp28CUphKkmRGHHTHzRxf5eYxbvA_53t0,,,20230701,missing,No closest snapshot found from Wayback Availability API,,,0,missing_snapshot
BRK.B,Berkshire Hathaway,Financials,2024,https://berkshire.com/about-us/corporate-profile/mission-values/?srsltid=AfmBOoqz0qV0XMQ6dLKO4tiAp28CUphKkmRGHHTHzRxf5eYxbvA_53t0,,,20240701,missing,No closest snapshot found from Wayback Availability API,,,0,missing_snapshot
JPM,JPMorgan Chase,Financials,2016,https://www.jpmorganchase.com/about,,,20160701,missing,No closest snapshot found from Wayback Availability API,,,0,missing_snapshot
JPM,JPMorgan Chase,Financials,2017,https://www.jpmorganchase.com/about,,,20170701,missing,No closest snapshot found from Wayback Availability API,,,0,missing_snapshot
JPM,JPMorgan Chase,Financials,2018,https://www.jpmorganchase.com/about,,,20180701,missing,No closest snapshot found from Wayback Availability API,,,0,missing_snapshot
JPM,JPMorgan Chase,Financials,2019,https://www.jpmorganchase.com/about,,,20190701,missing,No closest snapshot found from Wayback Availability API,,,0,missing_snapshot
JPM,JPMorgan Chase,Financials,2020,https://www.jpmorganchase.com/about,,,20200701,missing,No closest snapshot found from Wayback Availability API,,,0,missing_snapshot
JPM,JPMorgan Chase,Financials,2021,https://www.jpmorganchase.com/about,20210621230854.0,http://web.archive.org/web/20210621230854/https://www.jpmorganchase.com/about,20210701,found,,200.0,"Who We Are We no longer support this browser. Using a supported browser will provide a better experience. Please update your browser . Close browser message Who We Are In a fast-moving and increasingly complex global economy, our success depends on how faithfully we adhere to our core principles: delivering exceptional client service; acting with integrity and responsibility; and supporting the growth of our employees. Built on Principle JPMorgan Chase (NYSE: JPM) is one of the oldest financial institutions in the United States. With a history dating back over 200 years, here's where we stand today: $2.6T+ client assets under management 100+ global markets 250K+ employees Our Talent, Supporting Our Communities A talent-driven company is by definition a diverse and inclusive one. Though we aim to do better still, we're proud of the workplace we've created. America’s Ideal Employers America’s Ideal Employers Ranked in the top 5 as one of the world’s most attractive employer by business students. Fortune Magazine World's Most Admired Companies World's Most Admired Companies Ranked in the top 5 as one of the world’s most attractive employer by business students. Fortune Magazine Top 100 Military Friendly Employers Top 100 Military Friendly Employers Recognized from 2012 through 2015. G.I. Jobs See more awards & recognition Click here to see awards and recognition page. Do The Right Thing Leadership Do The Right Thing Deal directly with problems. Value everyone equally. Own up to your mistakes and learn from them. Meet our leaders Click here to read more. Business Principles Business Principles Certain principles are fundamental to our success and each of these principles is how we will become the best and most respected bank in the world. Learn More Click here to read about Business Principles. Corporate Governance Corporate Governance We are proud of our long tradition of integrity, honesty and respect. Because that goes a long way in insuring trust and accountability today and into the future. Learn More Click here to read about Corporate Governance. Our Business Our Business JPMorgan Chase & Co. is the name of the holding company and the firm serves its customers and clients under its Chase and JPMorgan brands. Learn More Click here to read about Our Business. Over 100 Years of Thinking Big Over 100 Years of Thinking Big From helping finance the Brooklyn Bridge to pioneering data-driven Philanthropy, JPMorgan Chase has a long history. View our history Click here to read about Our history. Art Collection Art Collection Since its founding in 1959, the JPMorgan Chase Art Collection has become the most established corporate collections in the world. Our mission is to connect clients, colleagues, and communities through art and the conversations it can start. Learn More JPMorgan Chase Art Collection read more link. You are now leaving JPMorgan Chase & Co. JPMorgan Chase & Co.'s website terms, privacy and security policies don't apply to the site or app you're about to visit. Please review its website terms, privacy and security policies to see how they apply to you. JPMorgan Chase & Co. isn't responsible for (and doesn't provide) any products, services or content at this third-party site or app, except for products and services that explicitly carry the JPMorgan Chase & Co. name. Cancel Proceed",3349,success
JPM,JPMorgan Chase,Financials,2022,https://www.jpmorganchase.com/about,,,20220701,missing,No closest snapshot found from Wayback Availability API,,,0,missing_snapshot
JPM,JPMorgan Chase,Financials,2023,https://www.jpmorganchase.com/about,20230701133252.0,http://web.archive.org/web/20230701133252/https://www.jpmorganchase.com/about,20230701,found,,200.0,"Who We Are We no longer support this browser. Using a supported browser will provide a better experience. Please update your browser . Close browser message Who We Are In a fast-moving and increasingly complex global economy, our success depends on how faithfully we adhere to our core principles: delivering exceptional client service; acting with integrity and responsibility; and supporting the growth of our employees. Built on Principle JPMorgan Chase (NYSE: JPM) is one of the oldest financial institutions in the United States. With a history dating back over 200 years, here's where we stand today: $2.6T+ client assets under management 100+ global markets 250K+ employees Our Talent, Supporting Our Communities A talent-driven company is by definition a diverse and inclusive one. Though we aim to do better still, we're proud of the workplace we've created. America’s Ideal Employers America’s Ideal Employers Ranked in the top 5 as one of the world’s most attractive employer by business students. Fortune Magazine World's Most Admired Companies World's Most Admired Companies Ranked in the top 5 as one of the world’s most attractive employer by business students. Fortune Magazine Top 100 Military Friendly Employers Top 100 Military Friendly Employers Recognized from 2012 through 2015. G.I. Jobs See more awards & recognition Click here to see awards and recognition page. Do The Right Thing Leadership Do The Right Thing Deal directly with problems. Value everyone equally. Own up to your mistakes and learn from them. Meet our leaders Click here to read more. Business Principles Business Principles Certain principles are fundamental to our success and each of these principles is how we will become the best and most respected bank in the world. Learn More Click here to read about Business Principles. Corporate Governance Corporate Governance We are proud of our long tradition of integrity, honesty and respect. Because that goes a long way in insuring trust and accountability today and into the future. Learn More Click here to read about Corporate Governance. Our Business Our Business JPMorgan Chase & Co. is the name of the holding company and the firm serves its customers and clients under its Chase and JPMorgan brands. Learn More Click here to read about Our Business. Over 100 Years of Thinking Big Over 100 Years of Thinking Big From helping finance the Brooklyn Bridge to pioneering data-driven Philanthropy, JPMorgan Chase has a long history. View our history Click here to read about Our history. Art Collection Art Collection Since its founding in 1959, the JPMorgan Chase Art Collection has become the most established corporate collections in the world. Our mission is to connect clients, colleagues, and communities through art and the conversations it can start. Learn More JPMorgan Chase Art Collection read more link. You are now leaving JPMorgan Chase & Co. JPMorgan Chase & Co.'s website terms, privacy and security policies don't apply to the site or app you're about to visit. Please review its website terms, privacy and security policies to see how they apply to you. JPMorgan Chase & Co. isn't responsible for (and doesn't provide) any products, services or content at this third-party site or app, except for products and services that explicitly carry the JPMorgan Chase & Co. name. Cancel Proceed",3349,success
JPM,JPMorgan Chase,Financials,2024,https://www.jpmorganchase.com/about,20240703154138.0,http://web.archive.org/web/20240703154138/https://www.jpmorganchase.com/about,20240701,found,,200.0,"About us | JPMorganChase About us About us How we do business Leadership Awards and recognition Governance Suppliers Read more Chairman and CEO Letter to Shareholders Annual Report 2023 Learn more Impact Impact Business growth and entrepreneurship Careers and skills Community development Environmental sustainability Financial health and wealth creation Commitments Diversity, equity and inclusion Latest news An Ohio-Based Company is Protecting First Responders Around the World With support from JPMorganChase, Fire-Dex is providing protective equipment to firefighters in 100 countries and all 50 states. Learn more Communities Institute Institute Explore all topics Latest news The changing demographics of retail investors Learn more Careers Careers Work with us Grow with us How we hire Explore opportunities Students and graduates Apply now Latest news Veteran’s Unconventional Path to Landing her Dream Job in Tech U.S. Army Veteran Ashley Wigfall transitioned to a civilian role and charted her path to technologist through mentorship and skills training at the JPMorgan Chase tech hub in Plano, Texas. Learn more Investor Relations Investor Relations CEO Letters Annual Report Quarterly Earnings Press releases Events and presentations Investor Day Learn more Chairman and CEO Letter to Shareholders Annual Report 2023 Learn more Newsroom About us Leading global financial progress through service and innovation for over 225 years. Serving with purpose Supporting global and local economies by delivering value for our shareholders and investing in the progress of our clients and our employees. Our firm is only as strong as the communities we serve, and we are dedicated to creating opportunities for financial growth worldwide. United under one goal Our J.P. Morgan and Chase brands work to provide the highest quality service to millions of consumers, small businesses and corporate, institutional and government clients in the U.S. and around the world. 225 years of lasting progress Explore our business principles, leadership and history that make us who we are today. Business principles These four principles are fundamental to our success and guide our efforts within the firm and around the world. See how we do business Our leadership Learn more about the people upholding our values and moving our organization forward. Meet our leadership Our history Discover the history of our firm and how we’re building on our past to shape the future. Explore our timeline Art collection Connecting clients and communities with some of the most inspiring pieces of art from around the world. See our collection Suppliers Building strong relationships with diverse suppliers to serve our clients, shareholders, communities and employees more efficiently. Learn more Governance Our Board of Directors and leaders are building on our legacy of integrity with a strong vision for the future. Learn more Business areas Asset & Wealth Management Providing strategic solutions for the full spectrum of asset classes for individuals, advisors and institutions. Commercial Banking Delivering solutions that help organizations reach their financial goals and positively impact their communities. Consumer & Community Banking Helping 80 million individuals, families and businesses grow and thrive through banking, saving, investing and more. Corporate & Investment Banking Working with some of the world’s most important corporations, governments and institutions. Technology Creating cutting-edge solutions for and organizations—powered by our 50,000 technologists. Awards and recognition We’re proud of the industry recognitions that celebrate our work and honor our global talent. View all awards FORTUNE names JPMorganChase the 5th Most Admired Company in the World FORTUNE has placed JPMorganChase in the top five of its “World’s Most Admired Companies” list, ranking #5 in 2024 for the second consecutive year. Learn more JPMorganChase named in LinkedIn’s 2024 Top Companies list LinkedIn recognized JPMorganChase as a top employer for career growth in the U.S., U.K., Ireland, India and France. Robin Leopold, Global Head of Human Resources, discussed career paths at JPMorganChase on LinkedIn News’ Get Hired podcast. Learn more JPMorganChase wins 2024 Handshake Early Talent Award and named Tech Transformer For the third consecutive year, JPMorganChase has won a Handshake Early Talent Award for being one of the best companies for today’s youth. The firm also received a special designation as a Tech Transformer for the second year in a row, for being a great place to launch a career in tech. Learn more Join our team Ready for what's next? We’re proud to support our employees with opportunities to grow and thrive. We’re looking for talented people like you from all across the globe. View career opportunities You are now leaving JPMorganChase JPMorganChase's website terms, privacy and security policies don't apply to the site or app you're about to visit. Please review its website terms, privacy and security policies to see how they apply to you. JPMorganChase isn't responsible for (and doesn't provide) any products, services or content at this third-party site or app, except for products and services that explicitly carry the JPMorganChase name. Cancel Proceed",5290,success
BAC,Bank of America,Financials,2016,https://about.bankofamerica.com/en/our-company,,,20160701,missing,No closest snapshot found from Wayback Availability API,,,0,missing_snapshot
BAC,Bank of America,Financials,2017,https://about.bankofamerica.com/en/our-company,,,20170701,missing,No closest snapshot found from Wayback Availability API,,,0,missing_snapshot
BAC,Bank of America,Financials,2018,https://about.bankofamerica.com/en/our-company,,,20180701,missing,No closest snapshot found from Wayback Availability API,,,0,missing_snapshot
BAC,Bank of America,Financials,2019,https://about.bankofamerica.com/en/our-company,,,20190701,missing,No closest snapshot found from Wayback Availability API,,,0,missing_snapshot
BAC,Bank of America,Financials,2020,https://about.bankofamerica.com/en/our-company,,,20200701,missing,No closest snapshot found from Wayback Availability API,,,0,missing_snapshot
BAC,Bank of America,Financials,2021,https://about.bankofamerica.com/en/our-company,,,20210701,missing,No closest snapshot found from Wayback Availability API,,,0,missing_snapshot
BAC,Bank of America,Financials,2022,https://about.bankofamerica.com/en/our-company,,,20220701,missing,No closest snapshot found from Wayback Availability API,,,0,missing_snapshot
BAC,Bank of America,Financials,2023,https://about.bankofamerica.com/en/our-company,20230608213341.0,http://web.archive.org/web/20230608213341/https://about.bankofamerica.com/en/our-company,20230701,found,,200.0,"About Bank of America: Our strategy, mission & vision Our company “What would you like the power to do?” At Bank of America, we ask this question every day of all those we serve. It is at the core of how we live our values, deliver our purpose and achieve responsible growth. By asking this question, we continue to learn what matters most to our clients, our employees and our shareholders. It helps us start a conversation centered on our commitment to use our capabilities to help those we serve be successful. Because we recognize that we can only be successful when the individuals, companies, communities and employees we serve are able to reach their vision of success. Responsible growth We are delivering on our purpose to help make financial lives better through our focus on responsible growth. Our commitment to responsible growth is resolute, and has four tenets: We have to grow — no excuses. We have to be client focused. We have to grow within our risk framework. And, our growth must be sustainable, which has three elements: driving operational excellence, being a great place to work for our teammates and sharing our success with our communities. By driving responsible growth, we deliver returns to our clients and shareholders and help address society’s biggest challenges. Our focus Business practices Part of driving responsible growth is maintaining strong guidelines for business practices and professional and personal conduct that all employees, and anyone who acts on our behalf, are expected to adopt and uphold. This translates into the actions we take as we engage with customers, clients, shareholders, suppliers and each other. See our practices What we offer Bank of America is one of the world’s leading financial institutions, serving individuals, small- and middle-market businesses, large corporations, and governments with a full range of banking, investment management and other financial and risk management products and services. Our products and services Leadership Our management team leads our company’s work to drive responsible growth and deliver for our clients, communities and shareholders. It is comprised of leaders for each area of our organization, the heads of our eight lines of business, and key leadership roles for our international and institutional client base. Meet our leadership team History The oldest parts of our company extend back 240 years. Since that time, we’ve come together from many sources to become what we are today: A company united in our purpose to help make financial lives better through the power of every connection. Our story is all about the impact clients and communities can have and the progress they can make. And we are here to serve them, and to help them do it. This starts with a single idea for our company, across all of our businesses based on a simple question that has been core to our legacy of capabilities and service for 240 years: “What would you like the power to do?” Close interstitial modal Top",3004,success
BAC,Bank of America,Financials,2024,https://about.bankofamerica.com/en/our-company,20240705132028.0,http://web.archive.org/web/20240705132028/https://about.bankofamerica.com/en/our-company,20240701,found,,200.0,"About Bank of America: Our strategy, mission & vision Our company “What would you like the power to do?” At Bank of America, we ask this question every day of all those we serve. It is at the core of how we live our values, deliver our purpose and achieve responsible growth. By asking this question, we continue to learn what matters most to our clients, our employees and our shareholders. It helps us start a conversation centered on our commitment to use our capabilities to help those we serve be successful. Because we recognize that we can only be successful when the individuals, companies, communities and employees we serve are able to reach their vision of success. Responsible growth We are delivering on our purpose to help make financial lives better through our focus on responsible growth. Our commitment to responsible growth is resolute, and has four tenets: We have to grow — no excuses. We have to be client focused. We have to grow within our risk framework. And, our growth must be sustainable, which has three elements: driving operational excellence, being a great place to work for our teammates and sharing our success with our communities. By driving responsible growth, we deliver returns to our clients and shareholders and help address society’s biggest challenges. Our focus Business practices Part of driving responsible growth is maintaining strong guidelines for business practices and professional and personal conduct that all employees, and anyone who acts on our behalf, are expected to adopt and uphold. This translates into the actions we take as we engage with customers, clients, shareholders, suppliers and each other. See our practices What we offer Bank of America is one of the world’s leading financial institutions, serving individuals, small- and middle-market businesses, large corporations, and governments with a full range of banking, investment management and other financial and risk management products and services. Our products and services Leadership Our management team leads our company’s work to drive responsible growth and deliver for our clients, communities and shareholders. It is comprised of leaders for each area of our organization, the heads of our eight lines of business, and key leadership roles for our international and institutional client base. Meet our leadership team History The oldest parts of our company extend back 240 years. Since that time, we’ve come together from many sources to become what we are today: A company united in our purpose to help make financial lives better through the power of every connection. Our story is all about the impact clients and communities can have and the progress they can make. And we are here to serve them, and to help them do it. This starts with a single idea for our company, across all of our businesses based on a simple question that has been core to our legacy of capabilities and service for 240 years: “What would you like the power to do?” Close interstitial modal: Important notice you are now leaving Bank of America Top",3058,success
WFC,Wells Fargo,Financials,2016,https://www.wellsfargo.com/about/,,,20160701,missing,No closest snapshot found from Wayback Availability API,,,0,missing_snapshot
WFC,Wells Fargo,Financials,2017,https://www.wellsfargo.com/about/,20170701110129.0,http://web.archive.org/web/20170701110129/https://www.wellsfargo.com/about/,20170701,found,,200.0,"About Wells Fargo Skip to content About Wells Fargo Who We Are Wells Fargo Stories Explore a journal of how we help customers succeed, help communities thrive, and live our vision and values every day. Learn More Corporate Responsibility Learn about our Corporate Responsibility activities We’re helping to create long-term economic growth and improved quality of life for everyone in our communities. Read the Report Corporate Responsibility Learn about where we give We’re supporting communities through grants, financial education, environmental stewardship, and volunteerism. Learn More Who We Are Community Mural Program We are dedicated to creating unique, custom-designed works of art that commemorate the rich legacy of our communities. Read More Corporate Responsibility Learn how we’re creating opportunities for homeownership We believe everyone deserves a decent, safe place to call home. Read More Newsroom Wells Fargo reports $5.5 billion in quarterly net income See News Release (PDF) Investor Relations Learn more about Wells Fargo's financial performance. Quarterly Earnings Investor Presentations Stock Price and Dividends Annual Reports and Proxy Statements More Leadership and Governance Learn more about our leadership team and corporate governance. Meet our CEO and President Executive Officers Code of Ethics Board of Directors More Newsroom Get the latest, breaking news from around Wells Fargo. News Releases Media Contacts by Region Media Contacts by Division Wells Fargo Stories More Working at Wells Fargo Find out why 1 in 500 Americans works at Wells Fargo. Search for Open Positions Jobs Outside of the U.S. Diversity and Accessibility More > Teamworks for Team Members Corporate Responsibility See how Wells Fargo is creating solutions for stronger communities. Corporate Responsibility Priorities Community Giving Goals and Reporting Government Relations Responsible Lending We loan more money to home buyers and small businesses than any other bank in the U.S. Consumer Credit Lending Policy Fair and Responsible Lending Real Estate Lending and Servicing Student Lending Blogs and Social Media Connect and communicate with us! Wells Fargo Facebook Page ‡ Wells Fargo Twitter Feed ‡ Wells Fargo YouTube Channel ‡ Wells Fargo Community More Who We Are Learn about our history and values. Quarterly Fact Sheet (PDF) History of Wells Fargo The Wells Fargo Stagecoach History Museums More Vision and Values We believe in our vision and values just as strongly today as we did the first time we put them on paper more than 20 years ago. Staying true to them will guide us toward continued growth and success for decades to come. As you read more about our vision and values, you will learn about who we are, where we’re headed and how every Wells Fargo team member can help us get there. Our Vision and Values How do I... Request a Sponsorship Become a Supplier",2889,success
WFC,Wells Fargo,Financials,2018,https://www.wellsfargo.com/about/,20180630054047.0,http://web.archive.org/web/20180630054047/https://www.wellsfargo.com/about/,20180701,found,,200.0,"About Wells Fargo Skip to content About Wells Fargo Who We Are Wells Fargo Stories Explore a journal of how we help customers succeed, help communities thrive, and live our vision and values every day. Learn More Corporate Responsibility Learn about our Corporate Responsibility activities We’re helping to create long-term economic growth and improved quality of life for everyone in our communities. Read the Report Corporate Responsibility Learn about where we give We’re supporting communities through grants, financial education, environmental stewardship, and volunteerism. Learn More Who We Are Community Mural Program We are dedicated to creating unique, custom-designed works of art that commemorate the rich legacy of our communities. Read More Corporate Responsibility Learn how we’re creating opportunities for homeownership We believe everyone deserves a decent, safe place to call home. Read More Newsroom Wells Fargo reports preliminary first quarter results See News Release (PDF) Investor Relations Learn more about Wells Fargo's financial performance. Quarterly Earnings Investor Presentations Stock Price and Dividends Annual Reports and Proxy Statements More Investor Relations Learn more about Wells Fargo's financial performance. Quarterly Earnings Investor Presentations Stock Price and Dividends Annual Reports and Proxy Statements More Leadership and Governance Learn more about our leadership team and corporate governance. Meet our CEO and President Executive Officers Code of Ethics Board of Directors More Leadership and Governance Learn more about our leadership team and corporate governance. Meet our CEO and President Executive Officers Code of Ethics Board of Directors More Newsroom Get the latest, breaking news from around Wells Fargo. News Releases Media Contacts (PDF) Multimedia Resources Wells Fargo Stories Newsroom Newsroom Get the latest, breaking news from around Wells Fargo. News Releases Media Contacts (PDF) Multimedia Resources Wells Fargo Stories Newsroom Working at Wells Fargo Find out why 1 in 500 working Americans works at Wells Fargo. Search for Open Positions Jobs Outside of the U.S. Diversity and Accessibility More > Teamworks for Team Members Working at Wells Fargo Find out why 1 in 500 working Americans works at Wells Fargo. Search for Open Positions Jobs Outside of the U.S. Diversity and Accessibility More > Teamworks for Team Members Corporate Responsibility See how Wells Fargo is creating solutions for stronger communities. Corporate Responsibility Priorities Community Giving Goals and Reporting Government Relations Corporate Responsibility See how Wells Fargo is creating solutions for stronger communities. Corporate Responsibility Priorities Community Giving Goals and Reporting Government Relations Responsible Lending We loan more money to home buyers and small businesses than any other bank in the U.S. Consumer Credit Lending Policy Real Estate Responsible Lending Real Estate Responsible Servicing Student Lending Responsible Lending We loan more money to home buyers and small businesses than any other bank in the U.S. Consumer Credit Lending Policy Real Estate Responsible Lending Real Estate Responsible Servicing Student Lending Blogs and Social Media Connect and communicate with us! Wells Fargo Facebook Page ‡ Wells Fargo Twitter Feed ‡ Wells Fargo YouTube Channel ‡ Wells Fargo Community More Blogs and Social Media Connect and communicate with us! Wells Fargo Facebook Page ‡ Wells Fargo Twitter Feed ‡ Wells Fargo YouTube Channel ‡ Wells Fargo Community More Who We Are Learn about our history and values. Quarterly Fact Sheet (PDF) History of Wells Fargo The Wells Fargo Stagecoach History Museums More Who We Are Learn about our history and values. Quarterly Fact Sheet (PDF) History of Wells Fargo The Wells Fargo Stagecoach History Museums More Vision, Values and Goals Our enduring vision is to help our customers succeed financially. That is supported by our five values, which articulate what’s most important to us. Our six goals clearly state our aspirations and help prioritize our areas of focus. Our Vision, Values, and Goals How do I... Request a Sponsorship Become a Supplier ‡ We provide these links to external websites for your convenience. Wells Fargo does not endorse and is not responsible for their content, links, privacy policies, or security policies.",4369,success
WFC,Wells Fargo,Financials,2019,https://www.wellsfargo.com/about/,,,20190701,missing,No closest snapshot found from Wayback Availability API,,,0,missing_snapshot
WFC,Wells Fargo,Financials,2020,https://www.wellsfargo.com/about/,20200701175034.0,http://web.archive.org/web/20200701175034/https://www.wellsfargo.com/about/,20200701,found,,200.0,"About Wells Fargo Skip to content Navegó a una página que no está disponible en español en este momento. Seleccione el enlace si desea ver otro contenido en español. Página principal Comienzo de ventana emergente Esta página solo está disponible en inglés Selecione Cancele para permanecer en esta página o Continúe para ver nuestra página principal en español. Cancele Continúe Fin de ventana emergente About Wells Fargo Who We Are Wells Fargo Stories Explore a journal of how we help customers succeed and communities thrive. Learn More Corporate Responsibility Learn about our Corporate Responsibility activities We’re helping to create long-term economic growth and improved quality of life for everyone in our communities. Read the Report Corporate Responsibility Learn about where we give We’re supporting communities through grants, financial education, environmental stewardship, and volunteerism. Learn More Who We Are Community Mural Program We are dedicated to creating unique, custom-designed works of art that commemorate the rich legacy of our communities. Read More Newsroom Wells Fargo reports $653 million in quarterly net income See News Release (PDF) Investor Relations Learn more about Wells Fargo's financial performance. Quarterly Earnings Investor Presentations Stock Price and Dividends Annual Reports and Proxy Statements More Investor Relations Learn more about Wells Fargo's financial performance. Quarterly Earnings Investor Presentations Stock Price and Dividends Annual Reports and Proxy Statements More Leadership and Governance Learn more about our leadership team and corporate governance. Executive Officers Code of Ethics Board of Directors More Leadership and Governance Learn more about our leadership team and corporate governance. Senior Leadership Team Code of Ethics Board of Directors More Newsroom Get the latest, breaking news from around Wells Fargo. News Releases Media Contacts (PDF) Multimedia Resources Wells Fargo Stories Newsroom Newsroom Get the latest, breaking news from around Wells Fargo. News Releases Media Contacts (PDF) Multimedia Resources Wells Fargo Stories Newsroom Working at Wells Fargo Find out why Wells Fargo is a top U.S. employer. Search for Open Positions Jobs Outside of the U.S. Diversity and Accessibility More > Teamworks for Team Members Working at Wells Fargo Find out why Wells Fargo is a top U.S. employer. Search for Open Positions Jobs Outside of the U.S. Diversity and Accessibility More > Teamworks for Team Members Corporate Responsibility See how Wells Fargo is creating solutions for stronger communities. Corporate Responsibility Priorities Community Giving Goals and Reporting Government Relations Corporate Responsibility See how Wells Fargo is creating solutions for stronger communities. Corporate Responsibility Priorities Community Giving Goals and Reporting Government Relations Responsible Lending Learn about our commitment to helping people and communities succeed financially. Consumer Credit Lending Policy Real Estate Responsible Lending Real Estate Responsible Servicing Student Lending Responsible Lending Learn about our commitment to helping people and communities succeed financially. Consumer Credit Lending Policy Real Estate Responsible Lending Real Estate Responsible Servicing Student Lending Social Media Connect and communicate with us. Wells Fargo Facebook Page ‡ Wells Fargo Twitter Feed ‡ Wells Fargo YouTube Channel ‡ Social Media Connect and communicate with us. Wells Fargo Facebook Page ‡ Wells Fargo Twitter Feed ‡ Wells Fargo YouTube Channel ‡ Who We Are Learn about our history and values. Quarterly Fact Sheet (PDF) History of Wells Fargo The Wells Fargo Stagecoach Museums More Who We Are Learn about our history and values. Quarterly Fact Sheet (PDF) History of Wells Fargo The Wells Fargo Stagecoach Museums More How do I... Request a Sponsorship Become a Supplier ‡ Wells Fargo has provided this link for your convenience but does not control or endorse the website and is not responsible for the content, links, privacy policy, or security policy of the website.",4091,success
WFC,Wells Fargo,Financials,2021,https://www.wellsfargo.com/about/,20210624145726.0,http://web.archive.org/web/20210624145726/https://www.wellsfargo.com/about/,20210701,found,,200.0,"About Wells Fargo Skip to content Navegó a una página que no está disponible en español en este momento. Seleccione el enlace si desea ver otro contenido en español. Página principal Comienzo de ventana emergente Esta página solo está disponible en inglés Selecione Cancele para permanecer en esta página o Continúe para ver nuestra página principal en español. Cancele Continúe Fin de ventana emergente About Wells Fargo Who We Are Wells Fargo Stories Explore a journal of how we help customers succeed and communities thrive. Learn More Corporate Responsibility Learn about our Corporate Responsibility activities We’re helping to create long-term economic growth and improved quality of life for everyone in our communities. Read the Report Corporate Responsibility Learn about where we give We’re building stronger communities by focusing on housing affordability, small business growth, financial health and sustainability. Learn More Who We Are Community Mural Program We are dedicated to creating unique, custom-designed works of art that commemorate the rich legacy of our communities. Read More Newsroom Wells Fargo reports first quarter results See News Release (PDF) Investor Relations Learn more about Wells Fargo's financial performance. Quarterly Earnings Investor Presentations Stock Price and Dividends Annual Reports and Proxy Statements More Investor Relations Learn more about Wells Fargo's financial performance. Quarterly Earnings Investor Presentations Stock Price and Dividends Annual Reports and Proxy Statements More Leadership and Governance Learn more about our leadership team and corporate governance. Executive Officers Code of Ethics Board of Directors More Leadership and Governance Learn more about our leadership team and corporate governance. Senior Leadership Team Code of Ethics Board of Directors More Newsroom Get the latest, breaking news from around Wells Fargo. News Releases Press Room and Contacts Wells Fargo Stories Newsroom Newsroom Get the latest, breaking news from around Wells Fargo. News Releases Press Room and Contacts Wells Fargo Stories Newsroom Working at Wells Fargo Find out why Wells Fargo is a top U.S. employer. Search for Open Positions Jobs Outside of the U.S. Diversity and Accessibility More > Teamworks for Team Members Become a Supplier Working at Wells Fargo Find out why Wells Fargo is a top U.S. employer. Search for Open Positions Jobs Outside of the U.S. Diversity and Accessibility More > Teamworks for Team Members Become a Supplier Corporate Responsibility See how Wells Fargo is creating solutions for stronger communities. Corporate Responsibility Priorities Community Giving Goals and Reporting Government Relations Corporate Responsibility See how Wells Fargo is creating solutions for stronger communities. Corporate Responsibility Priorities Community Giving Goals and Reporting Government Relations Responsible Lending Learn about our commitment to helping people and communities succeed financially. Consumer Credit Lending Policy Real Estate Responsible Lending Real Estate Responsible Servicing Responsible Lending Learn about our commitment to helping people and communities succeed financially. Consumer Credit Lending Policy Real Estate Responsible Lending Real Estate Responsible Servicing Social Media Connect and communicate with us. Wells Fargo Facebook Page ‡ Wells Fargo Twitter Feed ‡ Wells Fargo YouTube Channel ‡ Social Media Connect and communicate with us. Wells Fargo Facebook Page ‡ Wells Fargo Twitter Feed ‡ Wells Fargo YouTube Channel ‡ Who We Are Learn about our history and values. Quarterly Fact Sheet (PDF) History of Wells Fargo The Wells Fargo Stagecoach Museums More Who We Are Learn about our history and values. Quarterly Fact Sheet (PDF) History of Wells Fargo The Wells Fargo Stagecoach Museums More ‡ Wells Fargo has provided this link for your convenience but does not control or endorse the website and is not responsible for the content, links, privacy policy, or security policy of the website. LRC-1020",4024,success
WFC,Wells Fargo,Financials,2022,https://www.wellsfargo.com/about/,20220626011416.0,http://web.archive.org/web/20220626011416/https://www.wellsfargo.com/about/,20220701,found,,200.0,"About Wells Fargo Skip to content Navegó a una página que no está disponible en español en este momento. Seleccione el enlace si desea ver otro contenido en español. Página principal Comienzo de ventana emergente Esta página solo está disponible en inglés Selecione Cancele para permanecer en esta página o Continúe para ver nuestra página principal en español. Cancele Continúe Fin de ventana emergente About Wells Fargo Who We Are Wells Fargo Stories Explore our stories of how we’re helping customers succeed and communities thrive. Learn More Corporate Responsibility Learn about our Corporate Responsibility activities We’re helping to create long-term economic growth and improved quality of life for everyone in our communities. Read the Report Corporate Responsibility Learn about where we give We’re building stronger communities by focusing on housing affordability, small business growth, financial health and sustainability. Learn More Who We Are Community Mural Program We create custom-designed art that honors the vibrancy and unique character of our local communities. Read More Newsroom Wells Fargo reports first quarter results See News Release (PDF) Investor Relations Learn more about Wells Fargo's financial performance. Quarterly Earnings Investor Presentations Stock Price and Dividends Annual Reports and Proxy Statements More Investor Relations Learn more about Wells Fargo's financial performance. Quarterly Earnings Investor Presentations Stock Price and Dividends Annual Reports and Proxy Statements More Leadership and Governance Learn more about our leadership team and corporate governance. Executive Officers Code of Ethics Board of Directors More Leadership and Governance Learn more about our leadership team and corporate governance. Senior Leadership Team Code of Ethics Board of Directors More Newsroom Get the latest, breaking news from around Wells Fargo. News Releases Press Room and Contacts Wells Fargo Stories Newsroom Newsroom Get the latest, breaking news from around Wells Fargo. News Releases Press Room and Contacts Wells Fargo Stories Newsroom Working at Wells Fargo Find out why Wells Fargo is a top U.S. employer. Search for Open Positions Diversity and Accessibility More > Teamworks for Employees Become a Supplier Working at Wells Fargo Find out why Wells Fargo is a top U.S. employer. Search for Open Positions Diversity and Accessibility More > Teamworks for Employees Become a Supplier Corporate Responsibility See how Wells Fargo is creating solutions for stronger communities. Corporate Responsibility Priorities Community Giving Goals and Reporting Government Relations Corporate Responsibility See how Wells Fargo is creating solutions for stronger communities. Corporate Responsibility Priorities Community Giving Goals and Reporting Government Relations Responsible Lending Learn about our commitment to helping people and communities succeed financially. Consumer Credit Lending Policy Real Estate Responsible Lending Real Estate Responsible Servicing Responsible Lending Learn about our commitment to helping people and communities succeed financially. Consumer Credit Lending Policy Real Estate Responsible Lending Real Estate Responsible Servicing Social Media Connect and communicate with us. Wells Fargo Facebook Page ‡ Wells Fargo Twitter Feed ‡ Wells Fargo YouTube Channel ‡ Social Media Connect and communicate with us. Wells Fargo Facebook Page ‡ Wells Fargo Twitter Feed ‡ Wells Fargo YouTube Channel ‡ Who We Are Learn about our history and values. History of Wells Fargo The Wells Fargo Stagecoach Museum More Who We Are Learn about our history and values. History of Wells Fargo The Wells Fargo Stagecoach Museum More ‡ Wells Fargo has provided this link for your convenience but does not control or endorse the website and is not responsible for the content, links, privacy policy, or security policy of the website. QSR-0222-00527 LRC-0921",3918,success
WFC,Wells Fargo,Financials,2023,https://www.wellsfargo.com/about/,20230701233000.0,http://web.archive.org/web/20230701233000/https://www.wellsfargo.com/about/,20230701,found,,200.0,"About Wells Fargo Skip to content Navegó a una página que no está disponible en español en este momento. Seleccione el enlace si desea ver otro contenido en español. Página principal Comienzo de ventana emergente Esta página solo está disponible en inglés Selecione Cancele para permanecer en esta página o Continúe para ver nuestra página principal en español. Cancele Continúe Fin de ventana emergente About Wells Fargo Who We Are Wells Fargo Stories Explore our stories of how we’re helping customers succeed and communities thrive. Learn More Corporate Responsibility Learn about our Corporate Responsibility activities We’re helping to create long-term economic growth and improved quality of life for everyone in our communities. Learn More Corporate Responsibility Learn about where we give We’re building stronger communities by focusing on housing affordability, small business growth, financial health and sustainability. Learn More Newsroom Wells Fargo reports first quarter results See News Release (PDF) Investor Relations Learn more about Wells Fargo's financial performance. Quarterly Earnings Investor Presentations Dividends and Stock Price Annual Reports and Proxy Statements More Investor Relations Learn more about Wells Fargo's financial performance. Quarterly Earnings Investor Presentations Dividends and Stock Price Annual Reports and Proxy Statements More Leadership and Governance Learn more about our leadership team and corporate governance. Executive Officers Code of Conduct Board of Directors More Leadership and Governance Learn more about our leadership team and corporate governance. Senior Leadership Team Code of Conduct Board of Directors More Newsroom Get the latest, breaking news from around Wells Fargo. News Releases Press Room and Contacts Wells Fargo Stories Newsroom Newsroom Get the latest, breaking news from around Wells Fargo. News Releases Press Room and Contacts Wells Fargo Stories Newsroom Working at Wells Fargo Find out why Wells Fargo is a top U.S. employer. Search for Open Positions Diversity and Accessibility More > Teamworks for Employees Become a Supplier Working at Wells Fargo Find out why Wells Fargo is a top U.S. employer. Search for Open Positions Diversity and Accessibility More > Teamworks for Employees Become a Supplier Corporate Responsibility See how Wells Fargo is creating solutions for stronger communities. Corporate Responsibility Priorities Community Giving Goals and Reporting Government Relations Corporate Responsibility See how Wells Fargo is creating solutions for stronger communities. Corporate Responsibility Priorities Community Giving Goals and Reporting Government Relations Responsible Lending Learn about our commitment to helping people and communities succeed financially. Consumer Credit Lending Policy Real Estate Responsible Lending Real Estate Responsible Servicing Responsible Lending Learn about our commitment to helping people and communities succeed financially. Consumer Credit Lending Policy Real Estate Responsible Lending Real Estate Responsible Servicing Social Media Connect and communicate with us. Wells Fargo Facebook Page Wells Fargo Twitter Feed Wells Fargo YouTube Channel Social Media Connect and communicate with us. Wells Fargo Facebook Page Wells Fargo Twitter Feed Wells Fargo YouTube Channel Who We Are Learn about our history and values. History of Wells Fargo The Wells Fargo Stagecoach Museum More Who We Are Learn about our history and values. History of Wells Fargo The Wells Fargo Stagecoach Museum More Wells Fargo has provided this link for your convenience but does not control or endorse the website and is not responsible for the content, links, privacy policy, or security policy of the website. QSR-0123-03278 LRC-0922",3754,success
WFC,Wells Fargo,Financials,2024,https://www.wellsfargo.com/about/,20240701171405.0,http://web.archive.org/web/20240701171405/https://www.wellsfargo.com/about/,20240701,found,,200.0,"About Wells Fargo Skip to content Navegó a una página que no está disponible en español en este momento. Seleccione el enlace si desea ver otro contenido en español. Página principal Comienzo de ventana emergente Esta página solo está disponible en inglés Selecione Cancele para permanecer en esta página o Continúe para ver nuestra página principal en español. Cancele Continúe Fin de ventana emergente About Wells Fargo Who We Are Wells Fargo Stories Explore our stories of how we’re helping customers succeed and communities thrive. Learn More Corporate Responsibility Learn about our Corporate Responsibility activities We’re helping to create long-term economic growth and improved quality of life for everyone in our communities. Learn More Corporate Responsibility Learn about where we give We’re building stronger communities by focusing on housing affordability, small business growth, financial health and sustainability. Learn More Newsroom Wells Fargo reports first quarter results See News Release (PDF) Investor Relations Learn more about Wells Fargo's financial performance. Quarterly Earnings Investor Presentations Dividends and Stock Price Annual Reports and Proxy Statements More Investor Relations Learn more about Wells Fargo's financial performance. Quarterly Earnings Investor Presentations Dividends and Stock Price Annual Reports and Proxy Statements More Leadership and Governance Learn more about our leadership team and corporate governance. Executive Officers Code of Conduct Board of Directors More Leadership and Governance Learn more about our leadership team and corporate governance. Operating Committee Code of Conduct Board of Directors More Newsroom Get the latest, breaking news from around Wells Fargo. News Releases Press Room and Contacts Wells Fargo Stories Newsroom Newsroom Get the latest, breaking news from around Wells Fargo. News Releases Press Room and Contacts Wells Fargo Stories Newsroom Working at Wells Fargo Find out why Wells Fargo is a top U.S. employer. Search for Open Positions Diversity and Accessibility More > Teamworks for Employees Become a Supplier Working at Wells Fargo Find out why Wells Fargo is a top U.S. employer. Search for Open Positions Diversity and Accessibility More > Teamworks for Employees Become a Supplier Corporate Responsibility See how Wells Fargo is creating solutions for stronger communities. Corporate Responsibility Priorities Community Giving Goals and Reporting Government Relations Corporate Responsibility See how Wells Fargo is creating solutions for stronger communities. Corporate Responsibility Priorities Community Giving Goals and Reporting Government Relations Responsible Lending Learn about our commitment to helping people and communities succeed financially. Consumer Credit Lending Policy Real Estate Responsible Lending Real Estate Responsible Servicing Responsible Lending Learn about our commitment to helping people and communities succeed financially. Consumer Credit Lending Policy Real Estate Responsible Lending Real Estate Responsible Servicing Social Media Connect and communicate with us. Wells Fargo Facebook Page Wells Fargo Twitter Feed Wells Fargo YouTube Channel Social Media Connect and communicate with us. Wells Fargo Facebook Page Wells Fargo Twitter Feed Wells Fargo YouTube Channel Who We Are Learn about our history and values. History of Wells Fargo The Wells Fargo Stagecoach Museum More Who We Are Learn about our history and values. History of Wells Fargo The Wells Fargo Stagecoach Museum More Wells Fargo has provided this link for your convenience but does not control or endorse the website and is not responsible for the products, services, content, links, privacy policy, or security policy of the website. QSR-04132025-6021569.1.1 LRC-0923",3781,success
GS,Goldman Sachs,Financials,2016,https://www.goldmansachs.com/our-firm/purpose-and-values,,,20160701,missing,No closest snapshot found from Wayback Availability API,,,0,missing_snapshot
GS,Goldman Sachs,Financials,2017,https://www.goldmansachs.com/our-firm/purpose-and-values,,,20170701,missing,No closest snapshot found from Wayback Availability API,,,0,missing_snapshot
GS,Goldman Sachs,Financials,2018,https://www.goldmansachs.com/our-firm/purpose-and-values,,,20180701,missing,No closest snapshot found from Wayback Availability API,,,0,missing_snapshot
GS,Goldman Sachs,Financials,2019,https://www.goldmansachs.com/our-firm/purpose-and-values,20240801104404.0,http://web.archive.org/web/20240801104404/https://www.goldmansachs.com/our-firm/purpose-and-values,20190701,found,,200.0,"Our Purpose and Values | Goldman Sachs Our Firm It’s We. Not I. The culture of Goldman Sachs is defined by our people’s commitment to delivering the best service to our clients through collaboration, innovation, and a relentless pursuit of excellence. We aspire to be the world’s most exceptional financial institution. Our Values Partnership We prioritize collaboration and believe in the strength of the collective, creating a culture that fosters teamwork and belonging in the pursuit of professional and personal growth. Client Service We lead with a service mindset, working to earn our clients’ trust and exceed their expectations by understanding and overdelivering on their goals. Integrity We hold ourselves accountable to the highest ethical standards, insisting on transparency and vigilance from our people as we learn from our experiences and make decisions that instill a sense of pride in our firm. Excellence We aspire to nothing less than excellence, striving for exceptional performance and superior results for our clients, our shareholders, and our communities. Defining the Firm Business Principles In 1979, John Whitehead, then co-head of Goldman Sachs, wrote 14 principles that articulate what the firm stands for. Over four decades later, they remain foundational to the Goldman Sachs culture. Business Standards Every person at Goldman Sachs is committed to embodying our core values, deepening client trust, and acting with integrity. Code of Business Ethics and Conduct Learn More Report of the Business Standards Committee Learn More Business Standards Committee Impact Report Learn More Corporate Governance Learn More Discover Goldman Sachs Explore More Learn more about the people and legacy that define our culture. Discover Our History arrow_forward Meet Our People and Leaders arrow_forward Subscribe to Briefings Our weekly newsletter with insights and intelligence from across the firm By submitting this information, you agree to receive marketing emails from Goldman Sachs and accept our privacy policy . You can opt-out at any time. © 2024 Goldman Sachs. All rights reserved.",2114,success
GS,Goldman Sachs,Financials,2020,https://www.goldmansachs.com/our-firm/purpose-and-values,20240801104404.0,http://web.archive.org/web/20240801104404/https://www.goldmansachs.com/our-firm/purpose-and-values,20200701,found,,200.0,"Our Purpose and Values | Goldman Sachs Our Firm It’s We. Not I. The culture of Goldman Sachs is defined by our people’s commitment to delivering the best service to our clients through collaboration, innovation, and a relentless pursuit of excellence. We aspire to be the world’s most exceptional financial institution. Our Values Partnership We prioritize collaboration and believe in the strength of the collective, creating a culture that fosters teamwork and belonging in the pursuit of professional and personal growth. Client Service We lead with a service mindset, working to earn our clients’ trust and exceed their expectations by understanding and overdelivering on their goals. Integrity We hold ourselves accountable to the highest ethical standards, insisting on transparency and vigilance from our people as we learn from our experiences and make decisions that instill a sense of pride in our firm. Excellence We aspire to nothing less than excellence, striving for exceptional performance and superior results for our clients, our shareholders, and our communities. Defining the Firm Business Principles In 1979, John Whitehead, then co-head of Goldman Sachs, wrote 14 principles that articulate what the firm stands for. Over four decades later, they remain foundational to the Goldman Sachs culture. Business Standards Every person at Goldman Sachs is committed to embodying our core values, deepening client trust, and acting with integrity. Code of Business Ethics and Conduct Learn More Report of the Business Standards Committee Learn More Business Standards Committee Impact Report Learn More Corporate Governance Learn More Discover Goldman Sachs Explore More Learn more about the people and legacy that define our culture. Discover Our History arrow_forward Meet Our People and Leaders arrow_forward Subscribe to Briefings Our weekly newsletter with insights and intelligence from across the firm By submitting this information, you agree to receive marketing emails from Goldman Sachs and accept our privacy policy . You can opt-out at any time. © 2024 Goldman Sachs. All rights reserved.",2114,success
GS,Goldman Sachs,Financials,2021,https://www.goldmansachs.com/our-firm/purpose-and-values,20240801104404.0,http://web.archive.org/web/20240801104404/https://www.goldmansachs.com/our-firm/purpose-and-values,20210701,found,,200.0,"Our Purpose and Values | Goldman Sachs Our Firm It’s We. Not I. The culture of Goldman Sachs is defined by our people’s commitment to delivering the best service to our clients through collaboration, innovation, and a relentless pursuit of excellence. We aspire to be the world’s most exceptional financial institution. Our Values Partnership We prioritize collaboration and believe in the strength of the collective, creating a culture that fosters teamwork and belonging in the pursuit of professional and personal growth. Client Service We lead with a service mindset, working to earn our clients’ trust and exceed their expectations by understanding and overdelivering on their goals. Integrity We hold ourselves accountable to the highest ethical standards, insisting on transparency and vigilance from our people as we learn from our experiences and make decisions that instill a sense of pride in our firm. Excellence We aspire to nothing less than excellence, striving for exceptional performance and superior results for our clients, our shareholders, and our communities. Defining the Firm Business Principles In 1979, John Whitehead, then co-head of Goldman Sachs, wrote 14 principles that articulate what the firm stands for. Over four decades later, they remain foundational to the Goldman Sachs culture. Business Standards Every person at Goldman Sachs is committed to embodying our core values, deepening client trust, and acting with integrity. Code of Business Ethics and Conduct Learn More Report of the Business Standards Committee Learn More Business Standards Committee Impact Report Learn More Corporate Governance Learn More Discover Goldman Sachs Explore More Learn more about the people and legacy that define our culture. Discover Our History arrow_forward Meet Our People and Leaders arrow_forward Subscribe to Briefings Our weekly newsletter with insights and intelligence from across the firm By submitting this information, you agree to receive marketing emails from Goldman Sachs and accept our privacy policy . You can opt-out at any time. © 2024 Goldman Sachs. All rights reserved.",2114,success
GS,Goldman Sachs,Financials,2022,https://www.goldmansachs.com/our-firm/purpose-and-values,20240801104404.0,http://web.archive.org/web/20240801104404/https://www.goldmansachs.com/our-firm/purpose-and-values,20220701,found,,200.0,"Our Purpose and Values | Goldman Sachs Our Firm It’s We. Not I. The culture of Goldman Sachs is defined by our people’s commitment to delivering the best service to our clients through collaboration, innovation, and a relentless pursuit of excellence. We aspire to be the world’s most exceptional financial institution. Our Values Partnership We prioritize collaboration and believe in the strength of the collective, creating a culture that fosters teamwork and belonging in the pursuit of professional and personal growth. Client Service We lead with a service mindset, working to earn our clients’ trust and exceed their expectations by understanding and overdelivering on their goals. Integrity We hold ourselves accountable to the highest ethical standards, insisting on transparency and vigilance from our people as we learn from our experiences and make decisions that instill a sense of pride in our firm. Excellence We aspire to nothing less than excellence, striving for exceptional performance and superior results for our clients, our shareholders, and our communities. Defining the Firm Business Principles In 1979, John Whitehead, then co-head of Goldman Sachs, wrote 14 principles that articulate what the firm stands for. Over four decades later, they remain foundational to the Goldman Sachs culture. Business Standards Every person at Goldman Sachs is committed to embodying our core values, deepening client trust, and acting with integrity. Code of Business Ethics and Conduct Learn More Report of the Business Standards Committee Learn More Business Standards Committee Impact Report Learn More Corporate Governance Learn More Discover Goldman Sachs Explore More Learn more about the people and legacy that define our culture. Discover Our History arrow_forward Meet Our People and Leaders arrow_forward Subscribe to Briefings Our weekly newsletter with insights and intelligence from across the firm By submitting this information, you agree to receive marketing emails from Goldman Sachs and accept our privacy policy . You can opt-out at any time. © 2024 Goldman Sachs. All rights reserved.",2114,success
GS,Goldman Sachs,Financials,2023,https://www.goldmansachs.com/our-firm/purpose-and-values,20240801104404.0,http://web.archive.org/web/20240801104404/https://www.goldmansachs.com/our-firm/purpose-and-values,20230701,found,,200.0,"Our Purpose and Values | Goldman Sachs Our Firm It’s We. Not I. The culture of Goldman Sachs is defined by our people’s commitment to delivering the best service to our clients through collaboration, innovation, and a relentless pursuit of excellence. We aspire to be the world’s most exceptional financial institution. Our Values Partnership We prioritize collaboration and believe in the strength of the collective, creating a culture that fosters teamwork and belonging in the pursuit of professional and personal growth. Client Service We lead with a service mindset, working to earn our clients’ trust and exceed their expectations by understanding and overdelivering on their goals. Integrity We hold ourselves accountable to the highest ethical standards, insisting on transparency and vigilance from our people as we learn from our experiences and make decisions that instill a sense of pride in our firm. Excellence We aspire to nothing less than excellence, striving for exceptional performance and superior results for our clients, our shareholders, and our communities. Defining the Firm Business Principles In 1979, John Whitehead, then co-head of Goldman Sachs, wrote 14 principles that articulate what the firm stands for. Over four decades later, they remain foundational to the Goldman Sachs culture. Business Standards Every person at Goldman Sachs is committed to embodying our core values, deepening client trust, and acting with integrity. Code of Business Ethics and Conduct Learn More Report of the Business Standards Committee Learn More Business Standards Committee Impact Report Learn More Corporate Governance Learn More Discover Goldman Sachs Explore More Learn more about the people and legacy that define our culture. Discover Our History arrow_forward Meet Our People and Leaders arrow_forward Subscribe to Briefings Our weekly newsletter with insights and intelligence from across the firm By submitting this information, you agree to receive marketing emails from Goldman Sachs and accept our privacy policy . You can opt-out at any time. © 2024 Goldman Sachs. All rights reserved.",2114,success
GS,Goldman Sachs,Financials,2024,https://www.goldmansachs.com/our-firm/purpose-and-values,20240801104404.0,http://web.archive.org/web/20240801104404/https://www.goldmansachs.com/our-firm/purpose-and-values,20240701,found,,200.0,"Our Purpose and Values | Goldman Sachs Our Firm It’s We. Not I. The culture of Goldman Sachs is defined by our people’s commitment to delivering the best service to our clients through collaboration, innovation, and a relentless pursuit of excellence. We aspire to be the world’s most exceptional financial institution. Our Values Partnership We prioritize collaboration and believe in the strength of the collective, creating a culture that fosters teamwork and belonging in the pursuit of professional and personal growth. Client Service We lead with a service mindset, working to earn our clients’ trust and exceed their expectations by understanding and overdelivering on their goals. Integrity We hold ourselves accountable to the highest ethical standards, insisting on transparency and vigilance from our people as we learn from our experiences and make decisions that instill a sense of pride in our firm. Excellence We aspire to nothing less than excellence, striving for exceptional performance and superior results for our clients, our shareholders, and our communities. Defining the Firm Business Principles In 1979, John Whitehead, then co-head of Goldman Sachs, wrote 14 principles that articulate what the firm stands for. Over four decades later, they remain foundational to the Goldman Sachs culture. Business Standards Every person at Goldman Sachs is committed to embodying our core values, deepening client trust, and acting with integrity. Code of Business Ethics and Conduct Learn More Report of the Business Standards Committee Learn More Business Standards Committee Impact Report Learn More Corporate Governance Learn More Discover Goldman Sachs Explore More Learn more about the people and legacy that define our culture. Discover Our History arrow_forward Meet Our People and Leaders arrow_forward Subscribe to Briefings Our weekly newsletter with insights and intelligence from across the firm By submitting this information, you agree to receive marketing emails from Goldman Sachs and accept our privacy policy . You can opt-out at any time. © 2024 Goldman Sachs. All rights reserved.",2114,success
MS,Morgan Stanley,Financials,2016,https://www.morganstanley.com/about-us,,,20160701,missing,No closest snapshot found from Wayback Availability API,,,0,missing_snapshot
MS,Morgan Stanley,Financials,2017,https://www.morganstanley.com/about-us,20170701214004.0,http://web.archive.org/web/20170701214004/http://www.morganstanley.com/about-us,20170701,found,,200.0,"About Us 1.67 M Service hours volunteered by Morgan Stanley employees 542 Cities with communities strengthened by our initiatives 42 Countries around the world benefiting from our global reach Go to Giving Back Institute for Sustainable Investing Institute for Sustainable Investing We believe that private sector capital can play a key role in driving large-scale solutions to the most critical environmental and social challenges facing the world today. We work to maximize capital to build a more sustainable future. About Us 2015 Sustainability Report Morgan Stanleyâs 2015 Sustainability Report covers the firmâs contributions to society through positive ESG practices. Technology Reducing our Carbon Footprint New fuel-cell system and six-acre solar panel field at Morgan Stanley's Westchester campus help reduce the firm's carbon footprint. Our skilled workforce is comprised of individuals drawn from a broad cross section of the global communities we serve. We know a diverse workforce and an inclusive culture matters to our clients. Through philanthropy and employee volunteerism, we support the diverse communities where our employees live and work. Go to Diversity 1935 Laying The Foundation Morgan Stanley formally opens its doors for business at 2 Wall Street, New York City, on September 16, 1935. In its first year, the firm handles $1.1 billion in public offerings and private placements—a 24 percent market share. 1940 Caring for Children Founding partner Harold Stanley establishes the firm’s commitment to children’s health by raising $1.5 million (equal to nearly $25 million in 2014) for the US Committee for the Care of European Children. 1941-1942 Reorganizing and Expanding The firm undergoes a reorganization as a partnership to allow for rapidly expanding activity in the securities business. The following year, Morgan Stanley joins the New York Stock Exchange. 1952 Rebuilding Countries As Europe struggles to recover after World War II, Morgan Stanley co-manages the World Bank’s $50 million bond offering to help finance European reconstruction efforts. 1961-1969 Stronger Starts The Morgan Stanley Foundation launches in 1961. The following year, Morgan Stanley develops the first computer model for financial analysts. In 1967, the firm establishes Morgan & Cie International in Paris to pursue the growing European securities market. 1970-1979 Increased Capabilities Morgan Stanley becomes the first international investment bank to establish a representative office in Tokyo, Japan, in 1970. In the following years, the Sales and Trading, Research, Investment Management, Realty and Private Wealth Management departments launch. 1980-1989 Going Public Morgan Stanley develops TAPS – the first automated trade processing system – in 1984, with the Fixed Income Division launching the following year. In 1986, the firm goes public to raise capital for further growth. Over the course of the decade, the firm opens offices in Frankfurt, Hong Kong, Luxembourg, Melbourne, Milan, Sydney and Zurich, as well as expanding in London and Tokyo. 1990-1999 Global Impact In 1995, Morgan Stanley enters China as a cornerstone investor in China International Capital Corporation (CICC) and establishes the Morgan Stanley International Foundation. The 1997 merger of Morgan Stanley Group Inc. and Dean, Witter, Discover & Co. creates the world’s largest securities firm to date. Over the course of the decade, the firm expands further in Asia and Latin America. 2000-2007 Community Commitment In addition to handling some of the largest tech IPOs, security offerings and acquisitions in the world, Morgan Stanley stands firm behind its commitments to community—from a joint effort by the firm and its employees to raise $60 million to build Morgan Stanley Children’s Hospital at New York-Presbyterian Hospital, to employee-led relief efforts following the September 11 terrorist attacks. 2008-2013 Transitions and Strategic Alliances In 2008, Morgan Stanley becomes a bank holding company and forms a strategic alliance with Mitsubishi UFJ Financial Group (MUFG). Morgan Stanley completes the purchase of the Morgan Stanley Wealth Management joint venture in 2013, becoming 100% owner of one of the world’s leading wealth management franchises. 2013-2014 Dedication to Sustainability The firm looks to the future by launching the Investing with Impact platform and the Morgan Stanley Institute for Sustainable Investing-a pair of initiatives dedicated to inspiring positive social impact and fostering large-scale global sustainability. Our Core Values Our Global Offices Investor Relations Find Morgan Stanley’s earnings releases, presentations, financials and more. Investor Relations Our Board of Directors Leadership at Morgan Stanley isn't just about good corporate governance. It's using the firm's global resources to make the world a better place. Meet Our Leaders Newsroom Find the latest contact information, press releases, and news about Morgan Stanley. Enter Newsroom Close",5012,success
MS,Morgan Stanley,Financials,2018,https://www.morganstanley.com/about-us,20180702050329.0,http://web.archive.org/web/20180702050329/http://www.morganstanley.com/about-us,20180701,found,,200.0,"About Us 1.67 M Service hours volunteered by Morgan Stanley employees 542 Cities with communities strengthened by our initiatives 42 Countries around the world benefiting from our global reach Go to Giving Back Institute for Sustainable Investing Institute for Sustainable Investing We believe that private sector capital can play a key role in driving large-scale solutions to the most critical environmental and social challenges facing the world today. We work to maximize capital to build a more sustainable future. About Us Sustainability at Morgan Stanley The Firm is dedicated to making a positive contribution to society through our core business activities, employment practices, operations and philanthropic giving. Technology Reducing our Carbon Footprint New fuel-cell system and six-acre solar panel field at Morgan Stanley's Westchester campus help reduce the firm's carbon footprint. Our skilled workforce is comprised of individuals drawn from a broad cross section of the global communities we serve. We know a diverse workforce and an inclusive culture matters to our clients. Through philanthropy and employee volunteerism, we support the diverse communities where our employees live and work. Go to Diversity 1935 Laying The Foundation Morgan Stanley formally opens its doors for business at 2 Wall Street, New York City, on September 16, 1935. In its first year, the firm handles $1.1 billion in public offerings and private placementsâa 24 percent market share. 1940 Caring for Children Founding partner Harold Stanley establishes the firmâs commitment to childrenâs health by raising $1.5 million (equal to nearly $25 million in 2014) for the US Committee for the Care of European Children. 1941-1942 Reorganizing and Expanding The firm undergoes a reorganization as a partnership to allow for rapidly expanding activity in the securities business. The following year, Morgan Stanley joins the New York Stock Exchange. 1952 Rebuilding Countries As Europe struggles to recover after World War II, Morgan Stanley co-manages the World Bankâs $50 million bond offering to help finance European reconstruction efforts. 1961-1969 Stronger Starts The Morgan Stanley Foundation launches in 1961. The following year, Morgan Stanley develops the first computer model for financial analysts. In 1967, the firm establishes Morgan & Cie International in Paris to pursue the growing European securities market. 1970-1979 Increased Capabilities Morgan Stanley becomes the first international investment bank to establish a representative office in Tokyo, Japan, in 1970. In the following years, the Sales and Trading, Research, Investment Management, Realty and Private Wealth Management departments launch. 1980-1989 Going Public Morgan Stanley develops TAPS â the first automated trade processing system â in 1984, with the Fixed Income Division launching the following year. In 1986, the firm goes public to raise capital for further growth. Over the course of the decade, the firm opens offices in Frankfurt, Hong Kong, Luxembourg, Melbourne, Milan, Sydney and Zurich, as well as expanding in London and Tokyo. 1990-1999 Global Impact In 1995, Morgan Stanley enters China as a cornerstone investor in China International Capital Corporation (CICC) and establishes the Morgan Stanley International Foundation. The 1997 merger of Morgan Stanley Group Inc. and Dean, Witter, Discover & Co. creates the worldâs largest securities firm to date. Over the course of the decade, the firm expands further in Asia and Latin America. 2000-2007 Community Commitment In addition to handling some of the largest tech IPOs, security offerings and acquisitions in the world, Morgan Stanley stands firm behind its commitments to communityâfrom a joint effort by the firm and its employees to raise $60 million to build Morgan Stanley Childrenâs Hospital at New York-Presbyterian Hospital, to employee-led relief efforts following the September 11 terrorist attacks. 2008-2013 Transitions and Strategic Alliances In 2008, Morgan Stanley becomes a bank holding company and forms a strategic alliance with Mitsubishi UFJ Financial Group (MUFG). Morgan Stanley completes the purchase of the Morgan Stanley Wealth Management joint venture in 2013, becoming 100% owner of one of the worldâs leading wealth management franchises. 2013-2014 Dedication to Sustainability The firm looks to the future by launching the Investing with Impact platform and the Morgan Stanley Institute for Sustainable Investing-a pair of initiatives dedicated to inspiring positive social impact and fostering large-scale global sustainability. Our Core Values Our Global Offices Investor Relations Find Morgan Stanleyâs earnings releases, presentations, financials and more. Investor Relations Our Board of Directors Leadership at Morgan Stanley isn't just about good corporate governance. It's using the firm's global resources to make the world a better place. Meet Our Leaders Newsroom Find the latest contact information, press releases, and news about Morgan Stanley. Enter Newsroom Close",5081,success
MS,Morgan Stanley,Financials,2019,https://www.morganstanley.com/about-us,20190618233102.0,http://web.archive.org/web/20190618233102/http://www.morganstanley.com:80/about-us,20190701,found,,200.0,"About Us 1.67 M Service hours volunteered by Morgan Stanley employees 542 Cities with communities strengthened by our initiatives 42 Countries around the world benefiting from our global reach Go to Giving Back Institute for Sustainable Investing Institute for Sustainable Investing We believe that private sector capital can play a key role in driving large-scale solutions to the most critical environmental and social challenges facing the world today. We work to maximize capital to build a more sustainable future. About Us Sustainability at Morgan Stanley The Firm is dedicated to making a positive contribution to society through our core business activities, employment practices, operations and philanthropic giving. Technology Reducing our Carbon Footprint New fuel-cell system and six-acre solar panel field at Morgan Stanley's Westchester campus help reduce the firm's carbon footprint. Our skilled workforce is comprised of individuals drawn from a broad cross section of the global communities we serve. We know a diverse workforce and an inclusive culture matters to our clients. Through philanthropy and employee volunteerism, we support the diverse communities where our employees live and work. Go to Diversity 1935 Laying The Foundation Morgan Stanley formally opens its doors for business at 2 Wall Street, New York City, on September 16, 1935. In its first year, the firm handles $1.1 billion in public offerings and private placementsâa 24 percent market share. 1940 Caring for Children Founding partner Harold Stanley establishes the firmâs commitment to childrenâs health by raising $1.5 million (equal to nearly $25 million in 2014) for the US Committee for the Care of European Children. 1941-1942 Reorganizing and Expanding The firm undergoes a reorganization as a partnership to allow for rapidly expanding activity in the securities business. The following year, Morgan Stanley joins the New York Stock Exchange. 1952 Rebuilding Countries As Europe struggles to recover after World War II, Morgan Stanley co-manages the World Bankâs $50 million bond offering to help finance European reconstruction efforts. 1961-1969 Stronger Starts The Morgan Stanley Foundation launches in 1961. The following year, Morgan Stanley develops the first computer model for financial analysts. In 1967, the firm establishes Morgan & Cie International in Paris to pursue the growing European securities market. 1970-1979 Increased Capabilities Morgan Stanley becomes the first international investment bank to establish a representative office in Tokyo, Japan, in 1970. In the following years, the Sales and Trading, Research, Investment Management, Realty and Private Wealth Management departments launch. 1980-1989 Going Public Morgan Stanley develops TAPS â the first automated trade processing system â in 1984, with the Fixed Income Division launching the following year. In 1986, the firm goes public to raise capital for further growth. Over the course of the decade, the firm opens offices in Frankfurt, Hong Kong, Luxembourg, Melbourne, Milan, Sydney and Zurich, as well as expanding in London and Tokyo. 1990-1999 Global Impact In 1995, Morgan Stanley enters China as a cornerstone investor in China International Capital Corporation (CICC) and establishes the Morgan Stanley International Foundation. The 1997 merger of Morgan Stanley Group Inc. and Dean, Witter, Discover & Co. creates the worldâs largest securities firm to date. Over the course of the decade, the firm expands further in Asia and Latin America. 2000-2007 Community Commitment In addition to handling some of the largest tech IPOs, security offerings and acquisitions in the world, Morgan Stanley stands firm behind its commitments to communityâfrom a joint effort by the firm and its employees to raise $60 million to build Morgan Stanley Childrenâs Hospital at New York-Presbyterian Hospital, to employee-led relief efforts following the September 11 terrorist attacks. 2008-2013 Transitions and Strategic Alliances In 2008, Morgan Stanley becomes a bank holding company and forms a strategic alliance with Mitsubishi UFJ Financial Group (MUFG). Morgan Stanley completes the purchase of the Morgan Stanley Wealth Management joint venture in 2013, becoming 100% owner of one of the worldâs leading wealth management franchises. 2013-2014 Dedication to Sustainability The firm looks to the future by launching the Investing with Impact platform and the Morgan Stanley Institute for Sustainable Investing-a pair of initiatives dedicated to inspiring positive social impact and fostering large-scale global sustainability. Our Core Values Our Global Offices Investor Relations Find Morgan Stanleyâs earnings releases, presentations, financials and more. Investor Relations Our Board of Directors Leadership at Morgan Stanley isn't just about good corporate governance. It's using the firm's global resources to make the world a better place. Meet Our Leaders Newsroom Find the latest contact information, press releases, and news about Morgan Stanley. Enter Newsroom Close",5081,success
MS,Morgan Stanley,Financials,2020,https://www.morganstanley.com/about-us,20200708060944.0,http://web.archive.org/web/20200708060944/https://www.morganstanley.com/about-us,20200701,found,,200.0,"About Us | Morgan Stanley 1.67 M Service hours volunteered by Morgan Stanley employees 542 Cities with communities strengthened by our initiatives 41 Countries around the world benefiting from our global reach Go to Giving Back Institute for Sustainable Investing Institute for Sustainable Investing We believe that private sector capital can play a key role in driving large-scale solutions to the most critical environmental and social challenges facing the world today. We work to maximize capital to build a more sustainable future. About Us Sustainability at Morgan Stanley The Firm is dedicated to making a positive contribution to society through our core business activities, employment practices, operations and philanthropic giving. Technology Reducing our Carbon Footprint New fuel-cell system and six-acre solar panel field at Morgan Stanley's Westchester campus help reduce the firm's carbon footprint. Previous Our skilled workforce is comprised of individuals drawn from a broad cross section of the global communities we serve. We know a diverse workforce and an inclusive culture matters to our clients. Through philanthropy and employee volunteerism, we support the diverse communities where our employees live and work. Next Go to Diversity Our Global Offices Investor Relations Find Morgan Stanleyâs earnings releases, presentations, financials and more. Investor Relations Our Board of Directors Leadership at Morgan Stanley isn't just about good corporate governance. It's using the firm's global resources to make the world a better place. Meet Our Leaders Newsroom Find the latest contact information, press releases, and news about Morgan Stanley. Enter Newsroom Close",1695,success
MS,Morgan Stanley,Financials,2021,https://www.morganstanley.com/about-us,,,20210701,missing,No closest snapshot found from Wayback Availability API,,,0,missing_snapshot
MS,Morgan Stanley,Financials,2022,https://www.morganstanley.com/about-us,,,20220701,missing,No closest snapshot found from Wayback Availability API,,,0,missing_snapshot
MS,Morgan Stanley,Financials,2023,https://www.morganstanley.com/about-us,20230701040553.0,http://web.archive.org/web/20230701040553/https://www.morganstanley.com/about-us,20230701,found,,200.0,"About Us | Morgan Stanley 1.67 M Service hours volunteered by Morgan Stanley employees 542 Cities with communities strengthened by our initiatives 42 Countries around the world benefiting from our global reach Go to Giving Back Institute for Sustainable Investing Institute for Sustainable Investing We believe that private sector capital can play a key role in driving large-scale solutions to the most critical environmental and social challenges facing the world today. We work to maximize capital to build a more sustainable future. About Us Sustainability at Morgan Stanley The Firm is dedicated to making a positive contribution to society through our core business activities, employment practices, operations and philanthropic giving. Technology Reducing our Carbon Footprint New fuel-cell system and six-acre solar panel field at Morgan Stanley's Westchester campus help reduce the firm's carbon footprint. Previous Our skilled workforce is comprised of individuals drawn from a broad cross section of the global communities we serve. We know a diverse workforce and an inclusive culture matters to our clients. Through philanthropy and employee volunteerism, we support the diverse communities where our employees live and work. Next Go to Diversity Our Global Offices Investor Relations Find Morgan Stanley’s earnings releases, presentations, financials and more. Investor Relations Our Board of Directors Leadership at Morgan Stanley isn't just about good corporate governance. It's using the firm's global resources to make the world a better place. Meet Our Leaders Newsroom Find the latest contact information, press releases, and news about Morgan Stanley. Enter Newsroom Close",1693,success
MS,Morgan Stanley,Financials,2024,https://www.morganstanley.com/about-us,20240703044621.0,http://web.archive.org/web/20240703044621/https://www.morganstanley.com/about-us,20240701,found,,200.0,"About Us | Morgan Stanley 1.67 M Service hours volunteered by Morgan Stanley employees 542 Cities with communities strengthened by our initiatives 42 Countries around the world benefiting from our global reach Go to Giving Back Institute for Sustainable Investing Institute for Sustainable Investing We believe that private sector capital can play a key role in driving large-scale solutions to the most critical environmental and social challenges facing the world today. We work to maximize capital to build a more sustainable future. About Us Sustainability at Morgan Stanley The Firm is dedicated to making a positive contribution to society through our core business activities, employment practices, operations and philanthropic giving. Ideas The Latest on Markets and the Economy At Morgan Stanley, we lead with exceptional ideas. Across all our businesses, we offer keen insights on today’s most critical issues. Previous Our skilled workforce is comprised of individuals drawn from a broad cross section of the global communities we serve. We know a diverse workforce and an inclusive culture matters to our clients. Through philanthropy and employee volunteerism, we support the diverse communities where our employees live and work. Next Go to Diversity Our Global Offices Investor Relations Find Morgan Stanley’s earnings releases, presentations, financials and more. Investor Relations Our Board of Directors Leadership at Morgan Stanley isn't just about good corporate governance. It's using the firm's global resources to make the world a better place. Meet Our Leaders Newsroom Find the latest contact information, press releases, and news about Morgan Stanley. Enter Newsroom Close",1698,success
BLK,BlackRock,Financials,2016,https://www.blackrock.com/corporate/about-us,,,20160701,missing,No closest snapshot found from Wayback Availability API,,,0,missing_snapshot
BLK,BlackRock,Financials,2017,https://www.blackrock.com/corporate/about-us,,,20170701,missing,No closest snapshot found from Wayback Availability API,,,0,missing_snapshot
BLK,BlackRock,Financials,2018,https://www.blackrock.com/corporate/about-us,20180628205037.0,http://web.archive.org/web/20180628205037/https://www.blackrock.com/corporate/about-us,20180701,found,,200.0,"About Us | BlackRock Global Site Directory Global Site Directory About Us Newsroom Insights Investor Relations Responsibility Careers ABOUT US Overview Mission & Principles Leadership History Global Impact Contacts and Locations GLOBAL OFFICES Find our contacts and locations info NEWSROOM Overview Media Contacts PRESS RELEASE Q1 2018 earnings BlackRock reports 1st quarter 2018 earnings here. INSIGHTS & VIEWS BlackRock Investment Institute Public Policy INVESTMENT INSIGHTS Publications and data visuals Our thought leadership in investing, risk management, portfolio construction and trading solutions INVESTOR RELATIONS Overview Annual Reports & Proxy Information SEC Filings Stock Information Dividend History Events & Presentations Corporate Governance BLACKROCK RESPONSIBILITY Overview Human capital Environmental Sustainability Ethics & Integrity Health & Safety Investment Stewardship Philanthropy FEATURED PARTNER We're partnering with Kiva Connecting grass roots entrepreneurs globally with the capital needed to start making local change LIFE AT BLACKROCK Overview Business Areas People & Culture Rewards & Benefits Inclusion & Diversity Campus Recruitment Job Search . . About BlackRock Who we are BlackRock is trusted to manage more money than any other investment firm*. Our business is investing on behalf of our clients — from large institutions to parents and grandparents, teachers, nurses, doctors and people from all walks of life who entrust their savings to us. We work only for our clients. Our promise is to give them insight into what to do with their money, providing products and services that can help them build a better financial future. Global capabilities BlackRock has world-class capabilities designed for our clients’ greatest needs, with a comprehensive range of products and services across asset classes, geographies and investment strategies. We have expertise in every region around the world , with 135 investment teams in 30 countries sharing their best thinking in order to seek better returns. Who we serve Our clients come from every corner of the globe. They are governments, companies, foundations, and millions of individuals saving for retirement, their children's educations and a better life. Our singular focus We're passionate about our work and intensely focused on performing at the highest levels. To get there, we strive to out-think and out-work competitors and find the best balance of risk and return across all investment styles on behalf of our clients. Responsibility As a fiduciary for our clients and as public company, our focus is long-term sustainability . We aim to be a responsible corporate citizen and to take into account environmental, social and governance issues that have real and quantifiable financial impacts over the long-term for our firm and the firms in which we invest. Long-term responsibility and sustainability are integrated into our business model and shareholder value creation framework and in the way we conduct our business, serve our clients and give back to the communities in which we and our clients live and work. Learn more about BlackRock History History Leadership Leadership Responsibility Responsibility About Us Overview Mission & Principles Leadership History Global Impact Contacts and Locations Newsroom Overview Media Contacts Insights BlackRock Investment Institute Public Policy Investor Relations Overview Annual Reports & Proxy Information SEC Filings Stock Information Dividend History Events & Presentations Corporate Governance Responsibility Overview Human capital Environmental Sustainability Ethics & Integrity Health & Safety Investment Stewardship Philanthropy Careers Overview Business Areas People & Culture Rewards & Benefits Inclusion & Diversity Campus Recruitment Job Search Terms & Conditions Terms & Conditions Business Continuity Business Continuity FINRA BrokerCheck FINRA BrokerCheck UK Corporate Tax Strategy UK Corporate Tax Strategy Best Ex & Order Placement Policy Best Ex & Order Placement Policy Rule 606 Disclosure Rule 606 Disclosure © 2018 BlackRock, Inc. All rights reserved. * Based on $6.288 trillion in AUM as of 12/31/17",4168,success
BLK,BlackRock,Financials,2019,https://www.blackrock.com/corporate/about-us,20181024201430.0,http://web.archive.org/web/20181024201430/https://www.blackrock.com/corporate/about-us,20190701,found,,200.0,"About Us | BlackRock Global Site Directory Global Site Directory About Us Newsroom Insights Investor Relations Responsibility Careers ABOUT US Overview Mission & Principles Leadership History Global Impact Contacts and Locations GLOBAL OFFICES Find our contacts and locations info NEWSROOM Overview Media Contacts PRESS RELEASE Q3 2018 earnings BlackRock reports 3rd quarter 2018 earnings here. INSIGHTS & VIEWS BlackRock Investment Institute Public Policy INVESTMENT INSIGHTS Publications and data visuals Our thought leadership in investing, risk management, portfolio construction and trading solutions INVESTOR RELATIONS Overview Annual Reports & Proxy Information SEC Filings Stock Information Dividend History Events & Presentations Corporate Governance BLACKROCK RESPONSIBILITY Overview Human capital Environmental Sustainability Ethics & Integrity Health & Safety Investment Stewardship Philanthropy FEATURED PARTNER We're partnering with Kiva Connecting grass roots entrepreneurs globally with the capital needed to start making local change LIFE AT BLACKROCK Overview Business Areas People & Culture Rewards & Benefits Inclusion & Diversity Campus Recruitment Job Search Access BlackRock's Q3 2018 earnings now. Access BlackRock's Q3 2018 earnings now. . . Access BlackRock's Q3 2018 earnings now. Access BlackRock's Q3 2018 earnings now. About BlackRock Who we are BlackRock is trusted to manage more money than any other investment firm*. Our business is investing on behalf of our clients — from large institutions to parents and grandparents, teachers, nurses, doctors and people from all walks of life who entrust their savings to us. We work only for our clients. Our promise is to give them insight into what to do with their money, providing products and services that can help them build a better financial future. Global capabilities BlackRock has world-class capabilities designed for our clients’ greatest needs, with a comprehensive range of products and services across asset classes, geographies and investment strategies. We have expertise in every region around the world , with 135 investment teams in 30 countries sharing their best thinking in order to seek better returns. Who we serve Our clients come from every corner of the globe. They are governments, companies, foundations, and millions of individuals saving for retirement, their children's educations and a better life. Our singular focus We're passionate about our work and intensely focused on performing at the highest levels. To get there, we strive to out-think and out-work competitors and find the best balance of risk and return across all investment styles on behalf of our clients. Responsibility As a fiduciary for our clients and as public company, our focus is long-term sustainability . We aim to be a responsible corporate citizen and to take into account environmental, social and governance issues that have real and quantifiable financial impacts over the long-term for our firm and the firms in which we invest. Long-term responsibility and sustainability are integrated into our business model and shareholder value creation framework and in the way we conduct our business, serve our clients and give back to the communities in which we and our clients live and work. Learn more about BlackRock History History Leadership Leadership Responsibility Responsibility About Us Overview Mission & Principles Leadership History Global Impact Contacts and Locations Newsroom Overview Media Contacts Insights BlackRock Investment Institute Public Policy Investor Relations Overview Annual Reports & Proxy Information SEC Filings Stock Information Dividend History Events & Presentations Corporate Governance Responsibility Overview Human capital Environmental Sustainability Ethics & Integrity Health & Safety Investment Stewardship Philanthropy Careers Overview Business Areas People & Culture Rewards & Benefits Inclusion & Diversity Campus Recruitment Job Search Terms & Conditions Terms & Conditions Business Continuity Business Continuity FINRA BrokerCheck FINRA BrokerCheck UK Corporate Tax Strategy UK Corporate Tax Strategy Best Ex & Order Placement Policy Best Ex & Order Placement Policy Rule 606 Disclosure Rule 606 Disclosure © 2018 BlackRock, Inc. All rights reserved. * Based on $6.44 trillion in AUM as of 09/30/18",4331,success
BLK,BlackRock,Financials,2020,https://www.blackrock.com/corporate/about-us,20200702134311.0,http://web.archive.org/web/20200702134311/https://www.blackrock.com/corporate/about-us,20200701,found,,200.0,"About BlackRock | BlackRock Skip to content Global Site Directory Global Site Directory About Us Newsroom Insights Investor Relations Sustainability Careers About BlackRock Mission & Principles Leadership History Global Impact Contacts and Locations Overview Media Contacts PRESS RELEASE Q1 2020 earnings Access BlackRock's Q1 2020 earnings now. INSIGHTS & VIEWS BlackRock Investment Institute Public Policy People & Money INVESTMENT INSIGHTS Publications and data visuals Our thought leadership in investing, risk management, portfolio construction and trading solutions. Overview Annual Reports & Proxy Information SEC Filings Stock Information Dividend History Events & Presentations Corporate Governance BLACKROCK SUSTAINABILITY Overview Human capital Environmental Sustainability Ethics & Integrity Health & Safety Investment Stewardship Social Impact Careers at BlackRock Search Jobs Life at BlackRock Rewards & Benefits Inclusion & Diversity Learning & Development Students Our Teams Supporting Veterans Coronavirus is accelerating cultural and economic shifts. Read our midyear outlook. Coronavirus is accelerating cultural and economic shifts. Read our midyear outlook. . . Coronavirus is accelerating cultural and economic shifts. Read our midyear outlook. Coronavirus is accelerating cultural and economic shifts. Read our midyear outlook. About BlackRock Our purpose is to help more and more people experience financial well-being. We are dedicated to helping our clients, employees, shareholders and communities achieve financial security, financial mobility, and financial freedom. Who we are BlackRock is a global investment manager and technology provider who helps investors of all types achieve their financial goals. What we do BlackRock offers a range of solutions for institutions, financial professionals and individuals from all walks of life. From shop assistants in your local stores to national organizations and non-profits, BlackRock has helped people take control of their financial security for more than 30 years. Explore our site for more information on BlackRock's missions and principles , social impact activities and corporate sustainability . What we offer Investment solutions BlackRock is designed to deliver a better solution for clients. We offer investment products from index and alpha to portfolio construction. Learn more Learn more iShares ETFs Our iShares exchange-traded funds (ETFs) offer diversified and low-cost ways to tap into the potential of the markets. Learn more Learn more Aladdin technology Aladdin produces a range of technology that seeks to provide investment professionals with the clarity to see, understand and act no matter how much the world changes. Learn more Learn more Where we stand Corporate sustainability We put an unwavering focus on long-term sustainability and ensure it is embedded across our entire business. Learn more Learn more Investment stewardship We engage with companies to inform our voting and promote sound corporate governance that is consistent with sustainable, long-term value creation. Learn more Learn more About Us About BlackRock Mission & Principles Leadership History Global Impact Contacts and Locations Newsroom Overview Media Contacts Insights BlackRock Investment Institute Public Policy People & Money Investor Relations Overview Annual Reports & Proxy Information SEC Filings Stock Information Dividend History Events & Presentations Corporate Governance Sustainability Overview Human capital Environmental Sustainability Ethics & Integrity Health & Safety Investment Stewardship Social Impact Careers Search Jobs Life at BlackRock Rewards & Benefits Inclusion & Diversity Learning & Development Students Our Teams Supporting Veterans Terms & Conditions Terms & Conditions Business Continuity Business Continuity FINRA BrokerCheck FINRA BrokerCheck UK Corporate Tax Strategy UK Corporate Tax Strategy UK Gender Pay Reporting UK Gender Pay Reporting Best Ex & Order Placement Policy Best Ex & Order Placement Policy Rule 606 Disclosure Rule 606 Disclosure © 2020 BlackRock, Inc. All rights reserved.",4106,success
BLK,BlackRock,Financials,2021,https://www.blackrock.com/corporate/about-us,20210706123747.0,http://web.archive.org/web/20210706123747/https://www.blackrock.com/corporate/about-us,20210701,found,,200.0,"About BlackRock | BlackRock Skip to content BlackRock BlackRock iShares iShares Aladdin Aladdin Our company Our company Local websites Local websites About Us Newsroom Insights Investor Relations Corporate sustainability Careers About BlackRock Principles Leadership History Global Impact Contacts and Locations Doing Business with BlackRock Diversity, Equity and Inclusion Overview Media Contacts PRESS RELEASE Q1 2021 earnings Access BlackRock's Q1 2021 earnings now. INSIGHTS & VIEWS BlackRock Investment Institute Public Policy People & Money INVESTMENT INSIGHTS Publications and data visuals Our thought leadership in investing, risk management, portfolio construction and trading solutions. Overview Annual Reports & Proxy Information SEC Filings Stock Information Dividend History Events & Presentations Corporate Governance 2020 Annual Report BLACKROCK SUSTAINABILITY Overview Where we stand Committed to sustainability Human capital Environmental Sustainability Ethics & Integrity Health & Safety Investment Stewardship Social Impact Careers at BlackRock Search Jobs Life at BlackRock Rewards & Benefits Inclusion & Diversity Learning & Development Students Our Teams Supporting Veterans Change location Change location About BlackRock Our purpose is to help more and more people experience financial well-being. Together with our clients, we’re contributing to a more equitable and resilient world – today and for generations to come. Who we are Our contribution Who we serve Where we stand Who we are 16,000 people of different backgrounds, races and nationalities 1 82 languages addressing the needs of a multilingual client base 1 38 countries enabling us to help more and more people 1 We’re investors Putting to work the hard-earned savings of people and institutions around the world in global markets. We’re technologists Constantly innovating to bring convenience, transparency and precision to investing. We’re team members Challenging each other to grow and develop professionally so we can have a greater impact. We’re involved citizens Speaking out for diversity, equity and inclusion, and working to reduce our environmental footprint. At BlackRock, we believe we’re at our best when our employees connect their personal purpose to their work and our firm’s purpose. In our “What’s Your Why” series, employees share how they bring their passions to what they do. Our contribution Financial security We help millions of people invest to build savings that serve them throughout their lives. Investment access We make investing easier and more affordable. Sustainable outcomes We advance sustainable investing because our conviction is it delivers better outcomes for investors. Inclusive economies We contribute to a more resilient economy that benefits more people. Learn more Learn more Who we serve Individuals and families Investing for retirement, a new home or a child's education. Financial advisors Helping people at all income levels invest for their futures. Educational and nonprofit organizations Working to educate more students and solve social challenges. Pension plans Managing the retirement savings of teachers, doctors, workers and small business owners. Insurance companies Supporting people during life’s most difficult moments. Governments Financing new hospitals, schools, roads and other projects helping to drive economic growth. Where we stand Sustainability Reporting our progress: our 2020 Sustainability Actions Stewardship Using our voice as shareholders: 2021 Stewardship Global Principles Purpose Where we stand on the journey to prosperity for more and more people Explore more About Us About BlackRock Principles Leadership History Global Impact Contacts and Locations Doing Business with BlackRock Newsroom Overview Media Contacts Insights INSIGHTS & VIEWS BlackRock Investment Institute Public Policy Investor Relations Overview Annual Reports & Proxy Information SEC Filings Stock Information Dividend History Events & Presentations Corporate Governance Corporate sustainability BLACKROCK SUSTAINABILITY Overview Where we stand Committed to sustainability Human capital Environmental Sustainability Ethics & Integrity Health & Safety Investment Stewardship Social Impact Careers Careers at BlackRock Search Jobs Life at BlackRock Rewards & Benefits Inclusion & Diversity Learning & Development Students Our Teams Keep exploring As a global investment manager and fiduciary to our clients, our purpose at BlackRock is to help everyone experience financial well-being. Since 1999, we've been a leading provider of financial technology, and our clients turn to us for the solutions they need when planning for their most important goals. Corporate Careers Careers Newsroom Newsroom Investor relations Investor relations UK Corporate Tax Strategy UK Corporate Tax Strategy UK Gender Pay Reporting UK Gender Pay Reporting Legal Terms & Conditions Terms & Conditions Business Continuity Business Continuity FINRA BrokerCheck FINRA BrokerCheck Best Ex & Order Placement Policy Best Ex & Order Placement Policy Rule 606 Disclosure Rule 606 Disclosure © 2021 BlackRock, Inc. All rights reserved. 1 BlackRock, as of September 30, 2020. This material is intended for information purposes only, and is subject to change without notice. Nothing herein is intended to constitute investment advice, a recommendation or an offer or solicitation to purchase or sell any securities, funds or strategies to any person in any jurisdiction in which an offer, solicitation, purchase or sale would be unlawful under the securities laws of such jurisdiction. Investing involves risks. MKTGH0121U/M-1484007",5640,success
BLK,BlackRock,Financials,2022,https://www.blackrock.com/corporate/about-us,20220629111955.0,http://web.archive.org/web/20220629111955/https://www.blackrock.com/corporate/about-us,20220701,found,,200.0,"About BlackRock | BlackRock Skip to content BlackRock BlackRock iShares iShares Aladdin Aladdin Our company Our company Local websites Local websites About Us Newsroom Insights Investor Relations Corporate sustainability Careers About BlackRock Principles Leadership History Global Impact Contacts and Locations Doing Business with BlackRock Diversity, Equity and Inclusion Overview Media Contacts PRESS RELEASE Q1 2022 Earnings Access BlackRock's Q1 2022 earnings INSIGHTS & VIEWS BlackRock Investment Institute Public Policy People & Money INVESTMENT INSIGHTS Publications and data visuals Our thought leadership in investing, risk management, portfolio construction and trading solutions. Overview Annual Reports & Proxy Information SEC Filings Stock Information Dividend History Events & Presentations Corporate Governance 2021 Annual report BLACKROCK SUSTAINABILITY Corporate Sustainability Where we stand Committed to sustainability Human capital Environmental Sustainability Ethics & Integrity Health & Safety Investment Stewardship Social Impact Careers at BlackRock Search Jobs Life at BlackRock Rewards & Benefits Inclusion & Diversity Learning & Development Students Our Teams Supporting Veterans BlackRock Alumni Network Change location Change location About BlackRock To view this video please enable JavaScript, and consider upgrading to a web browser that supports HTML5 video. Transcript NARRATOR: Since our founding over 30 years ago, BlackRock has approached change with courage, humility, and a goal of staying ahead of our clients' needs. We've always recognized our great responsibility to our clients and to the communities we serve around the world. We help millions of people invest to build savings that serve them throughout their lives. We make investing easier and more affordable. We advance sustainable investing. And we contribute to a more inclusive and resilient economy that benefits more people. To meet the needs of our clients over the long term, we're continuing to evolve, invest, and innovate. We are challenging ourselves and the industry by asking big questions. Like how can we contribute to an effective transition to a net zero economy? How can we bring the voices of individual shareholders to the companies they invest in? And how can we help more people benefit from the long-term growth of capital markets? BlackRock is investing for the future so we can better serve our clients, inspire our employees, and support our communities. This is how we remain true to our purpose of helping more and more people experience financial well-being. BlackRock is one of the world’s leading providers of investment, advisory and risk management solutions. We are a fiduciary to our clients. We’re investing for the future on behalf of our clients, inspiring our employees, and supporting our local communities. Watch the video to learn more. Explore our purpose Explore our purpose What we do Our contribution Who we are Who we serve Where we stand Our purpose is to help more and more people experience financial well-being. Together with our clients, we’re contributing to a more equitable and resilient world – today and for generations to come. We are committed to advancing... Financial well-being: We help millions of people invest to build savings that serve them throughout their lives. As it becomes harder to save for goals like retirement, how can we help more people invest for their future? Better retirement for all Better retirement for all Investment access: We make investing easier and more affordable. How can we use our expertise to help more and more people invest? Investing with iShares Investing with iShares Sustainable outcomes: We advance sustainable investing because our conviction is it delivers better outcomes for our investors. As the world moves towards a net zero economy, how can we help investors prepare for the transition? Our commitment to sustainability Our commitment to sustainability Inclusive economies: We contribute to a more resilient economy that benefits more people. How can we empower investors to make better, safer decisions, and advocate for a financial system that is more inclusive and sustainable for all stakeholders? Prosperity for more people Prosperity for more people Stories of social contribution To view this video please enable JavaScript, and consider upgrading to a web browser that supports HTML5 video. Share Facebook Twitter Linkedin Transcript Philanthropic capital can help accelerate the availability of clean energy technologies. That’s why The BlackRock Foundation is giving $100 million to Breakthrough Energy’s Catalyst program to finance innovative solutions that combat climate change. Our commitment will help develop four clean energy technologies: direct air capture, green hydrogen, sustainable aviation fuel and long-duration energy storage. Breakthrough Energy Catalyst believes that with significant investments in green innovation, the market at scale can make green tech more affordable and help reduce gigatons of CO2 from the atmosphere every year. The BlackRock Foundation is committed to helping people build financial well-being and promoting an inclusive transition to a low-carbon future. To learn more about Breakthrough Energy Catalyst, visit blackrock.com/breakthrough Transcript Philanthropic capital can help accelerate the availability of clean energy technologies. That’s why The BlackRock Foundation is giving $100 million to Breakthrough Energy’s Catalyst program to finance innovative solutions that combat climate change. Our commitment will help develop four clean energy technologies: direct air capture, green hydrogen, sustainable aviation fuel and long-duration energy storage. Breakthrough Energy Catalyst believes that with significant investments in green innovation, the market at scale can make green tech more affordable and help reduce gigatons of CO2 from the atmosphere every year. The BlackRock Foundation is committed to helping people build financial well-being and promoting an inclusive transition to a low-carbon future. To learn more about Breakthrough Energy Catalyst, visit blackrock.com/breakthrough Who we are 18,000+ people of different backgrounds, races, and nationalities 1 131 languages addressing the needs of a multilingual client base 1 36 countries enabling us to help more and more people 1 To view this video please enable JavaScript, and consider upgrading to a web browser that supports HTML5 video. Share Facebook Twitter Linkedin Transcript When I was young I wasn’t sure at first what might I do in this big world. I grew up with the goal of pursuing a career in business but also giving back to the community. I wanted to enter a company that actually cares about what’s going on. BlackRock’s given me the opportunity to combine my personal and professional passions. What we are doing that is something impacting our society. Our aim is to help empower people with our savings. We are offering hiring people that have had a diverse backgrounds. As a minority get crucial to have a firm that is diverse. Black Rock has given me opportunity, I feel like I can belong in finance. I feel that I’m doing something special. I feel I have the power to bring in the change that I want. At BlackRock, we work with our own values in everything that we do today. At BlackRock, we believe we’re at our best when our employees connect their personal purpose to their work and our firm’s purpose. In our “What’s Your Why” series, employees share how they bring their passions to what they do. Who we serve Individuals and families Providing choice for those investing for retirement, a new home or a child’s education. Financial advisors Helping people at all income levels invest for their futures. Educational and nonprofit organizations Working to educate more students and solve social challenges. Pension plans Managing the retirement savings of teachers, doctors, workers, and small business owners. Insurance companies Supporting people during life’s most difficult moments. Governments Financing new hospitals, schools, roads and other projects helping to drive economic growth. Where we stand Stewardship Using our voice as shareholders: 2022 stewardship global principles Sustainability From ambition to action: the path to net zero DEI Our commitment to diversity, equity and inclusion Explore more About Us About BlackRock Principles Leadership History Global Impact Contacts and Locations Doing Business with BlackRock Newsroom Overview Media Contacts Insights INSIGHTS & VIEWS BlackRock Investment Institute Public Policy Investor Relations Overview Annual Reports & Proxy Information SEC Filings Stock Information Dividend History Events & Presentations Corporate Governance Corporate sustainability BLACKROCK SUSTAINABILITY Corporate Sustainability Where we stand Committed to sustainability Human capital Environmental Sustainability Ethics & Integrity Health & Safety Investment Stewardship Social Impact Careers Careers at BlackRock Search Jobs Life at BlackRock Rewards & Benefits Inclusion & Diversity Learning & Development Students Our Teams Supporting Veterans BlackRock Alumni Network Keep exploring As a global investment manager and fiduciary to our clients, our purpose at BlackRock is to help everyone experience financial well-being. Since 1999, we've been a leading provider of financial technology, and our clients turn to us for the solutions they need when planning for their most important goals. Corporate Careers Careers Newsroom Newsroom Investor relations Investor relations UK Corporate Tax Strategy UK Corporate Tax Strategy UK Gender Pay Reporting UK Gender Pay Reporting Accessibility Accessibility Responsible Disclosure Responsible Disclosure Legal Terms & Conditions Terms & Conditions Business Continuity Business Continuity FINRA BrokerCheck FINRA BrokerCheck Best Ex & Order Placement Policy Best Ex & Order Placement Policy Rule 606 Disclosure Rule 606 Disclosure Investor Rights Investor Rights Manage cookies © 2022 BlackRock, Inc. All rights reserved. 1 BlackRock as of December 31, 2021. 2 BlackRock Emergency Savings Initiative. 3 BlackRock as of November 01 2020. 4 BlackRock as of September 30 2020. This material is intended for information purposes only, and does not constitute investment advice, a recommendation or an offer or solicitation to purchase or sell any securities, funds or strategies to any person in any jurisdiction in which an offer, solicitation, purchase or sale would be unlawful under the securities laws of such jurisdiction. The opinions expressed are subject to change without notice. Reliance upon information in this material is at the sole discretion of the reader. Investing involves risks. In the UK and inside the EEA: Until 31 December 2020, issued by BlackRock Investment Management (UK) Limited, authorised and regulated by the Financial Conduct Authority. Registered office: 12 Throgmorton Avenue, London, EC2N 2DL. Tel: + 44 (0)20 7743 3000. Registered in England and Wales No. 02020394. For your protection telephone calls are usually recorded. Please refer to the Financial Conduct Authority website for a list of authorised activities conducted by BlackRock. From 1 January 2021, in the event the United Kingdom and the European Union do not enter into an arrangement which permits United Kingdom firms to offer and provide financial services into the European Economic Area, the issuer of this material is: BlackRock Investment Management (UK) Limited for all outside of the European Economic Area; and (ii) BlackRock (Netherlands) B.V. for in the European Economic Area, BlackRock (Netherlands) B.V. is authorised and regulated by the Netherlands Authority for the Financial Markets. Registered office Amstelplein 1, 1096 HA, Amsterdam, Tel: 020 – 549 5200, Tel: 31-20-549-5200. Trade Register No. 17068311 For your protection telephone calls are usually recorded. In Switzerland: This document is marketing material. Issued by BlackRock Investment Management (UK) Limited, authorised and regulated by the Financial Conduct Authority. Registered office: 12 Throgmorton Avenue, London, EC2N 2DL. Tel: + 44 (0)20 7743 3000. Registered in England and Wales No. 02020394. For your protection telephone calls are usually recorded. In the U.S. and Canada , this material is intended for public distribution. In Latin America: No securities regulator has confirmed the accuracy of any information contained herein. The provision of investment management and investment advisory services is a regulated activity in Mexico thus is subject to strict rules. For more information on the Investment Advisory Services offered by BlackRock Mexico please refer to the Investment Services Guide available at www.blackrock.com/mx In Singapore , this is issued by BlackRock (Singapore) Limited (Co. registration no. 200010143N). This advertisement or publication has not been reviewed by the Monetary Authority of Singapore. In Hong Kong , this material is issued by BlackRock Asset Management North Asia Limited and has not been reviewed by the Securities and Futures Commission of Hong Kong. In South Korea, this is issued by BlackRock Investment Management (Korea) Limited. For information or educational purposes only, not for reuse, redistribution, or any commercial activity, and does not constitute investment advice or an offer or solicitation to purchase or sells in any securities or any investment strategies. In Taiwan , independently operated by BlackRock Investment Management (Taiwan) Limited. Address: 28F., No. 100, Songren Rd., Xinyi Dist., Taipei City 110, Taiwan. Tel: (02)23261600. In Australia , issued by BlackRock Investment Management (Australia) Limited ABN 13 006 165 975 AFSL 230 523 (BIMAL). The material provides general information only and does not take into account your individual objectives, financial situation, needs or circumstances. In China , this material is provided for informational or educational purposes in People’s Republic of China (""PRC"", for such purposes, excluding Hong Kong, Macau and Taiwan) only and does not constitute a solicitation of any securities or BlackRock funds. This material is provided for informational or educational purposes in People’s Republic of China (""PRC"", for such purposes, excluding Hong Kong, Macau and Taiwan) only and does not constitute a solicitation of any securities or BlackRock funds or any financial services in any jurisdiction in which such solicitation is unlawful or to any person to whom it is unlawful. ©2022 BlackRock, Inc. All Rights Reserved. BLACKROCK is a trademark of BlackRock, Inc., or its subsidiaries in the United States and elsewhere. All other trademarks are those of their respective owners. MKTGH0322U/M-2067663",14779,success
BLK,BlackRock,Financials,2023,https://www.blackrock.com/corporate/about-us,20230627230114.0,http://web.archive.org/web/20230627230114/https://www.blackrock.com/corporate/about-us,20230701,found,,200.0,"About BlackRock - What We Do, Who We Are & Our Purpose | BlackRock Skip to content BlackRock BlackRock iShares iShares Aladdin Aladdin Our company Our company Local websites Local websites About Us Newsroom Insights Investor Relations Corporate sustainability Careers About BlackRock Principles Leadership History Global Impact Contacts and Locations Doing Business with BlackRock Diversity, Equity and Inclusion Overview Media Contacts PRESS RELEASE Q1 2023 Earnings Access BlackRock's Q1 2023 earnings INSIGHTS & VIEWS BlackRock Investment Institute Investment Stewardship Our approach to sustainability Public Policy Long-term capitalism INVESTMENT INSIGHTS Publications and data visuals Our thought leadership in investing, risk management, portfolio construction and trading solutions. Overview Annual Reports & Proxy Information SEC Filings Stock Information Dividend History Events & Presentations Corporate Governance 2022 Annual report BLACKROCK SUSTAINABILITY Corporate Sustainability Human capital Environmental Sustainability Ethics & Integrity Health & Safety Social Impact Careers at BlackRock Search Jobs Life at BlackRock Rewards & Benefits Inclusion & Diversity Learning & Development Students Our Teams Supporting Veterans BlackRock Alumni Network Change location Change location About BlackRock To view this video please enable JavaScript, and consider upgrading to a web browser that supports HTML5 video. Transcript NARRATOR: Since our founding over 30 years ago, BlackRock has approached change with courage, humility, and a goal of staying ahead of our clients' needs. We've always recognized our great responsibility to our clients and to the communities we serve around the world. We help millions of people invest to build savings that serve them throughout their lives. We make investing easier and more affordable. We advance sustainable investing. And we contribute to a more inclusive and resilient economy that benefits more people. To meet the needs of our clients over the long term, we're continuing to evolve, invest, and innovate. We are challenging ourselves and the industry by asking big questions. Like how can we contribute to an effective transition to a net zero economy? How can we bring the voices of individual shareholders to the companies they invest in? And how can we help more people benefit from the long-term growth of capital markets? BlackRock is investing for the future so we can better serve our clients, inspire our employees, and support our communities. This is how we remain true to our purpose of helping more and more people experience financial well-being. BlackRock is one of the world’s leading providers of investment, advisory and risk management solutions. We are a fiduciary to our clients. We’re investing for the future on behalf of our clients, inspiring our employees, and supporting our local communities. Watch the video to learn more. What we do Who we are Who we serve Our purpose is to help more and more people experience financial well-being. Together with our clients, we’re contributing to a more equitable and resilient world – today and for generations to come. Our focus Financial well-being We help millions of people invest to build savings that serve them throughout their lives. As it becomes harder to save for goals like retirement, how can we help more people invest for their future? Better retirement for all Better retirement for all Investment access We make investing easier and more affordable. How can we use our expertise to help more and more people invest? Investing with iShares Investing with iShares Acting as a fiduciary Our investment approach is informed by three principles: we start by understanding the client’s investment objectives; we seek the best risk-adjusted returns within the scope of the mandate they give us; and we underpin our work with research, data, and analytics. We apply those same principles to sustainability and the low-carbon transition. Explore sustainability at BlackRock Explore sustainability at BlackRock Resilient economies Our purpose is to help more and more people experience financial well-being. In addition to offering our clients choice to meet their investment goals, we also work to bring economic opportunities to more people through the BlackRock Foundation and our employee engagement programs. Who we are 19,000+ people of different backgrounds, races, and nationalities 1 135 languages addressing the needs of a multilingual client base 2 36 countries enabling us to help more and more people 3 To view this video please enable JavaScript, and consider upgrading to a web browser that supports HTML5 video. Share Facebook Twitter Linkedin Transcript When I was young I wasn’t sure at first what might I do in this big world. I grew up with the goal of pursuing a career in business but also giving back to the community. I wanted to enter a company that actually cares about what’s going on. BlackRock’s given me the opportunity to combine my personal and professional passions. What we are doing that is something impacting our society. Our aim is to help empower people with our savings. We are offering hiring people that have had a diverse backgrounds. As a minority get crucial to have a firm that is diverse. Black Rock has given me opportunity, I feel like I can belong in finance. I feel that I’m doing something special. I feel I have the power to bring in the change that I want. At BlackRock, we work with our own values in everything that we do today. At BlackRock, we believe we’re at our best when our employees connect their personal purpose to their work and our firm’s purpose. In our “What’s Your Why” series, employees share how they bring their passions to what they do. Who we serve Individuals and families Providing choice for those investing for retirement, a new home or a child’s education. Financial advisors Helping people at all income levels invest for their futures. Educational and nonprofit organizations Working to educate more students and solve social challenges. Pension plans Managing the retirement savings of teachers, doctors, workers, and small business owners. Insurance companies Supporting people during life’s most difficult moments. Governments Financing new hospitals, schools, roads and other projects helping to drive economic growth. Explore more Leadership Leadership Careers Careers Explore more About Us About BlackRock Principles Leadership History Global Impact Contacts and Locations Doing Business with BlackRock Newsroom Overview Media Contacts Insights INSIGHTS & VIEWS BlackRock Investment Institute Investment Stewardship Our approach to sustainability Public Policy Long-term capitalism Investor Relations Overview Annual Reports & Proxy Information SEC Filings Stock Information Dividend History Events & Presentations Corporate Governance Corporate sustainability BLACKROCK SUSTAINABILITY Corporate Sustainability Human capital Environmental Sustainability Ethics & Integrity Health & Safety Social Impact Careers Careers at BlackRock Search Jobs Life at BlackRock Rewards & Benefits Inclusion & Diversity Learning & Development Students Our Teams Supporting Veterans BlackRock Alumni Network Keep exploring As a global investment manager and fiduciary to our clients, our purpose at BlackRock is to help everyone experience financial well-being. Since 1999, we've been a leading provider of financial technology, and our clients turn to us for the solutions they need when planning for their most important goals. Corporate Careers Careers Newsroom Newsroom Investor relations Investor relations UK Corporate Tax Strategy UK Corporate Tax Strategy UK Gender Pay Reporting UK Gender Pay Reporting Accessibility Accessibility Responsible Disclosure Responsible Disclosure Legal Terms & Conditions Terms & Conditions Business Continuity Business Continuity FINRA BrokerCheck FINRA BrokerCheck Best Ex & Order Placement Policy Best Ex & Order Placement Policy Rule 606 Disclosure Rule 606 Disclosure Investor Rights Investor Rights Manage cookies © 2023 BlackRock, Inc. All rights reserved. 1 BlackRock as of April 13, 2023. 2 BlackRock as of April 13, 2023. 3 BlackRock as of April 13, 2023. 4 BlackRock as of September 30 2020. This material is intended for information purposes only, and does not constitute investment advice, a recommendation or an offer or solicitation to purchase or sell any securities, funds or strategies to any person in any jurisdiction in which an offer, solicitation, purchase or sale would be unlawful under the securities laws of such jurisdiction. The opinions expressed are subject to change without notice. Reliance upon information in this material is at the sole discretion of the reader. Investing involves risks. In the UK and inside the EEA: Until 31 December 2020, issued by BlackRock Investment Management (UK) Limited, authorised and regulated by the Financial Conduct Authority. Registered office: 12 Throgmorton Avenue, London, EC2N 2DL. Tel: + 44 (0)20 7743 3000. Registered in England and Wales No. 02020394. For your protection telephone calls are usually recorded. Please refer to the Financial Conduct Authority website for a list of authorised activities conducted by BlackRock. From 1 January 2021, in the event the United Kingdom and the European Union do not enter into an arrangement which permits United Kingdom firms to offer and provide financial services into the European Economic Area, the issuer of this material is: BlackRock Investment Management (UK) Limited for all outside of the European Economic Area; and (ii) BlackRock (Netherlands) B.V. for in the European Economic Area, BlackRock (Netherlands) B.V. is authorised and regulated by the Netherlands Authority for the Financial Markets. Registered office Amstelplein 1, 1096 HA, Amsterdam, Tel: 020 – 549 5200, Tel: 31-20-549-5200. Trade Register No. 17068311 For your protection telephone calls are usually recorded. In Switzerland: This document is marketing material. Issued by BlackRock Investment Management (UK) Limited, authorised and regulated by the Financial Conduct Authority. Registered office: 12 Throgmorton Avenue, London, EC2N 2DL. Tel: + 44 (0)20 7743 3000. Registered in England and Wales No. 02020394. For your protection telephone calls are usually recorded. In the U.S. and Canada , this material is intended for public distribution. In Latin America: No securities regulator has confirmed the accuracy of any information contained herein. The provision of investment management and investment advisory services is a regulated activity in Mexico thus is subject to strict rules. For more information on the Investment Advisory Services offered by BlackRock Mexico please refer to the Investment Services Guide available at www.blackrock.com/mx In Singapore , this is issued by BlackRock (Singapore) Limited (Co. registration no. 200010143N). This advertisement or publication has not been reviewed by the Monetary Authority of Singapore. In Hong Kong , this material is issued by BlackRock Asset Management North Asia Limited and has not been reviewed by the Securities and Futures Commission of Hong Kong. In South Korea, this is issued by BlackRock Investment Management (Korea) Limited. For information or educational purposes only, not for reuse, redistribution, or any commercial activity, and does not constitute investment advice or an offer or solicitation to purchase or sells in any securities or any investment strategies. In Taiwan , independently operated by BlackRock Investment Management (Taiwan) Limited. Address: 28F., No. 100, Songren Rd., Xinyi Dist., Taipei City 110, Taiwan. Tel: (02)23261600. In Australia , issued by BlackRock Investment Management (Australia) Limited ABN 13 006 165 975 AFSL 230 523 (BIMAL). The material provides general information only and does not take into account your individual objectives, financial situation, needs or circumstances. In China , this material is provided for informational or educational purposes in People’s Republic of China (""PRC"", for such purposes, excluding Hong Kong, Macau and Taiwan) only and does not constitute a solicitation of any securities or BlackRock funds. This material is provided for informational or educational purposes in People’s Republic of China (""PRC"", for such purposes, excluding Hong Kong, Macau and Taiwan) only and does not constitute a solicitation of any securities or BlackRock funds or any financial services in any jurisdiction in which such solicitation is unlawful or to any person to whom it is unlawful. ©2023 BlackRock, Inc. All Rights Reserved. BLACKROCK is a trademark of BlackRock, Inc., or its subsidiaries in the United States and elsewhere. All other trademarks are those of their respective owners. MKTGH0523U/M-2887137",12795,success
BLK,BlackRock,Financials,2024,https://www.blackrock.com/corporate/about-us,20240703150858.0,http://web.archive.org/web/20240703150858/https://www.blackrock.com/corporate/about-us,20240701,found,,200.0,"About BlackRock - What We Do, Who We Are & Our Purpose | BlackRock Skip to content BlackRock BlackRock iShares iShares Aladdin Aladdin Our company Our company Local websites Local websites About Us Newsroom Insights Investor Relations Corporate sustainability Careers About BlackRock Principles Leadership History Global Impact Contacts and Locations Doing Business with BlackRock Diversity, Equity and Inclusion Overview Media Contacts PRESS RELEASE Q1 2024 earnings Access BlackRock's Q1 2024 earnings INSIGHTS & VIEWS BlackRock Investment Institute Investment Stewardship Our approach to sustainability Public Policy Long-term capitalism Investor Perspectives BLACKROCK INVESTMENT INSTITUTE Mega forces: An investment opportunity Mega forces are big, structural changes that affect investing now - and far in the future. This creates major opportunities - and risks - for investors. Overview Annual Reports & Proxy Information SEC Filings Stock Information Dividend History Events & Presentations Corporate Governance 2022 Annual report BLACKROCK SUSTAINABILITY Corporate Sustainability Human capital Environmental Sustainability Ethics & Integrity Health & Safety Social Impact Careers at BlackRock Search Jobs Life at BlackRock Rewards & Benefits Inclusion & Diversity Learning & Development Students Our Teams Supporting Veterans BlackRock Alumni Network Change location Change location About BlackRock To view this video please enable JavaScript, and consider upgrading to a web browser that supports HTML5 video. Transcript NARRATOR: Since our founding over 30 years ago, BlackRock has approached change with courage, humility, and a goal of staying ahead of our clients' needs. We've always recognized our great responsibility to our clients and to the communities we serve around the world. We help millions of people invest to build savings that serve them throughout their lives. We make investing easier and more affordable. We advance sustainable investing. And we contribute to a more inclusive and resilient economy that benefits more people. To meet the needs of our clients over the long term, we're continuing to evolve, invest, and innovate. We are challenging ourselves and the industry by asking big questions. Like how can we contribute to an effective transition to a net zero economy? How can we bring the voices of individual shareholders to the companies they invest in? And how can we help more people benefit from the long-term growth of capital markets? BlackRock is investing for the future so we can better serve our clients, inspire our employees, and support our communities. This is how we remain true to our purpose of helping more and more people experience financial well-being. BlackRock is one of the world’s leading providers of investment, advisory and risk management solutions. We are a fiduciary to our clients. We’re investing for the future on behalf of our clients, inspiring our employees, and supporting our local communities. Watch the video to learn more. What we do Who we are Who we serve Our purpose is to help more and more people experience financial well-being. Together with our clients, we’re contributing to a more equitable and resilient world – today and for generations to come. Our focus Financial well-being We help millions of people invest to build savings that serve them throughout their lives. As it becomes harder to save for goals like retirement, we help more people invest for their future. Investment access We make investing easier and more affordable. How can we use our expertise to help more and more people invest? Investing with iShares Investing with iShares Acting as a fiduciary Our investment approach is informed by three principles: we start by understanding the client’s investment objectives; we seek the best risk-adjusted returns within the scope of the mandate they give us; and we underpin our work with research, data, and analytics. We apply those same principles to sustainability and the low-carbon transition. Explore sustainability at BlackRock Explore sustainability at BlackRock Resilient economies Our purpose is to help more and more people experience financial well-being. In addition to offering our clients choice to meet their investment goals, we also work to bring economic opportunities to more people through the BlackRock Foundation and our employee engagement programs. Who we are 19,000+ people of different backgrounds, races, and nationalities 1 135 languages addressing the needs of a multilingual client base 2 42 countries enabling us to help more and more people 3 To view this video please enable JavaScript, and consider upgrading to a web browser that supports HTML5 video. Share Facebook Twitter Linkedin Transcript When I was young I wasn’t sure at first what might I do in this big world. I grew up with the goal of pursuing a career in business but also giving back to the community. I wanted to enter a company that actually cares about what’s going on. BlackRock’s given me the opportunity to combine my personal and professional passions. What we are doing that is something impacting our society. Our aim is to help empower people with our savings. We are offering hiring people that have had a diverse backgrounds. As a minority get crucial to have a firm that is diverse. Black Rock has given me opportunity, I feel like I can belong in finance. I feel that I’m doing something special. I feel I have the power to bring in the change that I want. At BlackRock, we work with our own values in everything that we do today. At BlackRock, we believe we’re at our best when our employees connect their personal purpose to their work and our firm’s purpose. In our “What’s Your Why” series, employees share how they bring their passions to what they do. Who we serve Individuals and families Providing choice for those investing for retirement, a new home or a child’s education. Financial advisors Helping people at all income levels invest for their futures. Educational and nonprofit organizations Working to educate more students and solve social challenges. Pension plans Managing the retirement savings of teachers, doctors, workers, and small business owners. Insurance companies Supporting people during life’s most difficult moments. Governments Financing new hospitals, schools, roads and other projects helping to drive economic growth. Explore more Leadership Leadership Careers Careers Scams and fraud: Read how to protect yourself Scams and fraud: Read how to protect yourself Explore more About Us About BlackRock Principles Leadership History Global Impact Contacts and Locations Doing Business with BlackRock Newsroom Overview Media Contacts Insights INSIGHTS & VIEWS BlackRock Investment Institute Investment Stewardship Our approach to sustainability Public Policy Long-term capitalism Investor Perspectives Investor Relations Overview Annual Reports & Proxy Information SEC Filings Stock Information Dividend History Events & Presentations Corporate Governance Corporate sustainability BLACKROCK SUSTAINABILITY Corporate Sustainability Human capital Environmental Sustainability Ethics & Integrity Health & Safety Social Impact Careers Careers at BlackRock Search Jobs Life at BlackRock Rewards & Benefits Inclusion & Diversity Learning & Development Students Our Teams Supporting Veterans BlackRock Alumni Network Keep exploring As a global investment manager and fiduciary to our clients, our purpose at BlackRock is to help everyone experience financial well-being. Since 1999, we've been a leading provider of financial technology, and our clients turn to us for the solutions they need when planning for their most important goals. Corporate Fraud protection tips Fraud protection tips Careers Careers Newsroom Newsroom Investor relations Investor relations UK Corporate Tax Strategy UK Corporate Tax Strategy UK Gender Pay Reporting UK Gender Pay Reporting Accessibility Accessibility Responsible Disclosure Responsible Disclosure Legal Terms & Conditions Terms & Conditions Business Continuity Business Continuity FINRA BrokerCheck FINRA BrokerCheck Best Ex & Order Placement Policy Best Ex & Order Placement Policy Rule 606 Disclosure Rule 606 Disclosure Investor Rights Investor Rights Manage cookies © 2024 BlackRock, Inc. All rights reserved. 1 BlackRock as of April 4, 2024. 2 BlackRock as of April 4, 2024. 3 BlackRock as of April 4, 2024. This material is intended for information purposes only, and does not constitute invest ent advice, a recommendation or an offer or solicitation to purchase or sell any securities, funds or strategies to any person in any jurisdiction in which an offer, solicitation, purchase or sale would be unlawful under the securities laws of such jurisdiction. The opinions expressed are subject to change without notice. Reliance upon information in this material is at the sole discretion of the reader. Investing involves risks. This document is marketing material: Before investing please read the Prospectus and the PRIIPs KID available on www.blackrock.com/it, which contain a summary of investors’ rights. In the UK and Non-European Economic Area (EEA) countries : this is Issued by BlackRock Investment Management (UK) Limited, authorised and regulated by the Financial Conduct Authority. Registered office: 12 Throgmorton Avenue, London, EC2N 2DL. Tel: + 44 (0)20 7743 3000. Registered in England and Wales No. 02020394. For your protection telephone calls are usually recorded. Please refer to the Financial Conduct Authority website for a list of authorised activities conducted by BlackRock. In the European Economic Area (EEA): this is Issued by BlackRock (Netherlands) B.V. is authorised and regulated by the Netherlands Authority for the Financial Markets. Registered office Amstelplein 1, 1096 HA, Amsterdam, Tel: 020 – 549 5200, Tel: 31-20-549-5200. Trade Register No. 17068311 For your protection telephone calls are usually recorded. In Switzerland : This document is marketing material. Issued by BlackRock Investment Management (UK) Limited, authorized and regulated by the Financial Conduct Authority. Registered office: 12 Throgmorton Avenue, London, EC2N 2DL. Tel: + 44 (0)20 7743 3000. Registered in England and Wales No. 02020394. For your protection telephone calls are usually recorded. In Israel : BlackRock Investment Management (UK) Limited is not licenced under Israel's Regulation of Investment Advice, Investment Marketing and Portfolio Management Law, 5755-1995 (the “Advice Law”), nor does it carry insurance thereunder. In South Africa : Please be advised that BlackRock Investment Management (UK) Limited is an authorised Financial Services provider with the South African Financial Services Conduct Authority, FSP No. 43288. In the U.S. and Canada , this material is intended for public distribution. In Latin America : No securities regulator has confirmed the accuracy of any information contained herein. The provision of investment management and investment advisory services is a regulated activity in Mexico thus is subject to strict rules. For more information on the Investment Advisory Services offered by BlackRock Mexico please refer to the Investment Services Guide available at www.blackrock.com/mx In Singapore , this is issued by BlackRock (Singapore) Limited (Co. registration no. 200010143N). This advertisement or publication has not been reviewed by the Monetary Authority of Singapore. In Hong Kong , this material is issued by BlackRock Asset Management North Asia Limited and has not been reviewed by the Securities and Futures Commission of Hong Kong. In South Korea , this is issued by BlackRock Investment Management (Korea) Limited. For information or educational purposes only, not for reuse, redistribution, or any commercial activity, and does not constitute investment advice or an offer or solicitation to purchase or sells in any securities or any investment strategies. In Taiwan , independently operated by BlackRock Investment Management (Taiwan) Limited. Address: 28F., No. 100, Songren Rd., Xinyi Dist., Taipei City 110, Taiwan. Tel: (02)23261600. In Australia , issued by BlackRock Investment Management (Australia) Limited ABN 13 006 165 975 AFSL 230 523 (BIMAL). The material provides general information only and does not take into account your individual objectives, financial situation, needs or circumstances. In China , this material is provided for informational or educational purposes in People’s Republic of China (""PRC"", for such purposes, excluding Hong Kong, Macau and Taiwan) only and does not constitute a solicitation of any securities or BlackRock funds or any financial services in any jurisdiction in which such solicitation is unlawful or to any person to whom it is unlawful. ©2024 BlackRock, Inc. All Rights Reserved. BLACKROCK and iShares are a trademark of BlackRock, Inc., or its subsidiaries in the United States and elsewhere. All other trademarks are those of their respective owners. MKTGH0624U/M-3571901",13002,success
SCHW,Charles Schwab,Financials,2016,https://www.schwabjobs.com/aboutschwab,,,20160701,missing,No closest snapshot found from Wayback Availability API,,,0,missing_snapshot
SCHW,Charles Schwab,Financials,2017,https://www.schwabjobs.com/aboutschwab,20230206034617.0,http://web.archive.org/web/20230206034617/https://www.schwabjobs.com/aboutschwab,20170701,found,,200.0,"Working at Schwab I Schwab Jobs At Schwab, “Own Your Tomorrow” embodies everything we do! Financial services can be complicated. We are trying to fix that. We have a history of challenging the status quo and innovating in ways that help individuals create a better tomorrow. Our purpose is to champion every client’s goals with passion and integrity, empowering them to take ownership of their financial future at every income level and life stage. Our values Earning our clients' trust by treating them in an ethical, empathetic, and proactive way. Constantly improving the client experience through innovation that benefits clients. Respecting fellow employees and reinforcing the power of teamwork. Being good stewards of our brand and stockholder value. Ultimately, everything we do as a company—how we listen, how we solve, how we serve—is focused on helping our clients take ownership of their financial futures. Continue reading about who we are, our purpose, and why we put the client first. What we do We exist to help people achieve better financial outcomes. We offer investors a contemporary, full-service approach to build and manage their investments, providing investment-related products, services, and sophisticated financial planning that combine the best of what people and technology have to offer. Learn more about what we do and read into the history of our innovations. Awards Seeing challenges “Through Clients’ Eyes” is the North Star that guides everything we do. Any recognition and awards we receive mean that we’re making a difference by helping improve peoples’ lives. And for that, we are extremely humble and proud. National Workplace Awards . A supportive culture and workplace where everyone is welcome and has an opportunity to achieve their full potential is a great point of pride for us. View this category > Regional Workplace Awards. Our commitment to do right by our employees and give them a welcoming workplace where everyone can thrive has always been our mission. Being recognized for it by the communities where we operate is the icing on the cake. View this category > Military Workplace Awards. We’re honored to be recognized by military organizations for our support of veterans and their families, and thank all former and active service members and their families for their sacrifice. View this category >",2356,success
SCHW,Charles Schwab,Financials,2018,https://www.schwabjobs.com/aboutschwab,20230206034617.0,http://web.archive.org/web/20230206034617/https://www.schwabjobs.com/aboutschwab,20180701,found,,200.0,"Working at Schwab I Schwab Jobs At Schwab, “Own Your Tomorrow” embodies everything we do! Financial services can be complicated. We are trying to fix that. We have a history of challenging the status quo and innovating in ways that help individuals create a better tomorrow. Our purpose is to champion every client’s goals with passion and integrity, empowering them to take ownership of their financial future at every income level and life stage. Our values Earning our clients' trust by treating them in an ethical, empathetic, and proactive way. Constantly improving the client experience through innovation that benefits clients. Respecting fellow employees and reinforcing the power of teamwork. Being good stewards of our brand and stockholder value. Ultimately, everything we do as a company—how we listen, how we solve, how we serve—is focused on helping our clients take ownership of their financial futures. Continue reading about who we are, our purpose, and why we put the client first. What we do We exist to help people achieve better financial outcomes. We offer investors a contemporary, full-service approach to build and manage their investments, providing investment-related products, services, and sophisticated financial planning that combine the best of what people and technology have to offer. Learn more about what we do and read into the history of our innovations. Awards Seeing challenges “Through Clients’ Eyes” is the North Star that guides everything we do. Any recognition and awards we receive mean that we’re making a difference by helping improve peoples’ lives. And for that, we are extremely humble and proud. National Workplace Awards . A supportive culture and workplace where everyone is welcome and has an opportunity to achieve their full potential is a great point of pride for us. View this category > Regional Workplace Awards. Our commitment to do right by our employees and give them a welcoming workplace where everyone can thrive has always been our mission. Being recognized for it by the communities where we operate is the icing on the cake. View this category > Military Workplace Awards. We’re honored to be recognized by military organizations for our support of veterans and their families, and thank all former and active service members and their families for their sacrifice. View this category >",2356,success
SCHW,Charles Schwab,Financials,2019,https://www.schwabjobs.com/aboutschwab,,,20190701,missing,No closest snapshot found from Wayback Availability API,,,0,missing_snapshot
SCHW,Charles Schwab,Financials,2020,https://www.schwabjobs.com/aboutschwab,,,20200701,missing,No closest snapshot found from Wayback Availability API,,,0,missing_snapshot
SCHW,Charles Schwab,Financials,2021,https://www.schwabjobs.com/aboutschwab,,,20210701,missing,No closest snapshot found from Wayback Availability API,,,0,missing_snapshot
SCHW,Charles Schwab,Financials,2022,https://www.schwabjobs.com/aboutschwab,,,20220701,missing,No closest snapshot found from Wayback Availability API,,,0,missing_snapshot
SCHW,Charles Schwab,Financials,2023,https://www.schwabjobs.com/aboutschwab,20230607164018.0,http://web.archive.org/web/20230607164018/https://www.schwabjobs.com/aboutschwab,20230701,found,,200.0,"Working at Schwab I Schwab Jobs At Schwab, “Own Your Tomorrow” embodies everything we do! Financial services can be complicated. We are trying to fix that. We have a history of challenging the status quo and innovating in ways that help individuals create a better tomorrow. Our purpose is to champion every client’s goals with passion and integrity, empowering them to take ownership of their financial future at every income level and life stage. Our values Earning our clients' trust by treating them in an ethical, empathetic, and proactive way. Constantly improving the client experience through innovation that benefits clients. Respecting fellow employees and reinforcing the power of teamwork. Being good stewards of our brand and stockholder value. Ultimately, everything we do as a company—how we listen, how we solve, how we serve—is focused on helping our clients take ownership of their financial futures. Continue reading about who we are, our purpose, and why we put the client first. What we do We exist to help people achieve better financial outcomes. We offer investors a contemporary, full-service approach to build and manage their investments, providing investment-related products, services, and sophisticated financial planning that combine the best of what people and technology have to offer. Learn more about what we do and read into the history of our innovations. Awards Seeing challenges “Through Clients’ Eyes” is the North Star that guides everything we do. Any recognition and awards we receive mean that we’re making a difference by helping improve peoples’ lives. And for that, we are extremely humble and proud. National Workplace Awards . A supportive culture and workplace where everyone is welcome and has an opportunity to achieve their full potential is a great point of pride for us. View this category > Regional Workplace Awards. Our commitment to do right by our employees and give them a welcoming workplace where everyone can thrive has always been our mission. Being recognized for it by the communities where we operate is the icing on the cake. View this category > Military Workplace Awards. We’re honored to be recognized by military organizations for our support of veterans and their families, and thank all former and active service members and their families for their sacrifice. View this category >",2356,success
SCHW,Charles Schwab,Financials,2024,https://www.schwabjobs.com/aboutschwab,,,20240701,missing,No closest snapshot found from Wayback Availability API,,,0,missing_snapshot
AXP,American Express,Financials,2016,https://www.americanexpress.com/en-us/company/who-we-are/,,,20160701,missing,No closest snapshot found from Wayback Availability API,,,0,missing_snapshot
AXP,American Express,Financials,2017,https://www.americanexpress.com/en-us/company/who-we-are/,20230605140408.0,http://web.archive.org/web/20230605140408/https://www.americanexpress.com:443/en-us/company/who-we-are/,20170701,found,,200.0,"About American Express Who We Are About American Express Since our earliest days, we’ve strived to find new ways to enrich our customers’ lives, have their backs and provide our special brand of service, in ways both big and small. Even as our business transformed – from freight forwarding to travel to cards to innovative digital products and services – one thing has remained constant: our unwavering commitment to earn our customers’ loyalty for the long haul. That standard of excellence guides us today. We promise to understand, respect and back our customers, and help them on their personal journeys. Because when our customers thrive, so do we. Our Vision Provide the world’s best customer experience every day. Backing Our Customers Our mission is to become essential to our customers by providing differentiated products and services to help them achieve their aspirations. Backing Our Colleagues As a diverse community of over 60,000 colleagues, we work together to uphold our powerful backing promise to our customers and each other every day. Backing Our Communities We are committed to responsibly backing our communities to build equitable and resilient futures. Our Values We Back Our Customers Relationships are at the heart of our business. We strive to be essential to our customers by delivering exceptional products, services and experiences every day – and promise to have their backs in everything we do. We Make It Great We deliver an unparalleled standard of excellence in everything we do, staying focused on the biggest opportunities to be meaningful to our customers. From our innovative products to our world-class customer service, our customers expect the best—and our teams are proud to deliver it. We Do What’s Right Customers choose us because they trust our brand and people. We earn that trust by ensuring everything we do is reliable, consistent, and with the highest level of integrity. We Respect People We trust and respect one another for who we are and what we contribute. We are accountable to one another and empower every voice through open, courageous dialogue so others feel heard. We Embrace Diversity We see diversity of people and experiences as fuel for the creativity and innovation we need to be and deliver our best. We Stand for Inclusion We all have biases. However, we do not tolerate bias that excludes or minimizes anyone – all people belong. We’re committed to ensuring that we have a welcoming and inclusive culture where everyone’s voice matters and where people of all races, ethnicities, genders, gender identities, sexual orientations, ages, religions, disabilities and viewpoints can thrive. We Win As a Team We view each other as colleagues—part of the same team, striving to deliver the brand promise to our customers and each other every day. Individual performance is essential and valued, but never at the expense of the team. We Support Our Communities We respect our communities and are committed to working together so they can thrive and make a meaningful difference in the world. Our History With each new development, one thing has remained constant: our commitment to our customers and our special brand of service. We began as a freight forwarding company in 1850, earning a reputation as a company people could trust while transporting some of their most valuable possessions. In the late 19th century and early 20th century, we introduced new financial products and travel services that helped support our customers’ everyday lives. In the 1950s, we introduced a charge card, offering customers a new and convenient way to pay. Ever since, we’ve innovated our card products, our services and our other offerings. Today, American Express is the largest global payments network and we continue to pride ourselves on being forward-looking and customer-focused. Colleague Stories At American Express, we know that with the right backing, people and businesses have the power to progress in incredible ways. Whether we’re supporting our customers’ financial confidence to move ahead, taking commerce to new heights, or encouraging people to explore the world, our colleagues are constantly redefining what’s possible — and we’re proud to back each other every step of the way. Multi-Card Carousel Roberto | New York, New York | Colleague Since '17 “The overall flexibility at this company has been superb. I have now worked on 5 different teams across 2 organizations, allowing me to seek new learning opportunities [within different tech stacks].” Rachael | New York, New York | Colleague Since '18 “I really value the creative culture at Amex and believe it stems from the diverse set of voices that are heard. Every day, I’m learning and growing from my colleagues.” Russell | New York, New York | Colleague Since '14 “Amex is driven by innovation. Through my work, I’m able to help our Card Members, along with the communities they serve, by providing new and flexible financing and payment solutions. One of the most exciting projects I worked on that exemplified this was the launch of our Kabbage products.” Nick | Phoenix, Arizona | Colleague Since '15 “The overall flexibility at this company has been superb. I have now worked on 5 different teams across 2 organizations, allowing me to seek new learning opportunities [within different tech stacks].” Neha | Gurgaon, India | Colleague Since '07 “As part of the Enterprise Business Intelligence Engineering team, we help product partners drive insights and analytics by leveraging technology. It’s really rewarding to be able to contribute to a team where we are enhancing the digital customer experience across acquisition and engagement.” Karina | Sunrise, Florida | Colleague since '09 “I’ve worked at American Express for over 10 years now and what I value most is the company’s diverse, equitable and inclusive culture. We embrace different perspectives and values, and it’s what allows us to deliver the best experiences for our customers.” David | Sunrise, Florida | Colleague Since ‘16 “I love that we can truly back our customers when they need us most. Having these conversations with them every single day and finding out what they’re looking for, whether that’s getting someone on the next flight home or their must-haves for a destination wedding, I know my clients can always count on me. It’s amazing. Knowing that we can be there to come through for them is a great feeling.” Mitch | Manila, PH | Colleague Since ‘17 “The best thing about working at American Express is that we respect and we value our people. Currently, I am involved in one of the colleague networks which is Pride+ Manila. The Pride+ network creates and promotes a safe space for each and every colleague. They’ve been my support system all throughout my journey at American Express. That confidence has helped me succeed at work because I can be my own true authentic self."" David | Mexico City, Mexico | Colleague Since ‘15 “Joining Amex, I wanted to see how far I could go. Having the ability to speak with different amazing leaders really helped improve my self-confidence. Just grabbing their experience and getting their best practices really helped me gather the knowledge to grow within the company.” ​ ​",7236,success
AXP,American Express,Financials,2018,https://www.americanexpress.com/en-us/company/who-we-are/,20230605140408.0,http://web.archive.org/web/20230605140408/https://www.americanexpress.com:443/en-us/company/who-we-are/,20180701,found,,200.0,"About American Express Who We Are About American Express Since our earliest days, we’ve strived to find new ways to enrich our customers’ lives, have their backs and provide our special brand of service, in ways both big and small. Even as our business transformed – from freight forwarding to travel to cards to innovative digital products and services – one thing has remained constant: our unwavering commitment to earn our customers’ loyalty for the long haul. That standard of excellence guides us today. We promise to understand, respect and back our customers, and help them on their personal journeys. Because when our customers thrive, so do we. Our Vision Provide the world’s best customer experience every day. Backing Our Customers Our mission is to become essential to our customers by providing differentiated products and services to help them achieve their aspirations. Backing Our Colleagues As a diverse community of over 60,000 colleagues, we work together to uphold our powerful backing promise to our customers and each other every day. Backing Our Communities We are committed to responsibly backing our communities to build equitable and resilient futures. Our Values We Back Our Customers Relationships are at the heart of our business. We strive to be essential to our customers by delivering exceptional products, services and experiences every day – and promise to have their backs in everything we do. We Make It Great We deliver an unparalleled standard of excellence in everything we do, staying focused on the biggest opportunities to be meaningful to our customers. From our innovative products to our world-class customer service, our customers expect the best—and our teams are proud to deliver it. We Do What’s Right Customers choose us because they trust our brand and people. We earn that trust by ensuring everything we do is reliable, consistent, and with the highest level of integrity. We Respect People We trust and respect one another for who we are and what we contribute. We are accountable to one another and empower every voice through open, courageous dialogue so others feel heard. We Embrace Diversity We see diversity of people and experiences as fuel for the creativity and innovation we need to be and deliver our best. We Stand for Inclusion We all have biases. However, we do not tolerate bias that excludes or minimizes anyone – all people belong. We’re committed to ensuring that we have a welcoming and inclusive culture where everyone’s voice matters and where people of all races, ethnicities, genders, gender identities, sexual orientations, ages, religions, disabilities and viewpoints can thrive. We Win As a Team We view each other as colleagues—part of the same team, striving to deliver the brand promise to our customers and each other every day. Individual performance is essential and valued, but never at the expense of the team. We Support Our Communities We respect our communities and are committed to working together so they can thrive and make a meaningful difference in the world. Our History With each new development, one thing has remained constant: our commitment to our customers and our special brand of service. We began as a freight forwarding company in 1850, earning a reputation as a company people could trust while transporting some of their most valuable possessions. In the late 19th century and early 20th century, we introduced new financial products and travel services that helped support our customers’ everyday lives. In the 1950s, we introduced a charge card, offering customers a new and convenient way to pay. Ever since, we’ve innovated our card products, our services and our other offerings. Today, American Express is the largest global payments network and we continue to pride ourselves on being forward-looking and customer-focused. Colleague Stories At American Express, we know that with the right backing, people and businesses have the power to progress in incredible ways. Whether we’re supporting our customers’ financial confidence to move ahead, taking commerce to new heights, or encouraging people to explore the world, our colleagues are constantly redefining what’s possible — and we’re proud to back each other every step of the way. Multi-Card Carousel Roberto | New York, New York | Colleague Since '17 “The overall flexibility at this company has been superb. I have now worked on 5 different teams across 2 organizations, allowing me to seek new learning opportunities [within different tech stacks].” Rachael | New York, New York | Colleague Since '18 “I really value the creative culture at Amex and believe it stems from the diverse set of voices that are heard. Every day, I’m learning and growing from my colleagues.” Russell | New York, New York | Colleague Since '14 “Amex is driven by innovation. Through my work, I’m able to help our Card Members, along with the communities they serve, by providing new and flexible financing and payment solutions. One of the most exciting projects I worked on that exemplified this was the launch of our Kabbage products.” Nick | Phoenix, Arizona | Colleague Since '15 “The overall flexibility at this company has been superb. I have now worked on 5 different teams across 2 organizations, allowing me to seek new learning opportunities [within different tech stacks].” Neha | Gurgaon, India | Colleague Since '07 “As part of the Enterprise Business Intelligence Engineering team, we help product partners drive insights and analytics by leveraging technology. It’s really rewarding to be able to contribute to a team where we are enhancing the digital customer experience across acquisition and engagement.” Karina | Sunrise, Florida | Colleague since '09 “I’ve worked at American Express for over 10 years now and what I value most is the company’s diverse, equitable and inclusive culture. We embrace different perspectives and values, and it’s what allows us to deliver the best experiences for our customers.” David | Sunrise, Florida | Colleague Since ‘16 “I love that we can truly back our customers when they need us most. Having these conversations with them every single day and finding out what they’re looking for, whether that’s getting someone on the next flight home or their must-haves for a destination wedding, I know my clients can always count on me. It’s amazing. Knowing that we can be there to come through for them is a great feeling.” Mitch | Manila, PH | Colleague Since ‘17 “The best thing about working at American Express is that we respect and we value our people. Currently, I am involved in one of the colleague networks which is Pride+ Manila. The Pride+ network creates and promotes a safe space for each and every colleague. They’ve been my support system all throughout my journey at American Express. That confidence has helped me succeed at work because I can be my own true authentic self."" David | Mexico City, Mexico | Colleague Since ‘15 “Joining Amex, I wanted to see how far I could go. Having the ability to speak with different amazing leaders really helped improve my self-confidence. Just grabbing their experience and getting their best practices really helped me gather the knowledge to grow within the company.” ​ ​",7236,success
AXP,American Express,Financials,2019,https://www.americanexpress.com/en-us/company/who-we-are/,,,20190701,missing,No closest snapshot found from Wayback Availability API,,,0,missing_snapshot
AXP,American Express,Financials,2020,https://www.americanexpress.com/en-us/company/who-we-are/,,,20200701,missing,No closest snapshot found from Wayback Availability API,,,0,missing_snapshot
AXP,American Express,Financials,2021,https://www.americanexpress.com/en-us/company/who-we-are/,,,20210701,missing,No closest snapshot found from Wayback Availability API,,,0,missing_snapshot
AXP,American Express,Financials,2022,https://www.americanexpress.com/en-us/company/who-we-are/,20230605140408.0,http://web.archive.org/web/20230605140408/https://www.americanexpress.com:443/en-us/company/who-we-are/,20220701,found,,200.0,"About American Express Who We Are About American Express Since our earliest days, we’ve strived to find new ways to enrich our customers’ lives, have their backs and provide our special brand of service, in ways both big and small. Even as our business transformed – from freight forwarding to travel to cards to innovative digital products and services – one thing has remained constant: our unwavering commitment to earn our customers’ loyalty for the long haul. That standard of excellence guides us today. We promise to understand, respect and back our customers, and help them on their personal journeys. Because when our customers thrive, so do we. Our Vision Provide the world’s best customer experience every day. Backing Our Customers Our mission is to become essential to our customers by providing differentiated products and services to help them achieve their aspirations. Backing Our Colleagues As a diverse community of over 60,000 colleagues, we work together to uphold our powerful backing promise to our customers and each other every day. Backing Our Communities We are committed to responsibly backing our communities to build equitable and resilient futures. Our Values We Back Our Customers Relationships are at the heart of our business. We strive to be essential to our customers by delivering exceptional products, services and experiences every day – and promise to have their backs in everything we do. We Make It Great We deliver an unparalleled standard of excellence in everything we do, staying focused on the biggest opportunities to be meaningful to our customers. From our innovative products to our world-class customer service, our customers expect the best—and our teams are proud to deliver it. We Do What’s Right Customers choose us because they trust our brand and people. We earn that trust by ensuring everything we do is reliable, consistent, and with the highest level of integrity. We Respect People We trust and respect one another for who we are and what we contribute. We are accountable to one another and empower every voice through open, courageous dialogue so others feel heard. We Embrace Diversity We see diversity of people and experiences as fuel for the creativity and innovation we need to be and deliver our best. We Stand for Inclusion We all have biases. However, we do not tolerate bias that excludes or minimizes anyone – all people belong. We’re committed to ensuring that we have a welcoming and inclusive culture where everyone’s voice matters and where people of all races, ethnicities, genders, gender identities, sexual orientations, ages, religions, disabilities and viewpoints can thrive. We Win As a Team We view each other as colleagues—part of the same team, striving to deliver the brand promise to our customers and each other every day. Individual performance is essential and valued, but never at the expense of the team. We Support Our Communities We respect our communities and are committed to working together so they can thrive and make a meaningful difference in the world. Our History With each new development, one thing has remained constant: our commitment to our customers and our special brand of service. We began as a freight forwarding company in 1850, earning a reputation as a company people could trust while transporting some of their most valuable possessions. In the late 19th century and early 20th century, we introduced new financial products and travel services that helped support our customers’ everyday lives. In the 1950s, we introduced a charge card, offering customers a new and convenient way to pay. Ever since, we’ve innovated our card products, our services and our other offerings. Today, American Express is the largest global payments network and we continue to pride ourselves on being forward-looking and customer-focused. Colleague Stories At American Express, we know that with the right backing, people and businesses have the power to progress in incredible ways. Whether we’re supporting our customers’ financial confidence to move ahead, taking commerce to new heights, or encouraging people to explore the world, our colleagues are constantly redefining what’s possible — and we’re proud to back each other every step of the way. Multi-Card Carousel Roberto | New York, New York | Colleague Since '17 “The overall flexibility at this company has been superb. I have now worked on 5 different teams across 2 organizations, allowing me to seek new learning opportunities [within different tech stacks].” Rachael | New York, New York | Colleague Since '18 “I really value the creative culture at Amex and believe it stems from the diverse set of voices that are heard. Every day, I’m learning and growing from my colleagues.” Russell | New York, New York | Colleague Since '14 “Amex is driven by innovation. Through my work, I’m able to help our Card Members, along with the communities they serve, by providing new and flexible financing and payment solutions. One of the most exciting projects I worked on that exemplified this was the launch of our Kabbage products.” Nick | Phoenix, Arizona | Colleague Since '15 “The overall flexibility at this company has been superb. I have now worked on 5 different teams across 2 organizations, allowing me to seek new learning opportunities [within different tech stacks].” Neha | Gurgaon, India | Colleague Since '07 “As part of the Enterprise Business Intelligence Engineering team, we help product partners drive insights and analytics by leveraging technology. It’s really rewarding to be able to contribute to a team where we are enhancing the digital customer experience across acquisition and engagement.” Karina | Sunrise, Florida | Colleague since '09 “I’ve worked at American Express for over 10 years now and what I value most is the company’s diverse, equitable and inclusive culture. We embrace different perspectives and values, and it’s what allows us to deliver the best experiences for our customers.” David | Sunrise, Florida | Colleague Since ‘16 “I love that we can truly back our customers when they need us most. Having these conversations with them every single day and finding out what they’re looking for, whether that’s getting someone on the next flight home or their must-haves for a destination wedding, I know my clients can always count on me. It’s amazing. Knowing that we can be there to come through for them is a great feeling.” Mitch | Manila, PH | Colleague Since ‘17 “The best thing about working at American Express is that we respect and we value our people. Currently, I am involved in one of the colleague networks which is Pride+ Manila. The Pride+ network creates and promotes a safe space for each and every colleague. They’ve been my support system all throughout my journey at American Express. That confidence has helped me succeed at work because I can be my own true authentic self."" David | Mexico City, Mexico | Colleague Since ‘15 “Joining Amex, I wanted to see how far I could go. Having the ability to speak with different amazing leaders really helped improve my self-confidence. Just grabbing their experience and getting their best practices really helped me gather the knowledge to grow within the company.” ​ ​",7236,success
AXP,American Express,Financials,2023,https://www.americanexpress.com/en-us/company/who-we-are/,20230609192334.0,http://web.archive.org/web/20230609192334/https://www.americanexpress.com/en-us/company/who-we-are/,20230701,found,,200.0,"About American Express Who We Are About American Express Since our earliest days, we’ve strived to find new ways to enrich our customers’ lives, have their backs and provide our special brand of service, in ways both big and small. Even as our business transformed – from freight forwarding to travel to cards to innovative digital products and services – one thing has remained constant: our unwavering commitment to earn our customers’ loyalty for the long haul. That standard of excellence guides us today. We promise to understand, respect and back our customers, and help them on their personal journeys. Because when our customers thrive, so do we. Our Vision Provide the world’s best customer experience every day. Backing Our Customers Our mission is to become essential to our customers by providing differentiated products and services to help them achieve their aspirations. Backing Our Colleagues As a diverse community of over 60,000 colleagues, we work together to uphold our powerful backing promise to our customers and each other every day. Backing Our Communities We are committed to responsibly backing our communities to build equitable and resilient futures. Our Values We Back Our Customers Relationships are at the heart of our business. We strive to be essential to our customers by delivering exceptional products, services and experiences every day – and promise to have their backs in everything we do. We Make It Great We deliver an unparalleled standard of excellence in everything we do, staying focused on the biggest opportunities to be meaningful to our customers. From our innovative products to our world-class customer service, our customers expect the best—and our teams are proud to deliver it. We Do What’s Right Customers choose us because they trust our brand and people. We earn that trust by ensuring everything we do is reliable, consistent, and with the highest level of integrity. We Respect People We trust and respect one another for who we are and what we contribute. We are accountable to one another and empower every voice through open, courageous dialogue so others feel heard. We Embrace Diversity We see diversity of people and experiences as fuel for the creativity and innovation we need to be and deliver our best. We Stand for Inclusion We all have biases. However, we do not tolerate bias that excludes or minimizes anyone – all people belong. We’re committed to ensuring that we have a welcoming and inclusive culture where everyone’s voice matters and where people of all races, ethnicities, genders, gender identities, sexual orientations, ages, religions, disabilities and viewpoints can thrive. We Win As a Team We view each other as colleagues—part of the same team, striving to deliver the brand promise to our customers and each other every day. Individual performance is essential and valued, but never at the expense of the team. We Support Our Communities We respect our communities and are committed to working together so they can thrive and make a meaningful difference in the world. Our History With each new development, one thing has remained constant: our commitment to our customers and our special brand of service. We began as a freight forwarding company in 1850, earning a reputation as a company people could trust while transporting some of their most valuable possessions. In the late 19th century and early 20th century, we introduced new financial products and travel services that helped support our customers’ everyday lives. In the 1950s, we introduced a charge card, offering customers a new and convenient way to pay. Ever since, we’ve innovated our card products, our services and our other offerings. Today, American Express is the largest global payments network and we continue to pride ourselves on being forward-looking and customer-focused. Colleague Stories At American Express, we know that with the right backing, people and businesses have the power to progress in incredible ways. Whether we’re supporting our customers’ financial confidence to move ahead, taking commerce to new heights, or encouraging people to explore the world, our colleagues are constantly redefining what’s possible — and we’re proud to back each other every step of the way. Multi-Card Carousel Roberto | New York, New York | Colleague Since '17 “The overall flexibility at this company has been superb. I have now worked on 5 different teams across 2 organizations, allowing me to seek new learning opportunities [within different tech stacks].” Rachael | New York, New York | Colleague Since '18 “I really value the creative culture at Amex and believe it stems from the diverse set of voices that are heard. Every day, I’m learning and growing from my colleagues.” Russell | New York, New York | Colleague Since '14 “Amex is driven by innovation. Through my work, I’m able to help our Card Members, along with the communities they serve, by providing new and flexible financing and payment solutions. One of the most exciting projects I worked on that exemplified this was the launch of our Kabbage products.” Nick | Phoenix, Arizona | Colleague Since '15 “The overall flexibility at this company has been superb. I have now worked on 5 different teams across 2 organizations, allowing me to seek new learning opportunities [within different tech stacks].” Neha | Gurgaon, India | Colleague Since '07 “As part of the Enterprise Business Intelligence Engineering team, we help product partners drive insights and analytics by leveraging technology. It’s really rewarding to be able to contribute to a team where we are enhancing the digital customer experience across acquisition and engagement.” Karina | Sunrise, Florida | Colleague since '09 “I’ve worked at American Express for over 10 years now and what I value most is the company’s diverse, equitable and inclusive culture. We embrace different perspectives and values, and it’s what allows us to deliver the best experiences for our customers.” David | Sunrise, Florida | Colleague Since ‘16 “I love that we can truly back our customers when they need us most. Having these conversations with them every single day and finding out what they’re looking for, whether that’s getting someone on the next flight home or their must-haves for a destination wedding, I know my clients can always count on me. It’s amazing. Knowing that we can be there to come through for them is a great feeling.” Mitch | Manila, PH | Colleague Since ‘17 “The best thing about working at American Express is that we respect and we value our people. Currently, I am involved in one of the colleague networks which is Pride+ Manila. The Pride+ network creates and promotes a safe space for each and every colleague. They’ve been my support system all throughout my journey at American Express. That confidence has helped me succeed at work because I can be my own true authentic self."" David | Mexico City, Mexico | Colleague Since ‘15 “Joining Amex, I wanted to see how far I could go. Having the ability to speak with different amazing leaders really helped improve my self-confidence. Just grabbing their experience and getting their best practices really helped me gather the knowledge to grow within the company.” ​ ​",7236,success
AXP,American Express,Financials,2024,https://www.americanexpress.com/en-us/company/who-we-are/,,,20240701,missing,No closest snapshot found from Wayback Availability API,,,0,missing_snapshot
C,Citigroup,Financials,2016,https://www.citigroup.com/global/about-us,20230131160339.0,http://web.archive.org/web/20230131160339/https://www.citigroup.com/global/about-us,20160701,found,,200.0,"Financial Services and Solutions - About Us | Citi Why cookies on the Citigroup website? This website uses cookies to give you the best user experience by personalizing your content and analyzing traffic. Without cookies, the site won't function as expected . If you want to learn more please read our Privacy policy . OK About Us Businesses Our Impact News Investors Careers My Account About US A bank built for a world of complexity We live in an increasingly complex world. Companies these days are either born global or are going global at record speed. Business and geopolitics are forging an entirely new dynamic and consumers now expect financial services to be a seamless part of their digital lives. Citi is a bank that’s uniquely positioned for this moment. Through our vast global network and our on-the-ground expertise, we can connect the dots, anticipate change and empathize the needs of our clients and customers in ways that other banks simply cannot. Our Global Impact $4+ trillion financial flows Our global network allows us to move the equivalent of Germany’s GDP each day across borders, currencies and asset classes. 13,000+ institutional clients Our clients include 90% of global Fortune 500 companies who are served through our institutional banking franchise. $1+ trillion committed to ESG We believe in playing a leading role in solving increasingly interconnected societal challenges. We set goals and we hold ourselves accountable to reaching them. 100+ million customers Through our retail bank, credit cards and wealth management business, we provide personalized financial guidance supported by leading digital capabilities. Our Mission Citi's mission is to serve as a trusted partner to our clients by responsibly providing financial services that enable growth and economic progress. We have set expectations for how we must act to bring our mission to life. These expectations are at the heart of our Leadership Principles – we take ownership, we deliver with pride and we succeed together. In this section Strategy We are transforming Citi into a modern, simpler, more efficient bank. Learn More Leadership Our diverse leadership team is committed to stewarding a firm known for excellence. Learn More Global Presence Citi has a global network of financial services that stretches across nearly 160 countries. Learn More Heritage Citi has more than 200 years of experience growing businesses and supporting communities. Learn More Our Businesses Through our five businesses, we have the experience and capabilities to meet the banking needs of our clients and customers as they grow across borders and adapt to the digital age. Read More Citi Infographics A Clear Vision for Our Future Citi at a Glance Driving Increased Shareholder Value Business Drivers and Projected Growth Related Articles PRESS RELEASE Citi Velocity Ranked No. 1 for Web-Based Analytics in Institutional Investor’s 2022 Global Fixed Income Research Poll December 20, 2022 PRESS RELEASE Citi Funds $20 Million Loan for ASA Philippines Foundation to Support Women Microentrepreneurs November 25, 2022 PRESS RELEASE Citi Markets to Donate Over $10 Million to Education-Focused Non-Profit Organizations November 21, 2022 PRESS RELEASE Citi and AT&T Expand Credit Card Offerings with New AT&T Points Plus Card November 14, 2022 Sign up to receive the latest news from Citi. Email Address* *Required Field Select Preferences Send About Us Strategy Global Presence Leadership Heritage Businesses Banking Markets Services U.S. Personal Banking Global Wealth Management Our Impact Sustainability Strengthening Community Diversity, Equity and Inclusion Investors Quarterly Earnings Events and Presentations Annual Reports and Proxy Statements SEC Filings Other Regulatory Filings Fixed Income Investor Relations Stockholder Services Corporate Governance ESG for Investors Investor Contacts News Press Releases Perspectives Media Resources Careers Alumni Contact Us Careers Alumni Contact Us Terms Privacy Notice at Collection CA Privacy Hub Accessibility Suppliers Ethics Hotline Contact Us Site Feedback",4102,success
C,Citigroup,Financials,2017,https://www.citigroup.com/global/about-us,,,20170701,missing,No closest snapshot found from Wayback Availability API,,,0,missing_snapshot
C,Citigroup,Financials,2018,https://www.citigroup.com/global/about-us,,,20180701,missing,No closest snapshot found from Wayback Availability API,,,0,missing_snapshot
C,Citigroup,Financials,2019,https://www.citigroup.com/global/about-us,,,20190701,missing,No closest snapshot found from Wayback Availability API,,,0,missing_snapshot
C,Citigroup,Financials,2020,https://www.citigroup.com/global/about-us,,,20200701,missing,No closest snapshot found from Wayback Availability API,,,0,missing_snapshot
C,Citigroup,Financials,2021,https://www.citigroup.com/global/about-us,,,20210701,missing,No closest snapshot found from Wayback Availability API,,,0,missing_snapshot
C,Citigroup,Financials,2022,https://www.citigroup.com/global/about-us,20230131160339.0,http://web.archive.org/web/20230131160339/https://www.citigroup.com/global/about-us,20220701,found,,200.0,"Financial Services and Solutions - About Us | Citi Why cookies on the Citigroup website? This website uses cookies to give you the best user experience by personalizing your content and analyzing traffic. Without cookies, the site won't function as expected . If you want to learn more please read our Privacy policy . OK About Us Businesses Our Impact News Investors Careers My Account About US A bank built for a world of complexity We live in an increasingly complex world. Companies these days are either born global or are going global at record speed. Business and geopolitics are forging an entirely new dynamic and consumers now expect financial services to be a seamless part of their digital lives. Citi is a bank that’s uniquely positioned for this moment. Through our vast global network and our on-the-ground expertise, we can connect the dots, anticipate change and empathize the needs of our clients and customers in ways that other banks simply cannot. Our Global Impact $4+ trillion financial flows Our global network allows us to move the equivalent of Germany’s GDP each day across borders, currencies and asset classes. 13,000+ institutional clients Our clients include 90% of global Fortune 500 companies who are served through our institutional banking franchise. $1+ trillion committed to ESG We believe in playing a leading role in solving increasingly interconnected societal challenges. We set goals and we hold ourselves accountable to reaching them. 100+ million customers Through our retail bank, credit cards and wealth management business, we provide personalized financial guidance supported by leading digital capabilities. Our Mission Citi's mission is to serve as a trusted partner to our clients by responsibly providing financial services that enable growth and economic progress. We have set expectations for how we must act to bring our mission to life. These expectations are at the heart of our Leadership Principles – we take ownership, we deliver with pride and we succeed together. In this section Strategy We are transforming Citi into a modern, simpler, more efficient bank. Learn More Leadership Our diverse leadership team is committed to stewarding a firm known for excellence. Learn More Global Presence Citi has a global network of financial services that stretches across nearly 160 countries. Learn More Heritage Citi has more than 200 years of experience growing businesses and supporting communities. Learn More Our Businesses Through our five businesses, we have the experience and capabilities to meet the banking needs of our clients and customers as they grow across borders and adapt to the digital age. Read More Citi Infographics A Clear Vision for Our Future Citi at a Glance Driving Increased Shareholder Value Business Drivers and Projected Growth Related Articles PRESS RELEASE Citi Velocity Ranked No. 1 for Web-Based Analytics in Institutional Investor’s 2022 Global Fixed Income Research Poll December 20, 2022 PRESS RELEASE Citi Funds $20 Million Loan for ASA Philippines Foundation to Support Women Microentrepreneurs November 25, 2022 PRESS RELEASE Citi Markets to Donate Over $10 Million to Education-Focused Non-Profit Organizations November 21, 2022 PRESS RELEASE Citi and AT&T Expand Credit Card Offerings with New AT&T Points Plus Card November 14, 2022 Sign up to receive the latest news from Citi. Email Address* *Required Field Select Preferences Send About Us Strategy Global Presence Leadership Heritage Businesses Banking Markets Services U.S. Personal Banking Global Wealth Management Our Impact Sustainability Strengthening Community Diversity, Equity and Inclusion Investors Quarterly Earnings Events and Presentations Annual Reports and Proxy Statements SEC Filings Other Regulatory Filings Fixed Income Investor Relations Stockholder Services Corporate Governance ESG for Investors Investor Contacts News Press Releases Perspectives Media Resources Careers Alumni Contact Us Careers Alumni Contact Us Terms Privacy Notice at Collection CA Privacy Hub Accessibility Suppliers Ethics Hotline Contact Us Site Feedback",4102,success
C,Citigroup,Financials,2023,https://www.citigroup.com/global/about-us,20230722101707.0,http://web.archive.org/web/20230722101707/https://www.citigroup.com/global/about-us,20230701,found,,200.0,"Financial Services and Solutions - About Us | Citi OK About Us Businesses Our Impact News Investors Careers My Account About US A bank built for a world of complexity We live in an increasingly complex world. Companies these days are either born global or are going global at record speed. Business and geopolitics are forging an entirely new dynamic and consumers now expect financial services to be a seamless part of their digital lives. Citi is a bank that’s uniquely positioned for this moment. Through our vast global network and our on-the-ground expertise, we can connect the dots, anticipate change and empathize the needs of our clients and customers in ways that other banks simply cannot. Our Global Impact $4+ trillion financial flows Our global network allows us to move the equivalent of Germany’s GDP each day across borders, currencies and asset classes. 13,000+ institutional clients Our clients include 90% of global Fortune 500 companies who are served through our institutional banking franchise. $1+ trillion committed to ESG We believe in playing a leading role in solving increasingly interconnected societal challenges. We set goals and we hold ourselves accountable to reaching them. 100+ million customers Through our retail bank, credit cards and wealth management business, we provide personalized financial guidance supported by leading digital capabilities. Our Mission Citi's mission is to serve as a trusted partner to our clients by responsibly providing financial services that enable growth and economic progress. We have set expectations for how we must act to bring our mission to life. These expectations are at the heart of our Leadership Principles – we take ownership, we deliver with pride and we succeed together. Learn more In this section Strategy We are transforming Citi into a modern, simpler, more efficient bank. Learn More Leadership Our diverse leadership team is committed to stewarding a firm known for excellence. Learn More Global Presence Citi has a global network of financial services that stretches across nearly 160 countries. Learn More Heritage Citi has more than 200 years of experience growing businesses and supporting communities. Learn More Our Businesses Through our five businesses, we have the experience and capabilities to meet the banking needs of our clients and customers as they grow across borders and adapt to the digital age. Read More Citi Infographics Delivering the Full Value of Our Franchise Citi at a Glance Related Articles PRESS RELEASE Second Quarter 2023 Results and Key Metrics July 14, 2023 PRESS RELEASE Citi Commercial Bank launches new digital client platform, CitiDirect® Commercial Banking July 10, 2023 PERSPECTIVES Learn How Citi is Helping the Transition to a Net Zero Economy June 26, 2023 Sign up to receive the latest news from Citi. Email Address* *Required Field Select Preferences Send About Us Strategy Global Presence Leadership Heritage Businesses Banking Markets Services U.S. Personal Banking Citi Global Wealth Our Impact Sustainability Strengthening Community Diversity, Equity and Inclusion Investors Quarterly Earnings Events and Presentations Annual Reports and Proxy Statements SEC Filings Other Regulatory Filings Fixed Income Investor Relations Stockholder Services Corporate Governance ESG for Investors Investor Contacts News Press Releases Perspectives Media Resources Careers Alumni Contact Us Careers Alumni Contact Us Terms Privacy Notice at Collection CA Privacy Hub Accessibility Suppliers Ethics Hotline Contact Us Site Feedback",3557,success
C,Citigroup,Financials,2024,https://www.citigroup.com/global/about-us,,,20240701,missing,No closest snapshot found from Wayback Availability API,,,0,missing_snapshot
LLY,Eli Lilly,Healthcare,2016,https://www.lilly.com/about,,,20160701,missing,No closest snapshot found from Wayback Availability API,,,0,missing_snapshot
LLY,Eli Lilly,Healthcare,2017,https://www.lilly.com/about,20220612095748.0,http://web.archive.org/web/20220612095748/https://www.lilly.com/About/,20170701,found,,200.0,Lilly.com | Eli Lilly and Company Loading...,44,failed_or_too_short
LLY,Eli Lilly,Healthcare,2018,https://www.lilly.com/about,,,20180701,missing,No closest snapshot found from Wayback Availability API,,,0,missing_snapshot
LLY,Eli Lilly,Healthcare,2019,https://www.lilly.com/about,20220612095748.0,http://web.archive.org/web/20220612095748/https://www.lilly.com/About/,20190701,found,,200.0,Lilly.com | Eli Lilly and Company Loading...,44,failed_or_too_short
LLY,Eli Lilly,Healthcare,2020,https://www.lilly.com/about,20220612095748.0,http://web.archive.org/web/20220612095748/https://www.lilly.com/About/,20200701,found,,200.0,Lilly.com | Eli Lilly and Company Loading...,44,failed_or_too_short
LLY,Eli Lilly,Healthcare,2021,https://www.lilly.com/about,20220612095748.0,http://web.archive.org/web/20220612095748/https://www.lilly.com/About/,20210701,found,,200.0,Lilly.com | Eli Lilly and Company Loading...,44,failed_or_too_short
LLY,Eli Lilly,Healthcare,2022,https://www.lilly.com/about,20220709134909.0,http://web.archive.org/web/20220709134909/https://www.lilly.com/about,20220701,found,,200.0,Lilly.com | Eli Lilly and Company Loading...,44,failed_or_too_short
LLY,Eli Lilly,Healthcare,2023,https://www.lilly.com/about,,,20230701,missing,No closest snapshot found from Wayback Availability API,,,0,missing_snapshot
LLY,Eli Lilly,Healthcare,2024,https://www.lilly.com/about,20250814200319.0,http://web.archive.org/web/20250814200319/https://www.lilly.com/about,20240701,found,,200.0,"About Us | Eli Lilly and Company imageSlide We are a medicine company. Ringside From groundbreaking research to record investments in U.S. manufacturing, we ruthlessly prioritize giving everyone a chance at health. large false Two girls running outside center Lilly Logo Making medicine that’s never been made means doing what’s never been done. one Discover Our Legacy link /about/history additionalPadding narrow additionalMargins narrow center Do what it takes to fight for health. In 2024 alone, we helped more than 58 million people find the care, medicine, and well-being they needed. spacer large spacer medium 01 Increase access to medicines Learn more about access programs 02 Improve lives and communities Learn more about social impact 03 Cultivate an inclusive culture Learn more about our culture 04 Minimize our environmental impact Learn more about our environmental goals 05 Operate ethically and responsibly Learn more about our ethics and compliance spacer medium additionalPadding narrow additionalMargins narrow spacer large spacer spacer large center primary We're powered by purpose Around the world, we are 47,000 employees strong, dedicated to putting health above all. Learn more about what drives our employees' passion and purpose. Explore what drives us link https://stg.unex.lilly.com/about/purpose spacer large spacer spacer large backgroundColor secondary-red primary Medicine works when people who need it can get it Too many people lack access to the medicines and care they need. We’re finding new solutions and addressing more challenges by working with health organizations, providers, regulators, and governments. spacer large variation-1 55m+ people count on Lilly medicines each year 149+ years developing and delivering trusted medicines additionalPadding narrow additionalMargins narrow variation-1 extra-styles offset style two-col-50-50 Man holding a basketball on a court, Man holding a baby, Girl loading a dishwasher with an adult in the background, Female Lilly researcher in a lab with various solutions in the foreground spacer large spacer large Our philanthropic efforts Supporting projects, organizations, and communities focused on improving health for everyone, everywhere. spacer large extra-styles offset style two-col-75-25 The Lilly Foundation The Lilly Foundation was established to support programs that align with its philanthropic priorities. one Learn about Lilly Foundation link /about/lilly-foundation Lilly Grant Office Learn more about our commitment to empowering those who promote excellence in patient care and provide valuable information to health care professionals. one Visit the Grant Office link /about/grant-office spacer small spacer large extra-styles offset style two-col-50-50 imageSlide Find your place at Lilly Garamond If you're ready to challenge the status quo and advance medicine—all in the name of health—join us. We need your help to do things that have never been done. true Female Lilly researcher in a lab with various solutions in the foreground Explore careers link https://careers.lilly.com/us/en newTab spacer large spacer large center secondary Recognitions and key facts When you're on a mission to make game-changing discoveries that help improve health for people around the world, you rely on the best. Our high standards apply not only to our work to create medicine but also to our people and culture. Learn more about recent company recognitions and key facts. spacer large spacer large Recognitions Our work to make life better has received recent recognitions. View the recognitions link /about/recognitions Key facts about Lilly Learn more about Lilly and our global presence at a glance. View the key facts link /about/key-facts spacer large backgroundColor quaternary-gray spacer small spacer large We're here to help Whether you want to know about resources for your condition, savings programs, or have a question about how our medicine works, please reach out. 3-col Access & Affordability Explore resources to help increase medicine access and affordability. View support resources link /medicines/access-affordability-resources Lilly Support Services™ If you live in the United States and have a question about a Lilly medicine, call 1-800-LillyRX. Call us link tel:18005455979 Medicine Resources Get the information you need about Lilly medicine. View resources link /about/contact spacer small spacer large spacer large backgroundColor secondary-red",4466,success
UNH,UnitedHealth Group,Healthcare,2016,https://www.unitedhealthgroup.com/uhg/mission-values.html,20240823210743.0,http://web.archive.org/web/20240823210743/https://www.unitedhealthgroup.com/uhg/mission-values.html,20160701,found,,200.0,"Mission & Values - UnitedHealth Group Helping people live healthier lives and helping make the health system work better for everyone UnitedHealth Group is a health care and well-being company with a mission to help people live healthier lives and help make the health system work better for everyone. To achieve our mission… We seek to enhance the performance of the health system and improve the overall health and well-being of the people we are privileged to serve and their communities. We work with health care professionals and other key partners to expand access to high-quality health care so people get the care they need at an affordable price. We support the physician/patient relationship and empower people with the information, guidance and tools they need to make personal health choices and decisions. Our values Integrity. We do the right thing and follow through on our shared commitment to Quality. Compassion. We listen, advocate and act with urgency for those we serve and our colleagues. Inclusion. We welcome, value, respect and hear all voices and diverse points of view. Relationships. We work together to deepen connections and collaboration for better outcomes. Innovation. We invent a better future by learning from the past. Performance. We strive for high Quality results in everything we do.​​​​​​​ Our mission in action Learn how our team members across Optum and UnitedHealthcare are working to help build a modern, high-performing health system that improves access, affordability, outcomes and experiences for the people who depend on it. Keep reading",1587,success
UNH,UnitedHealth Group,Healthcare,2017,https://www.unitedhealthgroup.com/uhg/mission-values.html,20240823210743.0,http://web.archive.org/web/20240823210743/https://www.unitedhealthgroup.com/uhg/mission-values.html,20170701,found,,200.0,"Mission & Values - UnitedHealth Group Helping people live healthier lives and helping make the health system work better for everyone UnitedHealth Group is a health care and well-being company with a mission to help people live healthier lives and help make the health system work better for everyone. To achieve our mission… We seek to enhance the performance of the health system and improve the overall health and well-being of the people we are privileged to serve and their communities. We work with health care professionals and other key partners to expand access to high-quality health care so people get the care they need at an affordable price. We support the physician/patient relationship and empower people with the information, guidance and tools they need to make personal health choices and decisions. Our values Integrity. We do the right thing and follow through on our shared commitment to Quality. Compassion. We listen, advocate and act with urgency for those we serve and our colleagues. Inclusion. We welcome, value, respect and hear all voices and diverse points of view. Relationships. We work together to deepen connections and collaboration for better outcomes. Innovation. We invent a better future by learning from the past. Performance. We strive for high Quality results in everything we do.​​​​​​​ Our mission in action Learn how our team members across Optum and UnitedHealthcare are working to help build a modern, high-performing health system that improves access, affordability, outcomes and experiences for the people who depend on it. Keep reading",1587,success
UNH,UnitedHealth Group,Healthcare,2018,https://www.unitedhealthgroup.com/uhg/mission-values.html,20240823210743.0,http://web.archive.org/web/20240823210743/https://www.unitedhealthgroup.com/uhg/mission-values.html,20180701,found,,200.0,"Mission & Values - UnitedHealth Group Helping people live healthier lives and helping make the health system work better for everyone UnitedHealth Group is a health care and well-being company with a mission to help people live healthier lives and help make the health system work better for everyone. To achieve our mission… We seek to enhance the performance of the health system and improve the overall health and well-being of the people we are privileged to serve and their communities. We work with health care professionals and other key partners to expand access to high-quality health care so people get the care they need at an affordable price. We support the physician/patient relationship and empower people with the information, guidance and tools they need to make personal health choices and decisions. Our values Integrity. We do the right thing and follow through on our shared commitment to Quality. Compassion. We listen, advocate and act with urgency for those we serve and our colleagues. Inclusion. We welcome, value, respect and hear all voices and diverse points of view. Relationships. We work together to deepen connections and collaboration for better outcomes. Innovation. We invent a better future by learning from the past. Performance. We strive for high Quality results in everything we do.​​​​​​​ Our mission in action Learn how our team members across Optum and UnitedHealthcare are working to help build a modern, high-performing health system that improves access, affordability, outcomes and experiences for the people who depend on it. Keep reading",1587,success
UNH,UnitedHealth Group,Healthcare,2019,https://www.unitedhealthgroup.com/uhg/mission-values.html,20240823210743.0,http://web.archive.org/web/20240823210743/https://www.unitedhealthgroup.com/uhg/mission-values.html,20190701,found,,200.0,"Mission & Values - UnitedHealth Group Helping people live healthier lives and helping make the health system work better for everyone UnitedHealth Group is a health care and well-being company with a mission to help people live healthier lives and help make the health system work better for everyone. To achieve our mission… We seek to enhance the performance of the health system and improve the overall health and well-being of the people we are privileged to serve and their communities. We work with health care professionals and other key partners to expand access to high-quality health care so people get the care they need at an affordable price. We support the physician/patient relationship and empower people with the information, guidance and tools they need to make personal health choices and decisions. Our values Integrity. We do the right thing and follow through on our shared commitment to Quality. Compassion. We listen, advocate and act with urgency for those we serve and our colleagues. Inclusion. We welcome, value, respect and hear all voices and diverse points of view. Relationships. We work together to deepen connections and collaboration for better outcomes. Innovation. We invent a better future by learning from the past. Performance. We strive for high Quality results in everything we do.​​​​​​​ Our mission in action Learn how our team members across Optum and UnitedHealthcare are working to help build a modern, high-performing health system that improves access, affordability, outcomes and experiences for the people who depend on it. Keep reading",1587,success
UNH,UnitedHealth Group,Healthcare,2020,https://www.unitedhealthgroup.com/uhg/mission-values.html,20240823210743.0,http://web.archive.org/web/20240823210743/https://www.unitedhealthgroup.com/uhg/mission-values.html,20200701,found,,200.0,"Mission & Values - UnitedHealth Group Helping people live healthier lives and helping make the health system work better for everyone UnitedHealth Group is a health care and well-being company with a mission to help people live healthier lives and help make the health system work better for everyone. To achieve our mission… We seek to enhance the performance of the health system and improve the overall health and well-being of the people we are privileged to serve and their communities. We work with health care professionals and other key partners to expand access to high-quality health care so people get the care they need at an affordable price. We support the physician/patient relationship and empower people with the information, guidance and tools they need to make personal health choices and decisions. Our values Integrity. We do the right thing and follow through on our shared commitment to Quality. Compassion. We listen, advocate and act with urgency for those we serve and our colleagues. Inclusion. We welcome, value, respect and hear all voices and diverse points of view. Relationships. We work together to deepen connections and collaboration for better outcomes. Innovation. We invent a better future by learning from the past. Performance. We strive for high Quality results in everything we do.​​​​​​​ Our mission in action Learn how our team members across Optum and UnitedHealthcare are working to help build a modern, high-performing health system that improves access, affordability, outcomes and experiences for the people who depend on it. Keep reading",1587,success
UNH,UnitedHealth Group,Healthcare,2021,https://www.unitedhealthgroup.com/uhg/mission-values.html,20240823210743.0,http://web.archive.org/web/20240823210743/https://www.unitedhealthgroup.com/uhg/mission-values.html,20210701,found,,200.0,"Mission & Values - UnitedHealth Group Helping people live healthier lives and helping make the health system work better for everyone UnitedHealth Group is a health care and well-being company with a mission to help people live healthier lives and help make the health system work better for everyone. To achieve our mission… We seek to enhance the performance of the health system and improve the overall health and well-being of the people we are privileged to serve and their communities. We work with health care professionals and other key partners to expand access to high-quality health care so people get the care they need at an affordable price. We support the physician/patient relationship and empower people with the information, guidance and tools they need to make personal health choices and decisions. Our values Integrity. We do the right thing and follow through on our shared commitment to Quality. Compassion. We listen, advocate and act with urgency for those we serve and our colleagues. Inclusion. We welcome, value, respect and hear all voices and diverse points of view. Relationships. We work together to deepen connections and collaboration for better outcomes. Innovation. We invent a better future by learning from the past. Performance. We strive for high Quality results in everything we do.​​​​​​​ Our mission in action Learn how our team members across Optum and UnitedHealthcare are working to help build a modern, high-performing health system that improves access, affordability, outcomes and experiences for the people who depend on it. Keep reading",1587,success
UNH,UnitedHealth Group,Healthcare,2022,https://www.unitedhealthgroup.com/uhg/mission-values.html,20240823210743.0,http://web.archive.org/web/20240823210743/https://www.unitedhealthgroup.com/uhg/mission-values.html,20220701,found,,200.0,"Mission & Values - UnitedHealth Group Helping people live healthier lives and helping make the health system work better for everyone UnitedHealth Group is a health care and well-being company with a mission to help people live healthier lives and help make the health system work better for everyone. To achieve our mission… We seek to enhance the performance of the health system and improve the overall health and well-being of the people we are privileged to serve and their communities. We work with health care professionals and other key partners to expand access to high-quality health care so people get the care they need at an affordable price. We support the physician/patient relationship and empower people with the information, guidance and tools they need to make personal health choices and decisions. Our values Integrity. We do the right thing and follow through on our shared commitment to Quality. Compassion. We listen, advocate and act with urgency for those we serve and our colleagues. Inclusion. We welcome, value, respect and hear all voices and diverse points of view. Relationships. We work together to deepen connections and collaboration for better outcomes. Innovation. We invent a better future by learning from the past. Performance. We strive for high Quality results in everything we do.​​​​​​​ Our mission in action Learn how our team members across Optum and UnitedHealthcare are working to help build a modern, high-performing health system that improves access, affordability, outcomes and experiences for the people who depend on it. Keep reading",1587,success
UNH,UnitedHealth Group,Healthcare,2023,https://www.unitedhealthgroup.com/uhg/mission-values.html,20240823210743.0,http://web.archive.org/web/20240823210743/https://www.unitedhealthgroup.com/uhg/mission-values.html,20230701,found,,200.0,"Mission & Values - UnitedHealth Group Helping people live healthier lives and helping make the health system work better for everyone UnitedHealth Group is a health care and well-being company with a mission to help people live healthier lives and help make the health system work better for everyone. To achieve our mission… We seek to enhance the performance of the health system and improve the overall health and well-being of the people we are privileged to serve and their communities. We work with health care professionals and other key partners to expand access to high-quality health care so people get the care they need at an affordable price. We support the physician/patient relationship and empower people with the information, guidance and tools they need to make personal health choices and decisions. Our values Integrity. We do the right thing and follow through on our shared commitment to Quality. Compassion. We listen, advocate and act with urgency for those we serve and our colleagues. Inclusion. We welcome, value, respect and hear all voices and diverse points of view. Relationships. We work together to deepen connections and collaboration for better outcomes. Innovation. We invent a better future by learning from the past. Performance. We strive for high Quality results in everything we do.​​​​​​​ Our mission in action Learn how our team members across Optum and UnitedHealthcare are working to help build a modern, high-performing health system that improves access, affordability, outcomes and experiences for the people who depend on it. Keep reading",1587,success
UNH,UnitedHealth Group,Healthcare,2024,https://www.unitedhealthgroup.com/uhg/mission-values.html,20240823210743.0,http://web.archive.org/web/20240823210743/https://www.unitedhealthgroup.com/uhg/mission-values.html,20240701,found,,200.0,"Mission & Values - UnitedHealth Group Helping people live healthier lives and helping make the health system work better for everyone UnitedHealth Group is a health care and well-being company with a mission to help people live healthier lives and help make the health system work better for everyone. To achieve our mission… We seek to enhance the performance of the health system and improve the overall health and well-being of the people we are privileged to serve and their communities. We work with health care professionals and other key partners to expand access to high-quality health care so people get the care they need at an affordable price. We support the physician/patient relationship and empower people with the information, guidance and tools they need to make personal health choices and decisions. Our values Integrity. We do the right thing and follow through on our shared commitment to Quality. Compassion. We listen, advocate and act with urgency for those we serve and our colleagues. Inclusion. We welcome, value, respect and hear all voices and diverse points of view. Relationships. We work together to deepen connections and collaboration for better outcomes. Innovation. We invent a better future by learning from the past. Performance. We strive for high Quality results in everything we do.​​​​​​​ Our mission in action Learn how our team members across Optum and UnitedHealthcare are working to help build a modern, high-performing health system that improves access, affordability, outcomes and experiences for the people who depend on it. Keep reading",1587,success
JNJ,Johnson & Johnson,Healthcare,2016,https://www.jnj.com/credo-purpose,20250619235213.0,http://web.archive.org/web/20250619235213/https://www.jnj.com/credo-purpose,20160701,found,,200.0,"Our Credo and our purpose Skip to content Learn about our healthcare areas Find our latest news, stories and press releases Delivering long-term value for our stakeholders Explore career opportunities and more Impacting health for humanity Menu Show Search Search Results No Results Recently Viewed Listening... Sorry, I don't understand. Please try again Home / Our company / Our Credo and our purpose Our Credo and our purpose At Johnson & Johnson we believe good health is the foundation of vibrant lives, thriving communities and forward progress. We strive to not only innovate across MedTech and Innovative Medicine but to improve access and affordability to lifesaving and life-enhancing treatments and medical solutions around the world. We are able to do this because for more than 80 years, our commitment to helping people has been built into our mission statement and purpose. Our Credo and our purpose September 27, 2023 Our Credo The values that guide our decision-making are spelled out in Our Credo. Put simply, Our Credo challenges us to put the needs and well-being of the people we serve first. Our Credo is more than just a moral compass. We believe it’s a recipe for business success. The fact that Johnson & Johnson is one of only a handful of companies that has flourished through more than a century of change is proof of that. Read Our Credo Our purpose We blend heart, science and ingenuity to profoundly impact health for humanity. Our commitment 0 >138,000 Dedicated employees around the world 0 Top 5 Rank in Access to Medicine Index 0 $17.2 B Invested in R&D in 2024 to help move treatments forward Our Credo in action Caring & giving June 18, 2024 Giving the gift of sight In Kenya, around 1.5 million people—including children—contend with visual impairment or blindness. Sight For Kids, Johnson & Johnson’s global eye-care partnership, is devoted to changing these stats, one vision screening at a time. Read more Latest news January 30, 2025 Johnson & Johnson named a 2025 Fortune World’s Most Admired Company A dedication to innovation and social responsibility are just two of the qualities that helped the company garner a coveted spot on the list for the 23rd year in a row. Read more Latest news November 19, 2024 How Johnson & Johnson is working to get medications to people around the world who need them most In the 2024 Access to Medicine Index, the company ranks among the top 5 improving access to medicines. Read more Caring & giving May 21, 2024 Meet a nurse who leads clinical trials to find innovative cancer therapies Melissa Martinez is a clinical scientist within Johnson & Johnson’s Interventional Oncology R&D group. Not only is she helping to develop lifesaving treatments, she’s redefining what it means to pursue a career in nursing. Read more Latest news March 31, 2025 Johnson & Johnson named to Fortune’ s 2025 America’s Most Innovative Companies list The company’s commitment to developing solutions that tackle the world’s most pressing health challenges has helped Johnson & Johnson be recognized as the top-ranked healthcare company on the list. Read more Our history November 29, 2016 The history of how Johnson & Johnson has given back during times of crisis What started as medical aid donated to the injured survivors of a devastating 1889 flood has evolved into a legacy of philanthropy that spans the globe. We look at key moments throughout history in which the company has mobilized to help people. Read more Health for Humanity Report Learn more",3518,success
JNJ,Johnson & Johnson,Healthcare,2017,https://www.jnj.com/credo-purpose,20250619235213.0,http://web.archive.org/web/20250619235213/https://www.jnj.com/credo-purpose,20170701,found,,200.0,"Our Credo and our purpose Skip to content Learn about our healthcare areas Find our latest news, stories and press releases Delivering long-term value for our stakeholders Explore career opportunities and more Impacting health for humanity Menu Show Search Search Results No Results Recently Viewed Listening... Sorry, I don't understand. Please try again Home / Our company / Our Credo and our purpose Our Credo and our purpose At Johnson & Johnson we believe good health is the foundation of vibrant lives, thriving communities and forward progress. We strive to not only innovate across MedTech and Innovative Medicine but to improve access and affordability to lifesaving and life-enhancing treatments and medical solutions around the world. We are able to do this because for more than 80 years, our commitment to helping people has been built into our mission statement and purpose. Our Credo and our purpose September 27, 2023 Our Credo The values that guide our decision-making are spelled out in Our Credo. Put simply, Our Credo challenges us to put the needs and well-being of the people we serve first. Our Credo is more than just a moral compass. We believe it’s a recipe for business success. The fact that Johnson & Johnson is one of only a handful of companies that has flourished through more than a century of change is proof of that. Read Our Credo Our purpose We blend heart, science and ingenuity to profoundly impact health for humanity. Our commitment 0 >138,000 Dedicated employees around the world 0 Top 5 Rank in Access to Medicine Index 0 $17.2 B Invested in R&D in 2024 to help move treatments forward Our Credo in action Caring & giving June 18, 2024 Giving the gift of sight In Kenya, around 1.5 million people—including children—contend with visual impairment or blindness. Sight For Kids, Johnson & Johnson’s global eye-care partnership, is devoted to changing these stats, one vision screening at a time. Read more Latest news January 30, 2025 Johnson & Johnson named a 2025 Fortune World’s Most Admired Company A dedication to innovation and social responsibility are just two of the qualities that helped the company garner a coveted spot on the list for the 23rd year in a row. Read more Latest news November 19, 2024 How Johnson & Johnson is working to get medications to people around the world who need them most In the 2024 Access to Medicine Index, the company ranks among the top 5 improving access to medicines. Read more Caring & giving May 21, 2024 Meet a nurse who leads clinical trials to find innovative cancer therapies Melissa Martinez is a clinical scientist within Johnson & Johnson’s Interventional Oncology R&D group. Not only is she helping to develop lifesaving treatments, she’s redefining what it means to pursue a career in nursing. Read more Latest news March 31, 2025 Johnson & Johnson named to Fortune’ s 2025 America’s Most Innovative Companies list The company’s commitment to developing solutions that tackle the world’s most pressing health challenges has helped Johnson & Johnson be recognized as the top-ranked healthcare company on the list. Read more Our history November 29, 2016 The history of how Johnson & Johnson has given back during times of crisis What started as medical aid donated to the injured survivors of a devastating 1889 flood has evolved into a legacy of philanthropy that spans the globe. We look at key moments throughout history in which the company has mobilized to help people. Read more Health for Humanity Report Learn more",3518,success
JNJ,Johnson & Johnson,Healthcare,2018,https://www.jnj.com/credo-purpose,20250619235213.0,http://web.archive.org/web/20250619235213/https://www.jnj.com/credo-purpose,20180701,found,,200.0,"Our Credo and our purpose Skip to content Learn about our healthcare areas Find our latest news, stories and press releases Delivering long-term value for our stakeholders Explore career opportunities and more Impacting health for humanity Menu Show Search Search Results No Results Recently Viewed Listening... Sorry, I don't understand. Please try again Home / Our company / Our Credo and our purpose Our Credo and our purpose At Johnson & Johnson we believe good health is the foundation of vibrant lives, thriving communities and forward progress. We strive to not only innovate across MedTech and Innovative Medicine but to improve access and affordability to lifesaving and life-enhancing treatments and medical solutions around the world. We are able to do this because for more than 80 years, our commitment to helping people has been built into our mission statement and purpose. Our Credo and our purpose September 27, 2023 Our Credo The values that guide our decision-making are spelled out in Our Credo. Put simply, Our Credo challenges us to put the needs and well-being of the people we serve first. Our Credo is more than just a moral compass. We believe it’s a recipe for business success. The fact that Johnson & Johnson is one of only a handful of companies that has flourished through more than a century of change is proof of that. Read Our Credo Our purpose We blend heart, science and ingenuity to profoundly impact health for humanity. Our commitment 0 >138,000 Dedicated employees around the world 0 Top 5 Rank in Access to Medicine Index 0 $17.2 B Invested in R&D in 2024 to help move treatments forward Our Credo in action Caring & giving June 18, 2024 Giving the gift of sight In Kenya, around 1.5 million people—including children—contend with visual impairment or blindness. Sight For Kids, Johnson & Johnson’s global eye-care partnership, is devoted to changing these stats, one vision screening at a time. Read more Latest news January 30, 2025 Johnson & Johnson named a 2025 Fortune World’s Most Admired Company A dedication to innovation and social responsibility are just two of the qualities that helped the company garner a coveted spot on the list for the 23rd year in a row. Read more Latest news November 19, 2024 How Johnson & Johnson is working to get medications to people around the world who need them most In the 2024 Access to Medicine Index, the company ranks among the top 5 improving access to medicines. Read more Caring & giving May 21, 2024 Meet a nurse who leads clinical trials to find innovative cancer therapies Melissa Martinez is a clinical scientist within Johnson & Johnson’s Interventional Oncology R&D group. Not only is she helping to develop lifesaving treatments, she’s redefining what it means to pursue a career in nursing. Read more Latest news March 31, 2025 Johnson & Johnson named to Fortune’ s 2025 America’s Most Innovative Companies list The company’s commitment to developing solutions that tackle the world’s most pressing health challenges has helped Johnson & Johnson be recognized as the top-ranked healthcare company on the list. Read more Our history November 29, 2016 The history of how Johnson & Johnson has given back during times of crisis What started as medical aid donated to the injured survivors of a devastating 1889 flood has evolved into a legacy of philanthropy that spans the globe. We look at key moments throughout history in which the company has mobilized to help people. Read more Health for Humanity Report Learn more",3518,success
JNJ,Johnson & Johnson,Healthcare,2019,https://www.jnj.com/credo-purpose,20250619235213.0,http://web.archive.org/web/20250619235213/https://www.jnj.com/credo-purpose,20190701,found,,200.0,"Our Credo and our purpose Skip to content Learn about our healthcare areas Find our latest news, stories and press releases Delivering long-term value for our stakeholders Explore career opportunities and more Impacting health for humanity Menu Show Search Search Results No Results Recently Viewed Listening... Sorry, I don't understand. Please try again Home / Our company / Our Credo and our purpose Our Credo and our purpose At Johnson & Johnson we believe good health is the foundation of vibrant lives, thriving communities and forward progress. We strive to not only innovate across MedTech and Innovative Medicine but to improve access and affordability to lifesaving and life-enhancing treatments and medical solutions around the world. We are able to do this because for more than 80 years, our commitment to helping people has been built into our mission statement and purpose. Our Credo and our purpose September 27, 2023 Our Credo The values that guide our decision-making are spelled out in Our Credo. Put simply, Our Credo challenges us to put the needs and well-being of the people we serve first. Our Credo is more than just a moral compass. We believe it’s a recipe for business success. The fact that Johnson & Johnson is one of only a handful of companies that has flourished through more than a century of change is proof of that. Read Our Credo Our purpose We blend heart, science and ingenuity to profoundly impact health for humanity. Our commitment 0 >138,000 Dedicated employees around the world 0 Top 5 Rank in Access to Medicine Index 0 $17.2 B Invested in R&D in 2024 to help move treatments forward Our Credo in action Caring & giving June 18, 2024 Giving the gift of sight In Kenya, around 1.5 million people—including children—contend with visual impairment or blindness. Sight For Kids, Johnson & Johnson’s global eye-care partnership, is devoted to changing these stats, one vision screening at a time. Read more Latest news January 30, 2025 Johnson & Johnson named a 2025 Fortune World’s Most Admired Company A dedication to innovation and social responsibility are just two of the qualities that helped the company garner a coveted spot on the list for the 23rd year in a row. Read more Latest news November 19, 2024 How Johnson & Johnson is working to get medications to people around the world who need them most In the 2024 Access to Medicine Index, the company ranks among the top 5 improving access to medicines. Read more Caring & giving May 21, 2024 Meet a nurse who leads clinical trials to find innovative cancer therapies Melissa Martinez is a clinical scientist within Johnson & Johnson’s Interventional Oncology R&D group. Not only is she helping to develop lifesaving treatments, she’s redefining what it means to pursue a career in nursing. Read more Latest news March 31, 2025 Johnson & Johnson named to Fortune’ s 2025 America’s Most Innovative Companies list The company’s commitment to developing solutions that tackle the world’s most pressing health challenges has helped Johnson & Johnson be recognized as the top-ranked healthcare company on the list. Read more Our history November 29, 2016 The history of how Johnson & Johnson has given back during times of crisis What started as medical aid donated to the injured survivors of a devastating 1889 flood has evolved into a legacy of philanthropy that spans the globe. We look at key moments throughout history in which the company has mobilized to help people. Read more Health for Humanity Report Learn more",3518,success
JNJ,Johnson & Johnson,Healthcare,2020,https://www.jnj.com/credo-purpose,20250619235213.0,http://web.archive.org/web/20250619235213/https://www.jnj.com/credo-purpose,20200701,found,,200.0,"Our Credo and our purpose Skip to content Learn about our healthcare areas Find our latest news, stories and press releases Delivering long-term value for our stakeholders Explore career opportunities and more Impacting health for humanity Menu Show Search Search Results No Results Recently Viewed Listening... Sorry, I don't understand. Please try again Home / Our company / Our Credo and our purpose Our Credo and our purpose At Johnson & Johnson we believe good health is the foundation of vibrant lives, thriving communities and forward progress. We strive to not only innovate across MedTech and Innovative Medicine but to improve access and affordability to lifesaving and life-enhancing treatments and medical solutions around the world. We are able to do this because for more than 80 years, our commitment to helping people has been built into our mission statement and purpose. Our Credo and our purpose September 27, 2023 Our Credo The values that guide our decision-making are spelled out in Our Credo. Put simply, Our Credo challenges us to put the needs and well-being of the people we serve first. Our Credo is more than just a moral compass. We believe it’s a recipe for business success. The fact that Johnson & Johnson is one of only a handful of companies that has flourished through more than a century of change is proof of that. Read Our Credo Our purpose We blend heart, science and ingenuity to profoundly impact health for humanity. Our commitment 0 >138,000 Dedicated employees around the world 0 Top 5 Rank in Access to Medicine Index 0 $17.2 B Invested in R&D in 2024 to help move treatments forward Our Credo in action Caring & giving June 18, 2024 Giving the gift of sight In Kenya, around 1.5 million people—including children—contend with visual impairment or blindness. Sight For Kids, Johnson & Johnson’s global eye-care partnership, is devoted to changing these stats, one vision screening at a time. Read more Latest news January 30, 2025 Johnson & Johnson named a 2025 Fortune World’s Most Admired Company A dedication to innovation and social responsibility are just two of the qualities that helped the company garner a coveted spot on the list for the 23rd year in a row. Read more Latest news November 19, 2024 How Johnson & Johnson is working to get medications to people around the world who need them most In the 2024 Access to Medicine Index, the company ranks among the top 5 improving access to medicines. Read more Caring & giving May 21, 2024 Meet a nurse who leads clinical trials to find innovative cancer therapies Melissa Martinez is a clinical scientist within Johnson & Johnson’s Interventional Oncology R&D group. Not only is she helping to develop lifesaving treatments, she’s redefining what it means to pursue a career in nursing. Read more Latest news March 31, 2025 Johnson & Johnson named to Fortune’ s 2025 America’s Most Innovative Companies list The company’s commitment to developing solutions that tackle the world’s most pressing health challenges has helped Johnson & Johnson be recognized as the top-ranked healthcare company on the list. Read more Our history November 29, 2016 The history of how Johnson & Johnson has given back during times of crisis What started as medical aid donated to the injured survivors of a devastating 1889 flood has evolved into a legacy of philanthropy that spans the globe. We look at key moments throughout history in which the company has mobilized to help people. Read more Health for Humanity Report Learn more",3518,success
JNJ,Johnson & Johnson,Healthcare,2021,https://www.jnj.com/credo-purpose,20250619235213.0,http://web.archive.org/web/20250619235213/https://www.jnj.com/credo-purpose,20210701,found,,200.0,"Our Credo and our purpose Skip to content Learn about our healthcare areas Find our latest news, stories and press releases Delivering long-term value for our stakeholders Explore career opportunities and more Impacting health for humanity Menu Show Search Search Results No Results Recently Viewed Listening... Sorry, I don't understand. Please try again Home / Our company / Our Credo and our purpose Our Credo and our purpose At Johnson & Johnson we believe good health is the foundation of vibrant lives, thriving communities and forward progress. We strive to not only innovate across MedTech and Innovative Medicine but to improve access and affordability to lifesaving and life-enhancing treatments and medical solutions around the world. We are able to do this because for more than 80 years, our commitment to helping people has been built into our mission statement and purpose. Our Credo and our purpose September 27, 2023 Our Credo The values that guide our decision-making are spelled out in Our Credo. Put simply, Our Credo challenges us to put the needs and well-being of the people we serve first. Our Credo is more than just a moral compass. We believe it’s a recipe for business success. The fact that Johnson & Johnson is one of only a handful of companies that has flourished through more than a century of change is proof of that. Read Our Credo Our purpose We blend heart, science and ingenuity to profoundly impact health for humanity. Our commitment 0 >138,000 Dedicated employees around the world 0 Top 5 Rank in Access to Medicine Index 0 $17.2 B Invested in R&D in 2024 to help move treatments forward Our Credo in action Caring & giving June 18, 2024 Giving the gift of sight In Kenya, around 1.5 million people—including children—contend with visual impairment or blindness. Sight For Kids, Johnson & Johnson’s global eye-care partnership, is devoted to changing these stats, one vision screening at a time. Read more Latest news January 30, 2025 Johnson & Johnson named a 2025 Fortune World’s Most Admired Company A dedication to innovation and social responsibility are just two of the qualities that helped the company garner a coveted spot on the list for the 23rd year in a row. Read more Latest news November 19, 2024 How Johnson & Johnson is working to get medications to people around the world who need them most In the 2024 Access to Medicine Index, the company ranks among the top 5 improving access to medicines. Read more Caring & giving May 21, 2024 Meet a nurse who leads clinical trials to find innovative cancer therapies Melissa Martinez is a clinical scientist within Johnson & Johnson’s Interventional Oncology R&D group. Not only is she helping to develop lifesaving treatments, she’s redefining what it means to pursue a career in nursing. Read more Latest news March 31, 2025 Johnson & Johnson named to Fortune’ s 2025 America’s Most Innovative Companies list The company’s commitment to developing solutions that tackle the world’s most pressing health challenges has helped Johnson & Johnson be recognized as the top-ranked healthcare company on the list. Read more Our history November 29, 2016 The history of how Johnson & Johnson has given back during times of crisis What started as medical aid donated to the injured survivors of a devastating 1889 flood has evolved into a legacy of philanthropy that spans the globe. We look at key moments throughout history in which the company has mobilized to help people. Read more Health for Humanity Report Learn more",3518,success
JNJ,Johnson & Johnson,Healthcare,2022,https://www.jnj.com/credo-purpose,20250619235213.0,http://web.archive.org/web/20250619235213/https://www.jnj.com/credo-purpose,20220701,found,,200.0,"Our Credo and our purpose Skip to content Learn about our healthcare areas Find our latest news, stories and press releases Delivering long-term value for our stakeholders Explore career opportunities and more Impacting health for humanity Menu Show Search Search Results No Results Recently Viewed Listening... Sorry, I don't understand. Please try again Home / Our company / Our Credo and our purpose Our Credo and our purpose At Johnson & Johnson we believe good health is the foundation of vibrant lives, thriving communities and forward progress. We strive to not only innovate across MedTech and Innovative Medicine but to improve access and affordability to lifesaving and life-enhancing treatments and medical solutions around the world. We are able to do this because for more than 80 years, our commitment to helping people has been built into our mission statement and purpose. Our Credo and our purpose September 27, 2023 Our Credo The values that guide our decision-making are spelled out in Our Credo. Put simply, Our Credo challenges us to put the needs and well-being of the people we serve first. Our Credo is more than just a moral compass. We believe it’s a recipe for business success. The fact that Johnson & Johnson is one of only a handful of companies that has flourished through more than a century of change is proof of that. Read Our Credo Our purpose We blend heart, science and ingenuity to profoundly impact health for humanity. Our commitment 0 >138,000 Dedicated employees around the world 0 Top 5 Rank in Access to Medicine Index 0 $17.2 B Invested in R&D in 2024 to help move treatments forward Our Credo in action Caring & giving June 18, 2024 Giving the gift of sight In Kenya, around 1.5 million people—including children—contend with visual impairment or blindness. Sight For Kids, Johnson & Johnson’s global eye-care partnership, is devoted to changing these stats, one vision screening at a time. Read more Latest news January 30, 2025 Johnson & Johnson named a 2025 Fortune World’s Most Admired Company A dedication to innovation and social responsibility are just two of the qualities that helped the company garner a coveted spot on the list for the 23rd year in a row. Read more Latest news November 19, 2024 How Johnson & Johnson is working to get medications to people around the world who need them most In the 2024 Access to Medicine Index, the company ranks among the top 5 improving access to medicines. Read more Caring & giving May 21, 2024 Meet a nurse who leads clinical trials to find innovative cancer therapies Melissa Martinez is a clinical scientist within Johnson & Johnson’s Interventional Oncology R&D group. Not only is she helping to develop lifesaving treatments, she’s redefining what it means to pursue a career in nursing. Read more Latest news March 31, 2025 Johnson & Johnson named to Fortune’ s 2025 America’s Most Innovative Companies list The company’s commitment to developing solutions that tackle the world’s most pressing health challenges has helped Johnson & Johnson be recognized as the top-ranked healthcare company on the list. Read more Our history November 29, 2016 The history of how Johnson & Johnson has given back during times of crisis What started as medical aid donated to the injured survivors of a devastating 1889 flood has evolved into a legacy of philanthropy that spans the globe. We look at key moments throughout history in which the company has mobilized to help people. Read more Health for Humanity Report Learn more",3518,success
JNJ,Johnson & Johnson,Healthcare,2023,https://www.jnj.com/credo-purpose,20250619235213.0,http://web.archive.org/web/20250619235213/https://www.jnj.com/credo-purpose,20230701,found,,200.0,"Our Credo and our purpose Skip to content Learn about our healthcare areas Find our latest news, stories and press releases Delivering long-term value for our stakeholders Explore career opportunities and more Impacting health for humanity Menu Show Search Search Results No Results Recently Viewed Listening... Sorry, I don't understand. Please try again Home / Our company / Our Credo and our purpose Our Credo and our purpose At Johnson & Johnson we believe good health is the foundation of vibrant lives, thriving communities and forward progress. We strive to not only innovate across MedTech and Innovative Medicine but to improve access and affordability to lifesaving and life-enhancing treatments and medical solutions around the world. We are able to do this because for more than 80 years, our commitment to helping people has been built into our mission statement and purpose. Our Credo and our purpose September 27, 2023 Our Credo The values that guide our decision-making are spelled out in Our Credo. Put simply, Our Credo challenges us to put the needs and well-being of the people we serve first. Our Credo is more than just a moral compass. We believe it’s a recipe for business success. The fact that Johnson & Johnson is one of only a handful of companies that has flourished through more than a century of change is proof of that. Read Our Credo Our purpose We blend heart, science and ingenuity to profoundly impact health for humanity. Our commitment 0 >138,000 Dedicated employees around the world 0 Top 5 Rank in Access to Medicine Index 0 $17.2 B Invested in R&D in 2024 to help move treatments forward Our Credo in action Caring & giving June 18, 2024 Giving the gift of sight In Kenya, around 1.5 million people—including children—contend with visual impairment or blindness. Sight For Kids, Johnson & Johnson’s global eye-care partnership, is devoted to changing these stats, one vision screening at a time. Read more Latest news January 30, 2025 Johnson & Johnson named a 2025 Fortune World’s Most Admired Company A dedication to innovation and social responsibility are just two of the qualities that helped the company garner a coveted spot on the list for the 23rd year in a row. Read more Latest news November 19, 2024 How Johnson & Johnson is working to get medications to people around the world who need them most In the 2024 Access to Medicine Index, the company ranks among the top 5 improving access to medicines. Read more Caring & giving May 21, 2024 Meet a nurse who leads clinical trials to find innovative cancer therapies Melissa Martinez is a clinical scientist within Johnson & Johnson’s Interventional Oncology R&D group. Not only is she helping to develop lifesaving treatments, she’s redefining what it means to pursue a career in nursing. Read more Latest news March 31, 2025 Johnson & Johnson named to Fortune’ s 2025 America’s Most Innovative Companies list The company’s commitment to developing solutions that tackle the world’s most pressing health challenges has helped Johnson & Johnson be recognized as the top-ranked healthcare company on the list. Read more Our history November 29, 2016 The history of how Johnson & Johnson has given back during times of crisis What started as medical aid donated to the injured survivors of a devastating 1889 flood has evolved into a legacy of philanthropy that spans the globe. We look at key moments throughout history in which the company has mobilized to help people. Read more Health for Humanity Report Learn more",3518,success
JNJ,Johnson & Johnson,Healthcare,2024,https://www.jnj.com/credo-purpose,,,20240701,missing,No closest snapshot found from Wayback Availability API,,,0,missing_snapshot
ABBV,AbbVie,Healthcare,2016,https://www.abbvie.com/who-we-are.html,20230216175901.0,http://web.archive.org/web/20230216175901/https://www.abbvie.com/who-we-are.html,20160701,found,,200.0,"Who We Are | AbbVie We Create Medicines and Solutions That Make a Real Difference But it’s more than what we discover—it’s how we get there. who we are Meeting the needs of our times AbbVie’s mission is to discover and deliver innovative medicines and solutions that address complex health issues and enhance people's lives. We are AbbVie Watch 1:36 We are AbbVie Powered by 50,000 employees across the globe, it is the responsibility and the privilege of everyone at AbbVie to support our communities, better our society and help the patients of today and tomorrow. Richard A. Gonzalez Chairman & CEO Every solution starts with the patient’s perspective, because transformative medicines only matter when they are safe, effective and accessible to everyone who needs them. Patients We are making significant advancements with a robust pipeline of potential new medicines as we look to find the treatments of tomorrow. Pipeline We are driven by our compassion for people, commitment to innovation and inclusion, service to the community and uncompromising integrity. Our principles our leaders Our mission to improve lives starts at the top Our leaders’ vision and expertise guide our teams, while their commitment to patients fuels our culture. Meet our leaders November 12, 2021 Sustainability What are science-based targets? It is the key for sustainable growth. Read Article 4 Minute Read April 18, 2022 EEDI Advancing our vision of equity and inclusion Our 2022 priorities Read Article 5 Minute Read October 07, 2021 Science The story behind our $50 billion R&D investment Discovering and developing new medicines is not easy. But it’s an aspiration that drives our science and is the foundation of this company. Read Article 6 Minute Read key facts Our impact by the numbers more key facts 60+ conditions treated 62MM+ people treated by AbbVie’s products every year 175+ countries where products help people and patients 50,000 employees working in 70+ countries Our history AbbVie was founded in 2013 when we became a separate company from Abbott. Our name represents a proud connection to that legacy. Since the beginning, our mission hasn't wavered. Our combination of focused innovation and commercial scale brings differentiated products to market that benefit patients, customers and health care providers. explore our history common stock ABBV Stock Symbol investor resources Get the latest information about AbbVie Events and presentations Stakeholders contacts Annual report Who We Are Science Patients Join Us Sustainability Popular pages Pipeline Products Partner with Us Patient Support External links News Center Investors Contract Manufacturing Medical Information Unless otherwise specified, all product names appearing in this internet site are trademarks owned by or licensed to AbbVie Inc., its subsidiaries or affiliates. No use of any AbbVie trademark, trade name, or trade dress in this site may be made without the prior written authorization of AbbVie Inc., except to identify the product or services of the company. Copyright © 2023 AbbVie Inc. North Chicago, Illinois, U.S.A. Contact Us CLOSE You are about to leave the AbbVie website The product-specific site Internet site that you have requested is intended for the residents of a particular country or countries, as noted on that site. As a result, the site may contain information on pharmaceuticals that are not approved in other countries or region. If you are a resident of a country other than those to which the site is directed, please return to AbbVie.com or contact your local AbbVie affiliate to obtain the appropriate product information for your country of residence. The Internet site that you have requested may not be optimized to your screen size. Do you wish to continue to this product-specific site? No, I disagree Yes, I agree",3831,success
ABBV,AbbVie,Healthcare,2017,https://www.abbvie.com/who-we-are.html,,,20170701,missing,No closest snapshot found from Wayback Availability API,,,0,missing_snapshot
ABBV,AbbVie,Healthcare,2018,https://www.abbvie.com/who-we-are.html,20230216175901.0,http://web.archive.org/web/20230216175901/https://www.abbvie.com/who-we-are.html,20180701,found,,200.0,"Who We Are | AbbVie We Create Medicines and Solutions That Make a Real Difference But it’s more than what we discover—it’s how we get there. who we are Meeting the needs of our times AbbVie’s mission is to discover and deliver innovative medicines and solutions that address complex health issues and enhance people's lives. We are AbbVie Watch 1:36 We are AbbVie Powered by 50,000 employees across the globe, it is the responsibility and the privilege of everyone at AbbVie to support our communities, better our society and help the patients of today and tomorrow. Richard A. Gonzalez Chairman & CEO Every solution starts with the patient’s perspective, because transformative medicines only matter when they are safe, effective and accessible to everyone who needs them. Patients We are making significant advancements with a robust pipeline of potential new medicines as we look to find the treatments of tomorrow. Pipeline We are driven by our compassion for people, commitment to innovation and inclusion, service to the community and uncompromising integrity. Our principles our leaders Our mission to improve lives starts at the top Our leaders’ vision and expertise guide our teams, while their commitment to patients fuels our culture. Meet our leaders November 12, 2021 Sustainability What are science-based targets? It is the key for sustainable growth. Read Article 4 Minute Read April 18, 2022 EEDI Advancing our vision of equity and inclusion Our 2022 priorities Read Article 5 Minute Read October 07, 2021 Science The story behind our $50 billion R&D investment Discovering and developing new medicines is not easy. But it’s an aspiration that drives our science and is the foundation of this company. Read Article 6 Minute Read key facts Our impact by the numbers more key facts 60+ conditions treated 62MM+ people treated by AbbVie’s products every year 175+ countries where products help people and patients 50,000 employees working in 70+ countries Our history AbbVie was founded in 2013 when we became a separate company from Abbott. Our name represents a proud connection to that legacy. Since the beginning, our mission hasn't wavered. Our combination of focused innovation and commercial scale brings differentiated products to market that benefit patients, customers and health care providers. explore our history common stock ABBV Stock Symbol investor resources Get the latest information about AbbVie Events and presentations Stakeholders contacts Annual report Who We Are Science Patients Join Us Sustainability Popular pages Pipeline Products Partner with Us Patient Support External links News Center Investors Contract Manufacturing Medical Information Unless otherwise specified, all product names appearing in this internet site are trademarks owned by or licensed to AbbVie Inc., its subsidiaries or affiliates. No use of any AbbVie trademark, trade name, or trade dress in this site may be made without the prior written authorization of AbbVie Inc., except to identify the product or services of the company. Copyright © 2023 AbbVie Inc. North Chicago, Illinois, U.S.A. Contact Us CLOSE You are about to leave the AbbVie website The product-specific site Internet site that you have requested is intended for the residents of a particular country or countries, as noted on that site. As a result, the site may contain information on pharmaceuticals that are not approved in other countries or region. If you are a resident of a country other than those to which the site is directed, please return to AbbVie.com or contact your local AbbVie affiliate to obtain the appropriate product information for your country of residence. The Internet site that you have requested may not be optimized to your screen size. Do you wish to continue to this product-specific site? No, I disagree Yes, I agree",3831,success
ABBV,AbbVie,Healthcare,2019,https://www.abbvie.com/who-we-are.html,,,20190701,missing,No closest snapshot found from Wayback Availability API,,,0,missing_snapshot
ABBV,AbbVie,Healthcare,2020,https://www.abbvie.com/who-we-are.html,20230216175901.0,http://web.archive.org/web/20230216175901/https://www.abbvie.com/who-we-are.html,20200701,found,,200.0,"Who We Are | AbbVie We Create Medicines and Solutions That Make a Real Difference But it’s more than what we discover—it’s how we get there. who we are Meeting the needs of our times AbbVie’s mission is to discover and deliver innovative medicines and solutions that address complex health issues and enhance people's lives. We are AbbVie Watch 1:36 We are AbbVie Powered by 50,000 employees across the globe, it is the responsibility and the privilege of everyone at AbbVie to support our communities, better our society and help the patients of today and tomorrow. Richard A. Gonzalez Chairman & CEO Every solution starts with the patient’s perspective, because transformative medicines only matter when they are safe, effective and accessible to everyone who needs them. Patients We are making significant advancements with a robust pipeline of potential new medicines as we look to find the treatments of tomorrow. Pipeline We are driven by our compassion for people, commitment to innovation and inclusion, service to the community and uncompromising integrity. Our principles our leaders Our mission to improve lives starts at the top Our leaders’ vision and expertise guide our teams, while their commitment to patients fuels our culture. Meet our leaders November 12, 2021 Sustainability What are science-based targets? It is the key for sustainable growth. Read Article 4 Minute Read April 18, 2022 EEDI Advancing our vision of equity and inclusion Our 2022 priorities Read Article 5 Minute Read October 07, 2021 Science The story behind our $50 billion R&D investment Discovering and developing new medicines is not easy. But it’s an aspiration that drives our science and is the foundation of this company. Read Article 6 Minute Read key facts Our impact by the numbers more key facts 60+ conditions treated 62MM+ people treated by AbbVie’s products every year 175+ countries where products help people and patients 50,000 employees working in 70+ countries Our history AbbVie was founded in 2013 when we became a separate company from Abbott. Our name represents a proud connection to that legacy. Since the beginning, our mission hasn't wavered. Our combination of focused innovation and commercial scale brings differentiated products to market that benefit patients, customers and health care providers. explore our history common stock ABBV Stock Symbol investor resources Get the latest information about AbbVie Events and presentations Stakeholders contacts Annual report Who We Are Science Patients Join Us Sustainability Popular pages Pipeline Products Partner with Us Patient Support External links News Center Investors Contract Manufacturing Medical Information Unless otherwise specified, all product names appearing in this internet site are trademarks owned by or licensed to AbbVie Inc., its subsidiaries or affiliates. No use of any AbbVie trademark, trade name, or trade dress in this site may be made without the prior written authorization of AbbVie Inc., except to identify the product or services of the company. Copyright © 2023 AbbVie Inc. North Chicago, Illinois, U.S.A. Contact Us CLOSE You are about to leave the AbbVie website The product-specific site Internet site that you have requested is intended for the residents of a particular country or countries, as noted on that site. As a result, the site may contain information on pharmaceuticals that are not approved in other countries or region. If you are a resident of a country other than those to which the site is directed, please return to AbbVie.com or contact your local AbbVie affiliate to obtain the appropriate product information for your country of residence. The Internet site that you have requested may not be optimized to your screen size. Do you wish to continue to this product-specific site? No, I disagree Yes, I agree",3831,success
ABBV,AbbVie,Healthcare,2021,https://www.abbvie.com/who-we-are.html,,,20210701,missing,No closest snapshot found from Wayback Availability API,,,0,missing_snapshot
ABBV,AbbVie,Healthcare,2022,https://www.abbvie.com/who-we-are.html,20230216175901.0,http://web.archive.org/web/20230216175901/https://www.abbvie.com/who-we-are.html,20220701,found,,200.0,"Who We Are | AbbVie We Create Medicines and Solutions That Make a Real Difference But it’s more than what we discover—it’s how we get there. who we are Meeting the needs of our times AbbVie’s mission is to discover and deliver innovative medicines and solutions that address complex health issues and enhance people's lives. We are AbbVie Watch 1:36 We are AbbVie Powered by 50,000 employees across the globe, it is the responsibility and the privilege of everyone at AbbVie to support our communities, better our society and help the patients of today and tomorrow. Richard A. Gonzalez Chairman & CEO Every solution starts with the patient’s perspective, because transformative medicines only matter when they are safe, effective and accessible to everyone who needs them. Patients We are making significant advancements with a robust pipeline of potential new medicines as we look to find the treatments of tomorrow. Pipeline We are driven by our compassion for people, commitment to innovation and inclusion, service to the community and uncompromising integrity. Our principles our leaders Our mission to improve lives starts at the top Our leaders’ vision and expertise guide our teams, while their commitment to patients fuels our culture. Meet our leaders November 12, 2021 Sustainability What are science-based targets? It is the key for sustainable growth. Read Article 4 Minute Read April 18, 2022 EEDI Advancing our vision of equity and inclusion Our 2022 priorities Read Article 5 Minute Read October 07, 2021 Science The story behind our $50 billion R&D investment Discovering and developing new medicines is not easy. But it’s an aspiration that drives our science and is the foundation of this company. Read Article 6 Minute Read key facts Our impact by the numbers more key facts 60+ conditions treated 62MM+ people treated by AbbVie’s products every year 175+ countries where products help people and patients 50,000 employees working in 70+ countries Our history AbbVie was founded in 2013 when we became a separate company from Abbott. Our name represents a proud connection to that legacy. Since the beginning, our mission hasn't wavered. Our combination of focused innovation and commercial scale brings differentiated products to market that benefit patients, customers and health care providers. explore our history common stock ABBV Stock Symbol investor resources Get the latest information about AbbVie Events and presentations Stakeholders contacts Annual report Who We Are Science Patients Join Us Sustainability Popular pages Pipeline Products Partner with Us Patient Support External links News Center Investors Contract Manufacturing Medical Information Unless otherwise specified, all product names appearing in this internet site are trademarks owned by or licensed to AbbVie Inc., its subsidiaries or affiliates. No use of any AbbVie trademark, trade name, or trade dress in this site may be made without the prior written authorization of AbbVie Inc., except to identify the product or services of the company. Copyright © 2023 AbbVie Inc. North Chicago, Illinois, U.S.A. Contact Us CLOSE You are about to leave the AbbVie website The product-specific site Internet site that you have requested is intended for the residents of a particular country or countries, as noted on that site. As a result, the site may contain information on pharmaceuticals that are not approved in other countries or region. If you are a resident of a country other than those to which the site is directed, please return to AbbVie.com or contact your local AbbVie affiliate to obtain the appropriate product information for your country of residence. The Internet site that you have requested may not be optimized to your screen size. Do you wish to continue to this product-specific site? No, I disagree Yes, I agree",3831,success
ABBV,AbbVie,Healthcare,2023,https://www.abbvie.com/who-we-are.html,20230718193918.0,http://web.archive.org/web/20230718193918/https://www.abbvie.com/who-we-are.html,20230701,found,,200.0,"Who We Are | AbbVie We Create Medicines and Solutions That Make a Real Difference But it’s more than what we discover—it’s how we get there. who we are Meeting the needs of our times AbbVie’s mission is to discover and deliver innovative medicines and solutions that address complex health issues and enhance people's lives. We are AbbVie Watch 1:36 We are AbbVie Powered by 50,000 employees across the globe, it is the responsibility and the privilege of everyone at AbbVie to support our communities, better our society and help the patients of today and tomorrow. Richard A. Gonzalez Chairman & CEO Every solution starts with the patient’s perspective, because transformative medicines only matter when they are safe, effective and accessible to everyone who needs them. Patients We are making significant advancements with a robust pipeline of potential new medicines as we look to find the treatments of tomorrow. Pipeline We are driven by our compassion for people, commitment to innovation and inclusion, service to the community and uncompromising integrity. Our principles our leaders Our mission to improve lives starts at the top Our leaders’ vision and expertise guide our teams, while their commitment to patients fuels our culture. Meet our leaders November 12, 2021 Sustainability What are science-based targets? It is the key for sustainable growth. Read Article 4 Minute Read April 18, 2022 EEDI Advancing our vision of equity and inclusion Our 2022 priorities Read Article 5 Minute Read October 07, 2021 Science The story behind our $50 billion R&D investment Discovering and developing new medicines is not easy. But it’s an aspiration that drives our science and is the foundation of this company. Read Article 6 Minute Read key facts Our impact by the numbers more key facts 60+ conditions treated 62MM+ people treated by AbbVie’s products every year 175+ countries where products help people and patients 50,000 employees working in 70+ countries Our history AbbVie was founded in 2013 when we became a separate company from Abbott. Our name represents a proud connection to that legacy. Since the beginning, our mission hasn't wavered. Our combination of focused innovation and commercial scale brings differentiated products to market that benefit patients, customers and health care providers. explore our history common stock ABBV Stock Symbol investor resources Get the latest information about AbbVie Events and presentations Stakeholders contacts Annual report Who We Are Science Patients Join Us Sustainability Popular pages Pipeline Products Partner with Us Patient Support External links News Center Investors Contract Manufacturing Medical Information Unless otherwise specified, all product names appearing in this internet site are trademarks owned by or licensed to AbbVie Inc., its subsidiaries or affiliates. No use of any AbbVie trademark, trade name, or trade dress in this site may be made without the prior written authorization of AbbVie Inc., except to identify the product or services of the company. Copyright © 2023 AbbVie Inc. North Chicago, Illinois, U.S.A. Contact Us Accessibility Statement Site Map Privacy Notice Cookie Settings Your Privacy Choices CLOSE You are about to leave the AbbVie website The product-specific site Internet site that you have requested is intended for the residents of a particular country or countries, as noted on that site. As a result, the site may contain information on pharmaceuticals that are not approved in other countries or region. If you are a resident of a country other than those to which the site is directed, please return to AbbVie.com or contact your local AbbVie affiliate to obtain the appropriate product information for your country of residence. The Internet site that you have requested may not be optimized to your screen size. Do you wish to continue to this product-specific site? No, I disagree Yes, I agree",3916,success
ABBV,AbbVie,Healthcare,2024,https://www.abbvie.com/who-we-are.html,20240620175013.0,http://web.archive.org/web/20240620175013/https://www.abbvie.com/who-we-are.html,20240701,found,,200.0,"Who We Are | AbbVie We Create Medicines and Solutions That Make a Real Difference But it’s more than what we discover—it’s how we get there. who we are Meeting the needs of our times AbbVie’s mission is to discover and deliver innovative medicines and solutions that address complex health issues and enhance people's lives. We are AbbVie Watch 1:36 We are AbbVie Powered by 50,000 employees across the globe, it is the responsibility and the privilege of everyone at AbbVie to support our communities, better our society and help the patients of today and tomorrow. Richard A. Gonzalez Chairman & CEO Every solution starts with the patient’s perspective, because transformative medicines only matter when they are safe, effective and accessible to everyone who needs them. Patients We are making significant advancements with a robust pipeline of potential new medicines as we look to find the treatments of tomorrow. Pipeline We are driven by our compassion for people, commitment to innovation and inclusion, service to the community and uncompromising integrity. Our principles our leaders Our mission to improve lives starts at the top Our leaders’ vision and expertise guide our teams, while their commitment to patients fuels our culture. Meet our leaders November 12, 2021 Sustainability What are science-based targets? It is the key for sustainable growth. Read Article 4 Minute Read April 18, 2022 EEDI Advancing our vision of equity and inclusion Our 2022 priorities Read Article 5 Minute Read October 07, 2021 Science The story behind our $50 billion R&D investment Discovering and developing new medicines is not easy. But it’s an aspiration that drives our science and is the foundation of this company. Read Article 6 Minute Read key facts Our impact by the numbers more key facts 75+ conditions treated ~50M people treated by AbbVie’s products every year 175+ countries where products help people and patients ~50K+ employees working in 70+ countries Our history AbbVie was founded in 2013 when we became a separate company from Abbott. Our name represents a proud connection to that legacy. Since the beginning, our mission hasn't wavered. Our combination of focused innovation and commercial scale brings differentiated products to market that benefit patients, customers and health care providers. explore our history ABBV Jun 20, 13:12 PM EDT $172 .21 +0.85 (0.5%) Source: NYSE investor resources Get the latest information about AbbVie Events and presentations Stakeholders contacts Annual report Who We Are Science Patients Join Us Sustainability Popular pages Pipeline Products Partner with Us Patient Support External links News Center Investors Contract Manufacturing Medical Information Unless otherwise specified, all product names appearing in this internet site are trademarks owned by or licensed to AbbVie Inc., its subsidiaries or affiliates. No use of any AbbVie trademark, trade name, or trade dress in this site may be made without the prior written authorization of AbbVie Inc., except to identify the product or services of the company. Copyright © 2024 AbbVie Inc. North Chicago, Illinois, U.S.A. Contact Us Accessibility Statement Site Map Privacy Notice Consumer Health Data Privacy Notice Cookie Settings Your Privacy Choices CLOSE You are about to leave the AbbVie website The product-specific site Internet site that you have requested is intended for the residents of a particular country or countries, as noted on that site. As a result, the site may contain information on pharmaceuticals that are not approved in other countries or region. If you are a resident of a country other than those to which the site is directed, please return to AbbVie.com or contact your local AbbVie affiliate to obtain the appropriate product information for your country of residence. The Internet site that you have requested may not be optimized to your screen size. Do you wish to continue to this product-specific site? No, I disagree Yes, I agree",3980,success
MRK,Merck,Healthcare,2016,https://www.merck.com/company-overview/culture-and-values/,20200813041738.0,http://web.archive.org/web/20200813041738/https://www.merck.com/company-overview/culture-and-values/,20160701,found,,200.0,"Culture & values - Merck.com Skip to content About us > Culture & values Our culture and values We share one vision and one mission: to save and improve lives. VIDEO COMING SOON It all comes back to inventing for life We are all inventors here, no matter the role or title. We rise to any challenge in pursuit of better health outcomes. Everything we do, in and out of the laboratory, is based on our deep appreciation for life. That's the reason we come together across the business with one goal - to invent for life. We walk the talk If you want to learn about our culture, start with our inventors. Nurse and volunteer Brenda Fisher lends medical expertise to Houston Food Bank during COVID-19 In response to the pandemic, Merck has changed its volunteer policy to support employees like Brenda with nursing and other medical backgrounds. Recognizing the need for additional health care professionals, including doctors, nurses and medical laboratory technicians, to assist in regions where COVID-19 is spreading, on March 21 the company deployed a new program to […] Read more Next: Nurse and volunteer Brenda Fisher lends medical expertise to Houston Food Bank during COVID-19 Meet Chifumi Umeda: a rock music enthusiast from Japan who helps others crank up their confidence, in good times and bad She’s a diehard fan of rock music, enjoys high-rope walking with her children and has trekked the snow-covered mountains of Japan – all while leading one of our company’s largest businesses. Read more Next: Meet Chifumi Umeda: a rock music enthusiast from Japan who helps others crank up their confidence, in good times and bad Battling COVID-19 as a volunteer EMT One of our colleagues finds a way to help directly combat the COVID-19 pandemic as a volunteer EMT. Read more Next: Battling COVID-19 as a volunteer EMT “Pride and honor”: Meet the Army microbiologist and Merck employee fighting COVID-19 Kurtis Oakley, associate director, regulatory affairs, was in the car with his wife when he got a call in March from the military asking if he wanted to take on “the opportunity of a lifetime”: joining the White House coronavirus task force. “I didn’t even ask how long it was or where it was,” he […] Read more Next: “Pride and honor”: Meet the Army microbiologist and Merck employee fighting COVID-19 Our values Our values represent the very core of our character. They guide every decision and action we take. Patients Patients We are all accountable for delivering high quality products and services. We aspire to improve the health and wellness of people and animals worldwide and to expand access to our medicines and vaccines. All of our actions must be measured against our responsibility to those who use or need our products. Respect for people Respect for people Our ability to excel depends on the integrity, knowledge, imagination, skill, diversity, safety and teamwork of our employees. To this end, we work to create an environment of mutual respect, inclusion and accountability. We reward commitment and performance and are responsive to the needs of our employees and their families. Ethics and integrity Ethics and integrity We are committed to the highest standards of ethics and integrity. We are responsible to our customers, to our competitors, to distributors and suppliers, to shareholders and to the communities we serve worldwide. In discharging our responsibilities, we do not take professional or ethical shortcuts. Our interactions with all segments of society must be transparent and reflect these high standards. Innovation and scientific excellence Innovation and scientific excellence We are dedicated to innovation and scientific excellence. Our research is guided by a commitment to improving health and the quality of life. We strive to identify the most critical needs of patients and customers, and through continuous innovation we challenge ourselves to meet those needs. https://www.merck.com/wp-content/uploads/sites/5/2020/07/Patients-People-Two-People-Hugging-GettyImages-1182734697_HI_102_high-2.jpg “In our quest to invent medicines and vaccines that save and improve lives, the core of who we are is embodied in our values and standards. They are fundamental to our success – now and into the future” Ken Frazier Chairman & CEO Meet Ken Frazier Code of conduct & compliance We represent many cultures but are united in our drive to deliver breakthrough medicines with honesty and integrity. Learn more Related links Responsibility Supporting society, people and communities around the world is fundamental to our long-term success Diversity & inclusion Our workforce represents the people we serve Careers Are you passionate about building a meaningful career? Come invent with us! Forward-looking statement of Merck & Co., Inc., Kenilworth, N.J., USA This news release of Merck & Co., Inc., Kenilworth, N.J., USA (the “company”) includes “forward-looking statements” within the meaning of the safe harbor provisions of the U.S. Private Securities Litigation Reform Act of 1995. These statements are based upon the current beliefs and expectations of the company’s management and are subject to significant risks and uncertainties. There can be no guarantees with respect to pipeline products that the products will receive the necessary regulatory approvals or that they will prove to be commercially successful. If underlying assumptions prove inaccurate or risks or uncertainties materialize, actual results may differ materially from those set forth in the forward-looking statements. Risks and uncertainties include but are not limited to, general industry conditions and competition; general economic factors, including interest rate and currency exchange rate fluctuations; the impact of the recent global outbreak of novel coronavirus disease (COVID-19); the impact of pharmaceutical industry regulation and health care legislation in the United States and internationally; global trends toward health care cost containment; technological advances, new products and patents attained by competitors; challenges inherent in new product development, including obtaining regulatory approval; the company’s ability to accurately predict future market conditions; manufacturing difficulties or delays; financial instability of international economies and sovereign risk; dependence on the effectiveness of the company’s patents and other protections for innovative products; and the exposure to litigation, including patent litigation, and/or regulatory actions. The company undertakes no obligation to publicly update any forward-looking statement, whether as a result of new information, future events or otherwise. Additional factors that could cause results to differ materially from those described in the forward-looking statements can be found in the company’s 2019 Annual Report on Form 10-K and the company’s other filings with the Securities and Exchange Commission (SEC) available at the SEC’s Internet site ( www.sec.gov ). No Duty to Update The information contained in this website was current as of the date presented. The company assumes no duty to update the information to reflect subsequent developments. Consequently, the company will not update the information contained in the website and investors should not rely upon the information as current or accurate after the presentation date. Decline Accept You are leaving Merck.com Cancel Continue Welcome to Merck.com By continuing, you will be directed to a site intended only for residents of the United States and Canada. We are called MSD everywhere, except in the United States and Canada where we are known as Merck & Co Inc, Kenilworth, NJ USA Continue",7685,success
MRK,Merck,Healthcare,2017,https://www.merck.com/company-overview/culture-and-values/,20200813041738.0,http://web.archive.org/web/20200813041738/https://www.merck.com/company-overview/culture-and-values/,20170701,found,,200.0,"Culture & values - Merck.com Skip to content About us > Culture & values Our culture and values We share one vision and one mission: to save and improve lives. VIDEO COMING SOON It all comes back to inventing for life We are all inventors here, no matter the role or title. We rise to any challenge in pursuit of better health outcomes. Everything we do, in and out of the laboratory, is based on our deep appreciation for life. That's the reason we come together across the business with one goal - to invent for life. We walk the talk If you want to learn about our culture, start with our inventors. Nurse and volunteer Brenda Fisher lends medical expertise to Houston Food Bank during COVID-19 In response to the pandemic, Merck has changed its volunteer policy to support employees like Brenda with nursing and other medical backgrounds. Recognizing the need for additional health care professionals, including doctors, nurses and medical laboratory technicians, to assist in regions where COVID-19 is spreading, on March 21 the company deployed a new program to […] Read more Next: Nurse and volunteer Brenda Fisher lends medical expertise to Houston Food Bank during COVID-19 Meet Chifumi Umeda: a rock music enthusiast from Japan who helps others crank up their confidence, in good times and bad She’s a diehard fan of rock music, enjoys high-rope walking with her children and has trekked the snow-covered mountains of Japan – all while leading one of our company’s largest businesses. Read more Next: Meet Chifumi Umeda: a rock music enthusiast from Japan who helps others crank up their confidence, in good times and bad Battling COVID-19 as a volunteer EMT One of our colleagues finds a way to help directly combat the COVID-19 pandemic as a volunteer EMT. Read more Next: Battling COVID-19 as a volunteer EMT “Pride and honor”: Meet the Army microbiologist and Merck employee fighting COVID-19 Kurtis Oakley, associate director, regulatory affairs, was in the car with his wife when he got a call in March from the military asking if he wanted to take on “the opportunity of a lifetime”: joining the White House coronavirus task force. “I didn’t even ask how long it was or where it was,” he […] Read more Next: “Pride and honor”: Meet the Army microbiologist and Merck employee fighting COVID-19 Our values Our values represent the very core of our character. They guide every decision and action we take. Patients Patients We are all accountable for delivering high quality products and services. We aspire to improve the health and wellness of people and animals worldwide and to expand access to our medicines and vaccines. All of our actions must be measured against our responsibility to those who use or need our products. Respect for people Respect for people Our ability to excel depends on the integrity, knowledge, imagination, skill, diversity, safety and teamwork of our employees. To this end, we work to create an environment of mutual respect, inclusion and accountability. We reward commitment and performance and are responsive to the needs of our employees and their families. Ethics and integrity Ethics and integrity We are committed to the highest standards of ethics and integrity. We are responsible to our customers, to our competitors, to distributors and suppliers, to shareholders and to the communities we serve worldwide. In discharging our responsibilities, we do not take professional or ethical shortcuts. Our interactions with all segments of society must be transparent and reflect these high standards. Innovation and scientific excellence Innovation and scientific excellence We are dedicated to innovation and scientific excellence. Our research is guided by a commitment to improving health and the quality of life. We strive to identify the most critical needs of patients and customers, and through continuous innovation we challenge ourselves to meet those needs. https://www.merck.com/wp-content/uploads/sites/5/2020/07/Patients-People-Two-People-Hugging-GettyImages-1182734697_HI_102_high-2.jpg “In our quest to invent medicines and vaccines that save and improve lives, the core of who we are is embodied in our values and standards. They are fundamental to our success – now and into the future” Ken Frazier Chairman & CEO Meet Ken Frazier Code of conduct & compliance We represent many cultures but are united in our drive to deliver breakthrough medicines with honesty and integrity. Learn more Related links Responsibility Supporting society, people and communities around the world is fundamental to our long-term success Diversity & inclusion Our workforce represents the people we serve Careers Are you passionate about building a meaningful career? Come invent with us! Forward-looking statement of Merck & Co., Inc., Kenilworth, N.J., USA This news release of Merck & Co., Inc., Kenilworth, N.J., USA (the “company”) includes “forward-looking statements” within the meaning of the safe harbor provisions of the U.S. Private Securities Litigation Reform Act of 1995. These statements are based upon the current beliefs and expectations of the company’s management and are subject to significant risks and uncertainties. There can be no guarantees with respect to pipeline products that the products will receive the necessary regulatory approvals or that they will prove to be commercially successful. If underlying assumptions prove inaccurate or risks or uncertainties materialize, actual results may differ materially from those set forth in the forward-looking statements. Risks and uncertainties include but are not limited to, general industry conditions and competition; general economic factors, including interest rate and currency exchange rate fluctuations; the impact of the recent global outbreak of novel coronavirus disease (COVID-19); the impact of pharmaceutical industry regulation and health care legislation in the United States and internationally; global trends toward health care cost containment; technological advances, new products and patents attained by competitors; challenges inherent in new product development, including obtaining regulatory approval; the company’s ability to accurately predict future market conditions; manufacturing difficulties or delays; financial instability of international economies and sovereign risk; dependence on the effectiveness of the company’s patents and other protections for innovative products; and the exposure to litigation, including patent litigation, and/or regulatory actions. The company undertakes no obligation to publicly update any forward-looking statement, whether as a result of new information, future events or otherwise. Additional factors that could cause results to differ materially from those described in the forward-looking statements can be found in the company’s 2019 Annual Report on Form 10-K and the company’s other filings with the Securities and Exchange Commission (SEC) available at the SEC’s Internet site ( www.sec.gov ). No Duty to Update The information contained in this website was current as of the date presented. The company assumes no duty to update the information to reflect subsequent developments. Consequently, the company will not update the information contained in the website and investors should not rely upon the information as current or accurate after the presentation date. Decline Accept You are leaving Merck.com Cancel Continue Welcome to Merck.com By continuing, you will be directed to a site intended only for residents of the United States and Canada. We are called MSD everywhere, except in the United States and Canada where we are known as Merck & Co Inc, Kenilworth, NJ USA Continue",7685,success
MRK,Merck,Healthcare,2018,https://www.merck.com/company-overview/culture-and-values/,20200813041738.0,http://web.archive.org/web/20200813041738/https://www.merck.com/company-overview/culture-and-values/,20180701,found,,200.0,"Culture & values - Merck.com Skip to content About us > Culture & values Our culture and values We share one vision and one mission: to save and improve lives. VIDEO COMING SOON It all comes back to inventing for life We are all inventors here, no matter the role or title. We rise to any challenge in pursuit of better health outcomes. Everything we do, in and out of the laboratory, is based on our deep appreciation for life. That's the reason we come together across the business with one goal - to invent for life. We walk the talk If you want to learn about our culture, start with our inventors. Nurse and volunteer Brenda Fisher lends medical expertise to Houston Food Bank during COVID-19 In response to the pandemic, Merck has changed its volunteer policy to support employees like Brenda with nursing and other medical backgrounds. Recognizing the need for additional health care professionals, including doctors, nurses and medical laboratory technicians, to assist in regions where COVID-19 is spreading, on March 21 the company deployed a new program to […] Read more Next: Nurse and volunteer Brenda Fisher lends medical expertise to Houston Food Bank during COVID-19 Meet Chifumi Umeda: a rock music enthusiast from Japan who helps others crank up their confidence, in good times and bad She’s a diehard fan of rock music, enjoys high-rope walking with her children and has trekked the snow-covered mountains of Japan – all while leading one of our company’s largest businesses. Read more Next: Meet Chifumi Umeda: a rock music enthusiast from Japan who helps others crank up their confidence, in good times and bad Battling COVID-19 as a volunteer EMT One of our colleagues finds a way to help directly combat the COVID-19 pandemic as a volunteer EMT. Read more Next: Battling COVID-19 as a volunteer EMT “Pride and honor”: Meet the Army microbiologist and Merck employee fighting COVID-19 Kurtis Oakley, associate director, regulatory affairs, was in the car with his wife when he got a call in March from the military asking if he wanted to take on “the opportunity of a lifetime”: joining the White House coronavirus task force. “I didn’t even ask how long it was or where it was,” he […] Read more Next: “Pride and honor”: Meet the Army microbiologist and Merck employee fighting COVID-19 Our values Our values represent the very core of our character. They guide every decision and action we take. Patients Patients We are all accountable for delivering high quality products and services. We aspire to improve the health and wellness of people and animals worldwide and to expand access to our medicines and vaccines. All of our actions must be measured against our responsibility to those who use or need our products. Respect for people Respect for people Our ability to excel depends on the integrity, knowledge, imagination, skill, diversity, safety and teamwork of our employees. To this end, we work to create an environment of mutual respect, inclusion and accountability. We reward commitment and performance and are responsive to the needs of our employees and their families. Ethics and integrity Ethics and integrity We are committed to the highest standards of ethics and integrity. We are responsible to our customers, to our competitors, to distributors and suppliers, to shareholders and to the communities we serve worldwide. In discharging our responsibilities, we do not take professional or ethical shortcuts. Our interactions with all segments of society must be transparent and reflect these high standards. Innovation and scientific excellence Innovation and scientific excellence We are dedicated to innovation and scientific excellence. Our research is guided by a commitment to improving health and the quality of life. We strive to identify the most critical needs of patients and customers, and through continuous innovation we challenge ourselves to meet those needs. https://www.merck.com/wp-content/uploads/sites/5/2020/07/Patients-People-Two-People-Hugging-GettyImages-1182734697_HI_102_high-2.jpg “In our quest to invent medicines and vaccines that save and improve lives, the core of who we are is embodied in our values and standards. They are fundamental to our success – now and into the future” Ken Frazier Chairman & CEO Meet Ken Frazier Code of conduct & compliance We represent many cultures but are united in our drive to deliver breakthrough medicines with honesty and integrity. Learn more Related links Responsibility Supporting society, people and communities around the world is fundamental to our long-term success Diversity & inclusion Our workforce represents the people we serve Careers Are you passionate about building a meaningful career? Come invent with us! Forward-looking statement of Merck & Co., Inc., Kenilworth, N.J., USA This news release of Merck & Co., Inc., Kenilworth, N.J., USA (the “company”) includes “forward-looking statements” within the meaning of the safe harbor provisions of the U.S. Private Securities Litigation Reform Act of 1995. These statements are based upon the current beliefs and expectations of the company’s management and are subject to significant risks and uncertainties. There can be no guarantees with respect to pipeline products that the products will receive the necessary regulatory approvals or that they will prove to be commercially successful. If underlying assumptions prove inaccurate or risks or uncertainties materialize, actual results may differ materially from those set forth in the forward-looking statements. Risks and uncertainties include but are not limited to, general industry conditions and competition; general economic factors, including interest rate and currency exchange rate fluctuations; the impact of the recent global outbreak of novel coronavirus disease (COVID-19); the impact of pharmaceutical industry regulation and health care legislation in the United States and internationally; global trends toward health care cost containment; technological advances, new products and patents attained by competitors; challenges inherent in new product development, including obtaining regulatory approval; the company’s ability to accurately predict future market conditions; manufacturing difficulties or delays; financial instability of international economies and sovereign risk; dependence on the effectiveness of the company’s patents and other protections for innovative products; and the exposure to litigation, including patent litigation, and/or regulatory actions. The company undertakes no obligation to publicly update any forward-looking statement, whether as a result of new information, future events or otherwise. Additional factors that could cause results to differ materially from those described in the forward-looking statements can be found in the company’s 2019 Annual Report on Form 10-K and the company’s other filings with the Securities and Exchange Commission (SEC) available at the SEC’s Internet site ( www.sec.gov ). No Duty to Update The information contained in this website was current as of the date presented. The company assumes no duty to update the information to reflect subsequent developments. Consequently, the company will not update the information contained in the website and investors should not rely upon the information as current or accurate after the presentation date. Decline Accept You are leaving Merck.com Cancel Continue Welcome to Merck.com By continuing, you will be directed to a site intended only for residents of the United States and Canada. We are called MSD everywhere, except in the United States and Canada where we are known as Merck & Co Inc, Kenilworth, NJ USA Continue",7685,success
MRK,Merck,Healthcare,2019,https://www.merck.com/company-overview/culture-and-values/,20200813041738.0,http://web.archive.org/web/20200813041738/https://www.merck.com/company-overview/culture-and-values/,20190701,found,,200.0,"Culture & values - Merck.com Skip to content About us > Culture & values Our culture and values We share one vision and one mission: to save and improve lives. VIDEO COMING SOON It all comes back to inventing for life We are all inventors here, no matter the role or title. We rise to any challenge in pursuit of better health outcomes. Everything we do, in and out of the laboratory, is based on our deep appreciation for life. That's the reason we come together across the business with one goal - to invent for life. We walk the talk If you want to learn about our culture, start with our inventors. Nurse and volunteer Brenda Fisher lends medical expertise to Houston Food Bank during COVID-19 In response to the pandemic, Merck has changed its volunteer policy to support employees like Brenda with nursing and other medical backgrounds. Recognizing the need for additional health care professionals, including doctors, nurses and medical laboratory technicians, to assist in regions where COVID-19 is spreading, on March 21 the company deployed a new program to […] Read more Next: Nurse and volunteer Brenda Fisher lends medical expertise to Houston Food Bank during COVID-19 Meet Chifumi Umeda: a rock music enthusiast from Japan who helps others crank up their confidence, in good times and bad She’s a diehard fan of rock music, enjoys high-rope walking with her children and has trekked the snow-covered mountains of Japan – all while leading one of our company’s largest businesses. Read more Next: Meet Chifumi Umeda: a rock music enthusiast from Japan who helps others crank up their confidence, in good times and bad Battling COVID-19 as a volunteer EMT One of our colleagues finds a way to help directly combat the COVID-19 pandemic as a volunteer EMT. Read more Next: Battling COVID-19 as a volunteer EMT “Pride and honor”: Meet the Army microbiologist and Merck employee fighting COVID-19 Kurtis Oakley, associate director, regulatory affairs, was in the car with his wife when he got a call in March from the military asking if he wanted to take on “the opportunity of a lifetime”: joining the White House coronavirus task force. “I didn’t even ask how long it was or where it was,” he […] Read more Next: “Pride and honor”: Meet the Army microbiologist and Merck employee fighting COVID-19 Our values Our values represent the very core of our character. They guide every decision and action we take. Patients Patients We are all accountable for delivering high quality products and services. We aspire to improve the health and wellness of people and animals worldwide and to expand access to our medicines and vaccines. All of our actions must be measured against our responsibility to those who use or need our products. Respect for people Respect for people Our ability to excel depends on the integrity, knowledge, imagination, skill, diversity, safety and teamwork of our employees. To this end, we work to create an environment of mutual respect, inclusion and accountability. We reward commitment and performance and are responsive to the needs of our employees and their families. Ethics and integrity Ethics and integrity We are committed to the highest standards of ethics and integrity. We are responsible to our customers, to our competitors, to distributors and suppliers, to shareholders and to the communities we serve worldwide. In discharging our responsibilities, we do not take professional or ethical shortcuts. Our interactions with all segments of society must be transparent and reflect these high standards. Innovation and scientific excellence Innovation and scientific excellence We are dedicated to innovation and scientific excellence. Our research is guided by a commitment to improving health and the quality of life. We strive to identify the most critical needs of patients and customers, and through continuous innovation we challenge ourselves to meet those needs. https://www.merck.com/wp-content/uploads/sites/5/2020/07/Patients-People-Two-People-Hugging-GettyImages-1182734697_HI_102_high-2.jpg “In our quest to invent medicines and vaccines that save and improve lives, the core of who we are is embodied in our values and standards. They are fundamental to our success – now and into the future” Ken Frazier Chairman & CEO Meet Ken Frazier Code of conduct & compliance We represent many cultures but are united in our drive to deliver breakthrough medicines with honesty and integrity. Learn more Related links Responsibility Supporting society, people and communities around the world is fundamental to our long-term success Diversity & inclusion Our workforce represents the people we serve Careers Are you passionate about building a meaningful career? Come invent with us! Forward-looking statement of Merck & Co., Inc., Kenilworth, N.J., USA This news release of Merck & Co., Inc., Kenilworth, N.J., USA (the “company”) includes “forward-looking statements” within the meaning of the safe harbor provisions of the U.S. Private Securities Litigation Reform Act of 1995. These statements are based upon the current beliefs and expectations of the company’s management and are subject to significant risks and uncertainties. There can be no guarantees with respect to pipeline products that the products will receive the necessary regulatory approvals or that they will prove to be commercially successful. If underlying assumptions prove inaccurate or risks or uncertainties materialize, actual results may differ materially from those set forth in the forward-looking statements. Risks and uncertainties include but are not limited to, general industry conditions and competition; general economic factors, including interest rate and currency exchange rate fluctuations; the impact of the recent global outbreak of novel coronavirus disease (COVID-19); the impact of pharmaceutical industry regulation and health care legislation in the United States and internationally; global trends toward health care cost containment; technological advances, new products and patents attained by competitors; challenges inherent in new product development, including obtaining regulatory approval; the company’s ability to accurately predict future market conditions; manufacturing difficulties or delays; financial instability of international economies and sovereign risk; dependence on the effectiveness of the company’s patents and other protections for innovative products; and the exposure to litigation, including patent litigation, and/or regulatory actions. The company undertakes no obligation to publicly update any forward-looking statement, whether as a result of new information, future events or otherwise. Additional factors that could cause results to differ materially from those described in the forward-looking statements can be found in the company’s 2019 Annual Report on Form 10-K and the company’s other filings with the Securities and Exchange Commission (SEC) available at the SEC’s Internet site ( www.sec.gov ). No Duty to Update The information contained in this website was current as of the date presented. The company assumes no duty to update the information to reflect subsequent developments. Consequently, the company will not update the information contained in the website and investors should not rely upon the information as current or accurate after the presentation date. Decline Accept You are leaving Merck.com Cancel Continue Welcome to Merck.com By continuing, you will be directed to a site intended only for residents of the United States and Canada. We are called MSD everywhere, except in the United States and Canada where we are known as Merck & Co Inc, Kenilworth, NJ USA Continue",7685,success
MRK,Merck,Healthcare,2020,https://www.merck.com/company-overview/culture-and-values/,,,20200701,missing,No closest snapshot found from Wayback Availability API,,,0,missing_snapshot
MRK,Merck,Healthcare,2021,https://www.merck.com/company-overview/culture-and-values/,20210630082024.0,http://web.archive.org/web/20210630082024/https://www.merck.com/company-overview/culture-and-values/,20210701,found,,200.0,"Culture & values - Merck.com Skip to content About us > Culture & values Our culture and values We share one vision and one mission: to save and improve lives. VIDEO COMING SOON It all comes back to inventing for life We are all inventors here, no matter the role or title. We rise to any challenge in pursuit of better health outcomes. Everything we do, in and out of the laboratory, is based on our deep appreciation for life. That’s the reason we come together across the business with one goal – to invent for life. We walk the talk If you want to learn about our culture, start with our inventors. Nurse and volunteer Brenda lends medical expertise to Houston Food Bank during COVID-19 In response to the pandemic, Merck has changed its volunteer policy to support employees like Brenda with nursing and other medical backgrounds. Recognizing the need for additional health care professionals, including doctors, nurses and medical laboratory technicians, to assist in regions where COVID-19 is spreading, on March 21 the company deployed a new program to […] Read more Next: Nurse and volunteer Brenda lends medical expertise to Houston Food Bank during COVID-19 Meet Chifumi Umeda: a rock music enthusiast from Japan who helps others crank up their confidence, in good times and bad She’s a diehard fan of rock music, enjoys high-rope walking with her kids and has trekked the snow-covered mountains – all while leading one of our company’s largest businesses. Read more Next: Meet Chifumi Umeda: a rock music enthusiast from Japan who helps others crank up their confidence, in good times and bad Battling COVID-19 as a volunteer EMT One of our colleagues finds a way to help directly combat the COVID-19 pandemic as a volunteer EMT. Read more Next: Battling COVID-19 as a volunteer EMT “Pride and honor”: Meet the Army microbiologist and Merck employee fighting COVID-19 Kurtis Oakley, associate director, regulatory affairs, was in the car with his wife when he got a call in March from the military asking if he wanted to take on “the opportunity of a lifetime”: joining the White House coronavirus task force. “I didn’t even ask how long it was or where it was,” he […] Read more Next: “Pride and honor”: Meet the Army microbiologist and Merck employee fighting COVID-19 Our values Our values represent the very core of our character. They guide every decision and action we take. Patients Patients We are all accountable for delivering high quality products and services. We aspire to improve the health and wellness of people and animals worldwide and to expand access to our medicines and vaccines. All of our actions must be measured against our responsibility to those who use or need our products. Respect for people Respect for people Our ability to excel depends on the integrity, knowledge, imagination, skill, diversity, safety and teamwork of our employees. To this end, we work to create an environment of mutual respect, inclusion and accountability. We reward commitment and performance and are responsive to the needs of our employees and their families. Ethics and integrity Ethics and integrity We are committed to the highest standards of ethics and integrity. We are responsible to our customers, to our competitors, to distributors and suppliers, to shareholders and to the communities we serve worldwide. In discharging our responsibilities, we do not take professional or ethical shortcuts. Our interactions with all segments of society must be transparent and reflect these high standards. Innovation and scientific excellence Innovation and scientific excellence We are dedicated to innovation and scientific excellence. Our research is guided by a commitment to improving health and the quality of life. We strive to identify the most critical needs of patients and customers, and through continuous innovation we challenge ourselves to meet those needs. https://www.merck.com/wp-content/uploads/sites/5/2020/07/Patients-People-Two-People-Hugging-GettyImages-1182734697_HI_102_high-2.jpg https://www.merck.com/wp-content/uploads/sites/5/2020/07/Patients-People-Two-People-Hugging-GettyImages-1182734697_HI_102_high-2.jpg “In our quest to invent medicines and vaccines that save and improve lives, the core of who we are is embodied in our values and standards. They are fundamental to our success – now and into the future” Ken Frazier Chairman & CEO Meet Ken Frazier Code of conduct & compliance We represent many cultures but are united in our drive to deliver breakthrough medicines with honesty and integrity. Learn more Related links Responsibility Supporting society, people and communities around the world is fundamental to our long-term success Diversity & inclusion Our workforce represents the people we serve Careers Are you passionate about building a meaningful career? Come invent with us! Forward-looking statement of Merck & Co., Inc., Kenilworth, N.J., USA This news release of Merck & Co., Inc., Kenilworth, N.J., USA (the “company”) includes “forward-looking statements” within the meaning of the safe harbor provisions of the U.S. Private Securities Litigation Reform Act of 1995. These statements are based upon the current beliefs and expectations of the company’s management and are subject to significant risks and uncertainties. There can be no guarantees with respect to pipeline products that the products will receive the necessary regulatory approvals or that they will prove to be commercially successful. If underlying assumptions prove inaccurate or risks or uncertainties materialize, actual results may differ materially from those set forth in the forward-looking statements. Risks and uncertainties include but are not limited to, general industry conditions and competition; general economic factors, including interest rate and currency exchange rate fluctuations; the impact of the recent global outbreak of novel coronavirus disease (COVID-19); the impact of pharmaceutical industry regulation and health care legislation in the United States and internationally; global trends toward health care cost containment; technological advances, new products and patents attained by competitors; challenges inherent in new product development, including obtaining regulatory approval; the company’s ability to accurately predict future market conditions; manufacturing difficulties or delays; financial instability of international economies and sovereign risk; dependence on the effectiveness of the company’s patents and other protections for innovative products; and the exposure to litigation, including patent litigation, and/or regulatory actions. The company undertakes no obligation to publicly update any forward-looking statement, whether as a result of new information, future events or otherwise. Additional factors that could cause results to differ materially from those described in the forward-looking statements can be found in the company’s 2020 Annual Report on Form 10-K and the company’s other filings with the Securities and Exchange Commission (SEC) available at the SEC’s Internet site ( www.sec.gov ). No Duty to Update The information contained in this website was current as of the date presented. The company assumes no duty to update the information to reflect subsequent developments. Consequently, the company will not update the information contained in the website and investors should not rely upon the information as current or accurate after the presentation date. Decline Accept You are leaving Merck.com Cancel Continue Welcome to Merck.com By continuing, you will be directed to a site intended only for residents of the United States and Canada. We are called MSD everywhere, except in the United States and Canada where we are known as Merck & Co Inc, Kenilworth, NJ USA Continue",7791,success
MRK,Merck,Healthcare,2022,https://www.merck.com/company-overview/culture-and-values/,20220706214613.0,http://web.archive.org/web/20220706214613/https://www.merck.com/company-overview/culture-and-values/,20220701,found,,200.0,"Culture & values - Merck.com Skip to content About us > Culture & values Our culture and values We operate responsibly every day to enable a safe, sustainable and healthy future for people and communities everywhere. It all comes back to saving and improving lives No matter our role or title, we all rise to the challenge in pursuit of better health outcomes. Everything we do, in and out of the laboratory, is based on our deep appreciation for life. That’s the reason we come together across the business with one purpose – to use the power of leading-edge science to save and improve lives around the world. We walk the talk If you want to learn about our culture, start with our people. ‘I can tell my kids: You did something special’ Merck scientist Angela Jablonski explains why she enrolled her children in a pediatric COVID-19 vaccine trial Read more Next: ‘I can tell my kids: You did something special’ Dean Li: Agility is ‘about letting the data guide you’ The president of Merck Research Laboratories discusses how managing priorities is a key to scientific success Read more Next: Dean Li: Agility is ‘about letting the data guide you’ Childhood cancer patient dedicates his life to clinical trial research After participating in a pediatric leukemia study, Arjan Ooms’ life has come full circle as our director of clinical research in the Netherlands Read more Next: Childhood cancer patient dedicates his life to clinical trial research Here for Good: The human element inspiring our cancer research Learn how one doctor turned his family connection to cancer into a career driven by scientific innovation Read more Next: Here for Good: The human element inspiring our cancer research ‘I can tell my kids: You did something special’ Merck scientist Angela Jablonski explains why she enrolled her children in a pediatric COVID-19 vaccine trial Read more Next: ‘I can tell my kids: You did something special’ Dean Li: Agility is ‘about letting the data guide you’ The president of Merck Research Laboratories discusses how managing priorities is a key to scientific success Read more Next: Dean Li: Agility is ‘about letting the data guide you’ Childhood cancer patient dedicates his life to clinical trial research After participating in a pediatric leukemia study, Arjan Ooms’ life has come full circle as our director of clinical research in the Netherlands Read more Next: Childhood cancer patient dedicates his life to clinical trial research Here for Good: The human element inspiring our cancer research Learn how one doctor turned his family connection to cancer into a career driven by scientific innovation Read more Next: Here for Good: The human element inspiring our cancer research Our values Our values represent the very core of our character. They guide every decision and action we take. Patients first Patients first We are all accountable for delivering high quality products and services. We aspire to improve the health and wellness of people and animals worldwide and to expand access to our medicines and vaccines. All of our actions must be measured against our responsibility to those who use or need our products. Respect for people Respect for people Our ability to excel depends on the integrity, knowledge, imagination, skill, diversity, safety and teamwork of our employees. We work to create an environment of mutual respect, inclusion and accountability. We reward commitment and performance and are responsive to the needs of our employees and their families. Ethics and integrity Ethics and integrity We are committed to the highest standards of ethics and integrity. We are responsible to all of our stakeholders: employees, patients, customers, distributors and suppliers, shareholders, and the communities we serve worldwide. We do not take professional or ethical shortcuts. Innovation and scientific excellence Innovation and scientific excellence We are dedicated to the highest standard of innovation and scientific excellence. Our research is guided by a commitment to improving health and quality of life. We strive to identify and meet the most critical needs of patients and customers through continuous innovation across all areas of our business. https://www.merck.com/wp-content/uploads/sites/5/2020/07/Patients-People-Two-People-Hugging-GettyImages-1182734697_HI_102_high-2.jpg https://www.merck.com/wp-content/uploads/sites/5/2020/07/Patients-People-Two-People-Hugging-GettyImages-1182734697_HI_102_high-2.jpg Code of conduct & compliance We represent many cultures but are united in our drive to deliver breakthrough medicines with honesty and integrity. Learn more Related links Responsibility Supporting society, people and communities around the world is fundamental to our long-term success Diversity & inclusion Our workforce represents the people we serve Careers Are you passionate about building a meaningful career? Come work with us! Forward-looking statement of Merck & Co., Inc., Rahway, N.J., USA This news release of Merck & Co., Inc., Rahway, N.J., USA (the “company”) includes “forward-looking statements” within the meaning of the safe harbor provisions of the U.S. Private Securities Litigation Reform Act of 1995. These statements are based upon the current beliefs and expectations of the company’s management and are subject to significant risks and uncertainties. There can be no guarantees with respect to pipeline candidates that the candidates will receive the necessary regulatory approvals or that they will prove to be commercially successful. If underlying assumptions prove inaccurate or risks or uncertainties materialize, actual results may differ materially from those set forth in the forward-looking statements. Risks and uncertainties include but are not limited to, general industry conditions and competition; general economic factors, including interest rate and currency exchange rate fluctuations; the impact of the recent global outbreak of novel coronavirus disease (COVID-19); the impact of pharmaceutical industry regulation and health care legislation in the United States and internationally; global trends toward health care cost containment; technological advances, new products and patents attained by competitors; challenges inherent in new product development, including obtaining regulatory approval; the company’s ability to accurately predict future market conditions; manufacturing difficulties or delays; financial instability of international economies and sovereign risk; dependence on the effectiveness of the company’s patents and other protections for innovative products; and the exposure to litigation, including patent litigation, and/or regulatory actions. The company undertakes no obligation to publicly update any forward-looking statement, whether as a result of new information, future events or otherwise. Additional factors that could cause results to differ materially from those described in the forward-looking statements can be found in the company’s 2021 Annual Report on Form 10-K and the company’s other filings with the Securities and Exchange Commission (SEC) available at the SEC’s Internet site (www.sec.gov). No Duty to Update The information contained in this website was current as of the date presented. The company assumes no duty to update the information to reflect subsequent developments. Consequently, the company will not update the information contained in the website and investors should not rely upon the information as current or accurate after the presentation date. Decline Accept You are leaving Merck.com Cancel Continue Welcome to Merck.com By continuing, you will be directed to a site intended only for residents of the United States and Canada. We are called MSD everywhere, except in the United States and Canada where we are known as Merck & Co Inc, Rahway, NJ USA. Continue",7850,success
MRK,Merck,Healthcare,2023,https://www.merck.com/company-overview/culture-and-values/,20230607200338.0,http://web.archive.org/web/20230607200338/https://www.merck.com/company-overview/culture-and-values/,20230701,found,,200.0,"Culture & values - Merck.com Skip to content About us > Culture & values Our culture and values We operate responsibly every day to enable a safe, sustainable and healthy future for people and communities everywhere. It all comes back to saving and improving lives No matter our role or title, we all rise to the challenge in pursuit of better health outcomes. Everything we do, in and out of the laboratory, is based on our deep appreciation for life. That’s the reason we come together across the business with one purpose — to use the power of leading-edge science to save and improve lives around the world. We walk the talk If you want to learn about our culture, start with our people. ‘I can tell my kids: You did something special’ Merck scientist Angela Jablonski explains why she enrolled her children in a pediatric COVID-19 vaccine trial Read more Next: ‘I can tell my kids: You did something special’ Dean Li: Agility is ‘about letting the data guide you’ The president of Merck Research Laboratories discusses how managing priorities is a key to scientific success Read more Next: Dean Li: Agility is ‘about letting the data guide you’ Childhood cancer patient dedicates his life to clinical trial research After participating in a pediatric leukemia study, Arjan Ooms’ life has come full circle as our director of clinical research in the Netherlands Read more Next: Childhood cancer patient dedicates his life to clinical trial research Here for Good: The human element inspiring our cancer research Learn how one doctor turned his family connection to cancer into a career driven by scientific innovation Read more Next: Here for Good: The human element inspiring our cancer research ‘I can tell my kids: You did something special’ Merck scientist Angela Jablonski explains why she enrolled her children in a pediatric COVID-19 vaccine trial Read more Next: ‘I can tell my kids: You did something special’ Dean Li: Agility is ‘about letting the data guide you’ The president of Merck Research Laboratories discusses how managing priorities is a key to scientific success Read more Next: Dean Li: Agility is ‘about letting the data guide you’ Childhood cancer patient dedicates his life to clinical trial research After participating in a pediatric leukemia study, Arjan Ooms’ life has come full circle as our director of clinical research in the Netherlands Read more Next: Childhood cancer patient dedicates his life to clinical trial research Here for Good: The human element inspiring our cancer research Learn how one doctor turned his family connection to cancer into a career driven by scientific innovation Read more Next: Here for Good: The human element inspiring our cancer research Our values Our values represent the very core of our character. They guide every decision and action we take. Patients first Patients first We are all accountable for delivering high quality products and services. We aspire to improve the health and wellness of people and animals worldwide and to expand access to our medicines and vaccines. All of our actions must be measured against our responsibility to those who use or need our products. Respect for people Respect for people Our ability to excel depends on the integrity, knowledge, imagination, skill, diversity, safety and teamwork of our employees. We work to create an environment of mutual respect, inclusion and accountability. We reward commitment and performance and are responsive to the needs of our employees and their families. Ethics and integrity Ethics and integrity We are committed to the highest standards of ethics and integrity. We are responsible to all of our stakeholders: employees, patients, customers, distributors and suppliers, shareholders, and the communities we serve worldwide. We do not take professional or ethical shortcuts. Innovation and scientific excellence Innovation and scientific excellence We are dedicated to the highest standard of innovation and scientific excellence. Our research is guided by a commitment to improving health and quality of life. We strive to identify and meet the most critical needs of patients and customers through continuous innovation across all areas of our business. https://www.merck.com/wp-content/uploads/sites/5/2020/07/Patients-People-Two-People-Hugging-GettyImages-1182734697_HI_102_high-2.jpg https://www.merck.com/wp-content/uploads/sites/5/2020/07/Patients-People-Two-People-Hugging-GettyImages-1182734697_HI_102_high-2.jpg Code of conduct & compliance We represent many cultures but are united in our drive to deliver breakthrough medicines with honesty and integrity. Learn more Related links Environmental, Social & Governance (ESG) Supporting society, people and communities around the world is fundamental to our long-term success Diversity & inclusion Our workforce represents the people we serve Careers Are you passionate about building a meaningful career? Come work with us! Forward-looking statement of Merck & Co., Inc., Rahway, N.J., USA This website of Merck & Co., Inc., Rahway, N.J., USA (the “company”) includes “forward-looking statements” within the meaning of the safe harbor provisions of the U.S. Private Securities Litigation Reform Act of 1995. These statements are based upon the current beliefs and expectations of the company’s management and are subject to significant risks and uncertainties. There can be no guarantees with respect to pipeline candidates that the candidates will receive the necessary regulatory approvals or that they will prove to be commercially successful. If underlying assumptions prove inaccurate or risks or uncertainties materialize, actual results may differ materially from those set forth in the forward-looking statements. Risks and uncertainties include but are not limited to, general industry conditions and competition; general economic factors, including interest rate and currency exchange rate fluctuations; the impact of the global outbreak of novel coronavirus disease (COVID-19); the impact of pharmaceutical industry regulation and health care legislation in the United States and internationally; global trends toward health care cost containment; technological advances, new products and patents attained by competitors; challenges inherent in new product development, including obtaining regulatory approval; the company’s ability to accurately predict future market conditions; manufacturing difficulties or delays; financial instability of international economies and sovereign risk; dependence on the effectiveness of the company’s patents and other protections for innovative products; and the exposure to litigation, including patent litigation, and/or regulatory actions. The company undertakes no obligation to publicly update any forward-looking statement, whether as a result of new information, future events or otherwise. Additional factors that could cause results to differ materially from those described in the forward-looking statements can be found in the company’s Annual Report on Form 10-K for the year ended December 31, 2022 and the company’s other filings with the Securities and Exchange Commission (SEC) available at the SEC’s Internet site (www.sec.gov). No Duty to Update The information contained in this website was current as of the date presented. The company assumes no duty to update the information to reflect subsequent developments. Consequently, the company will not update the information contained in the website and investors should not rely upon the information as current or accurate after the presentation date. Decline Accept You are leaving Merck.com Cancel Continue Welcome to Merck.com By continuing, you will be directed to a site intended only for residents of the United States and Canada. We are called MSD everywhere, except in the United States and Canada where we are known as Merck & Co Inc, Rahway, NJ USA. Continue",7896,success
MRK,Merck,Healthcare,2024,https://www.merck.com/company-overview/culture-and-values/,,,20240701,missing,No closest snapshot found from Wayback Availability API,,,0,missing_snapshot
TMO,Thermo Fisher Scientific,Healthcare,2016,https://corporate.thermofisher.com/us/en/index/about.html,,,20160701,missing,No closest snapshot found from Wayback Availability API,,,0,missing_snapshot
TMO,Thermo Fisher Scientific,Healthcare,2017,https://corporate.thermofisher.com/us/en/index/about.html,20210410192921.0,http://web.archive.org/web/20210410192921/https://corporate.thermofisher.com/us/en/index/about.html,20170701,found,,200.0,"About burger Careers Thermo Fisher Scientific is actively responding to the current coronavirus SARS-CoV-2 outbreak.Â Learn more About Step ahead. Step beyond. Â ""We champion science because we're scientists too.""Â Whether they are improving life for patients, protecting our global climate or keeping people safe, our customers look to Thermo Fisher Scientific for innovative solutions. Products and services sold under the following Thermo Fisher brands enable customers to push science and technology a step beyond. Our supporting brands A commitment to analytical precision Thermo Scientific instruments, equipment, software, services and consumables address a range of needs from sample, material characterization and chemical analysis to clinical diagnoses and biological-based therapeutics manufacturing. Learn more The path to genomic discoveries Our genomic solutions are trusted to address a variety of basic, commercial and clinical research applications in fields such as cancer diagnostics, human identification testing and animal health, as well as inherited and infectious disease. Learn more Accelerating discovery research From antibodies and protein purification to gene editing and cell analysis, Invitrogenâ¢ protein biology, molecular biology and cell imaging and analysis products help scientists conduct biological and bio-medical research and discover new drugs. Learn more The scientific marketplace for choice and convenience The Fisher Scientific channel oers customers convenient access to a complete portfolio of laboratory equipment, chemicals, supplies and services used in scientific research, healthcare, safety, and education markets. A global network of direct sales professionals, industry-specific catalogs, e-commerce capabilities and supply-chain management services enables the Fisher Scientific channel to oer a broad mix of products manufactured by Thermo Fisher Scientific and third parties. Learn more The path to genomic discoveries As lab service and support experts and partners, the Unity Lab Services team provides training, equipment servicing and asset management, as well as dedicated supply management to maximize operational productivity. Learn more Accelerating discovery research Our pharmaceutical services provide industry leading CDMO and clinical trial solutions. With more than 55 locations around the world, we provide an end-to-end drug development o?ering to companies of all sizes that includes API, biologics, viral vector services, early and late phase development, Fisher clinical ServicesSM Clinical Trial Solutions, logistics services, and commercial manufacturing. Learn more COVID 19 Biotech Keep seeking Back to top Go Up About Thermo Fisher Scientific Thermo Fisher Scientific Inc. (NYSE: TMO) is the world leader in serving science, with annual revenue exceeding $30 billion. Our Mission is to enable our customers to make the world healthier, cleaner and safer. Whether our customers are accelerating life sciences research, solving complex analytical challenges, improving patient diagnostics and therapies or increasing productivity in their laboratories, we are here to support them. Our global team of more than 80,000 colleagues delivers an unrivaled combination of innovative technologies, purchasing convenience and pharmaceutical services through our industry-leading brands, including Thermo Scientific, Applied Biosystems, Invitrogen, Fisher Scientific, Unity Lab Services and Patheon. Â For more information, please visit www.thermofisher.com Company About Suppliers Social Responsibility Information Security Investors Newsroom Careers Brands Thermo Scientific Applied Biosystems Invitrogen Fisher Scientific Unity Labs Services Patheon Connect Contact Us Company Brands Contact About Thermo Fisher Scientific Thermo Fisher Scientific Inc. is the world leader in serving science, with annual revenue exceeding $30 billion. Our Mission is to enable our customers to make the world healthier, cleaner and safer. Whether our customers are accelerating life sciences research, solving complex analytical challenges, improving patient diagnostics and therapies or increasing productivity in their laboratories, we are here to support them. Our global team of more than 80,000 colleagues delivers an unrivaled combination of innovative technologies, purchasing convenience and pharmaceutical services through our industry-leading brands, including Thermo Scientific, Applied Biosystems, Invitrogen, Fisher Scientific, Unity Lab Services and Patheon. Â For more information, please visit www.thermofisher.com Â© Copyright 2021 Thermo Fisher Scientific Inc. All rights reserved. Terms & Conditions | Company Privacy Statement Â© Copyright 2021 Thermo Fisher Scientific Inc. All rights reserved. Terms & Conditions Company Privacy Statement",4820,success
TMO,Thermo Fisher Scientific,Healthcare,2018,https://corporate.thermofisher.com/us/en/index/about.html,20210410192921.0,http://web.archive.org/web/20210410192921/https://corporate.thermofisher.com/us/en/index/about.html,20180701,found,,200.0,"About burger Careers Thermo Fisher Scientific is actively responding to the current coronavirus SARS-CoV-2 outbreak.Â Learn more About Step ahead. Step beyond. Â ""We champion science because we're scientists too.""Â Whether they are improving life for patients, protecting our global climate or keeping people safe, our customers look to Thermo Fisher Scientific for innovative solutions. Products and services sold under the following Thermo Fisher brands enable customers to push science and technology a step beyond. Our supporting brands A commitment to analytical precision Thermo Scientific instruments, equipment, software, services and consumables address a range of needs from sample, material characterization and chemical analysis to clinical diagnoses and biological-based therapeutics manufacturing. Learn more The path to genomic discoveries Our genomic solutions are trusted to address a variety of basic, commercial and clinical research applications in fields such as cancer diagnostics, human identification testing and animal health, as well as inherited and infectious disease. Learn more Accelerating discovery research From antibodies and protein purification to gene editing and cell analysis, Invitrogenâ¢ protein biology, molecular biology and cell imaging and analysis products help scientists conduct biological and bio-medical research and discover new drugs. Learn more The scientific marketplace for choice and convenience The Fisher Scientific channel oers customers convenient access to a complete portfolio of laboratory equipment, chemicals, supplies and services used in scientific research, healthcare, safety, and education markets. A global network of direct sales professionals, industry-specific catalogs, e-commerce capabilities and supply-chain management services enables the Fisher Scientific channel to oer a broad mix of products manufactured by Thermo Fisher Scientific and third parties. Learn more The path to genomic discoveries As lab service and support experts and partners, the Unity Lab Services team provides training, equipment servicing and asset management, as well as dedicated supply management to maximize operational productivity. Learn more Accelerating discovery research Our pharmaceutical services provide industry leading CDMO and clinical trial solutions. With more than 55 locations around the world, we provide an end-to-end drug development o?ering to companies of all sizes that includes API, biologics, viral vector services, early and late phase development, Fisher clinical ServicesSM Clinical Trial Solutions, logistics services, and commercial manufacturing. Learn more COVID 19 Biotech Keep seeking Back to top Go Up About Thermo Fisher Scientific Thermo Fisher Scientific Inc. (NYSE: TMO) is the world leader in serving science, with annual revenue exceeding $30 billion. Our Mission is to enable our customers to make the world healthier, cleaner and safer. Whether our customers are accelerating life sciences research, solving complex analytical challenges, improving patient diagnostics and therapies or increasing productivity in their laboratories, we are here to support them. Our global team of more than 80,000 colleagues delivers an unrivaled combination of innovative technologies, purchasing convenience and pharmaceutical services through our industry-leading brands, including Thermo Scientific, Applied Biosystems, Invitrogen, Fisher Scientific, Unity Lab Services and Patheon. Â For more information, please visit www.thermofisher.com Company About Suppliers Social Responsibility Information Security Investors Newsroom Careers Brands Thermo Scientific Applied Biosystems Invitrogen Fisher Scientific Unity Labs Services Patheon Connect Contact Us Company Brands Contact About Thermo Fisher Scientific Thermo Fisher Scientific Inc. is the world leader in serving science, with annual revenue exceeding $30 billion. Our Mission is to enable our customers to make the world healthier, cleaner and safer. Whether our customers are accelerating life sciences research, solving complex analytical challenges, improving patient diagnostics and therapies or increasing productivity in their laboratories, we are here to support them. Our global team of more than 80,000 colleagues delivers an unrivaled combination of innovative technologies, purchasing convenience and pharmaceutical services through our industry-leading brands, including Thermo Scientific, Applied Biosystems, Invitrogen, Fisher Scientific, Unity Lab Services and Patheon. Â For more information, please visit www.thermofisher.com Â© Copyright 2021 Thermo Fisher Scientific Inc. All rights reserved. Terms & Conditions | Company Privacy Statement Â© Copyright 2021 Thermo Fisher Scientific Inc. All rights reserved. Terms & Conditions Company Privacy Statement",4820,success
TMO,Thermo Fisher Scientific,Healthcare,2019,https://corporate.thermofisher.com/us/en/index/about.html,20210410192921.0,http://web.archive.org/web/20210410192921/https://corporate.thermofisher.com/us/en/index/about.html,20190701,found,,200.0,"About burger Careers Thermo Fisher Scientific is actively responding to the current coronavirus SARS-CoV-2 outbreak.Â Learn more About Step ahead. Step beyond. Â ""We champion science because we're scientists too.""Â Whether they are improving life for patients, protecting our global climate or keeping people safe, our customers look to Thermo Fisher Scientific for innovative solutions. Products and services sold under the following Thermo Fisher brands enable customers to push science and technology a step beyond. Our supporting brands A commitment to analytical precision Thermo Scientific instruments, equipment, software, services and consumables address a range of needs from sample, material characterization and chemical analysis to clinical diagnoses and biological-based therapeutics manufacturing. Learn more The path to genomic discoveries Our genomic solutions are trusted to address a variety of basic, commercial and clinical research applications in fields such as cancer diagnostics, human identification testing and animal health, as well as inherited and infectious disease. Learn more Accelerating discovery research From antibodies and protein purification to gene editing and cell analysis, Invitrogenâ¢ protein biology, molecular biology and cell imaging and analysis products help scientists conduct biological and bio-medical research and discover new drugs. Learn more The scientific marketplace for choice and convenience The Fisher Scientific channel oers customers convenient access to a complete portfolio of laboratory equipment, chemicals, supplies and services used in scientific research, healthcare, safety, and education markets. A global network of direct sales professionals, industry-specific catalogs, e-commerce capabilities and supply-chain management services enables the Fisher Scientific channel to oer a broad mix of products manufactured by Thermo Fisher Scientific and third parties. Learn more The path to genomic discoveries As lab service and support experts and partners, the Unity Lab Services team provides training, equipment servicing and asset management, as well as dedicated supply management to maximize operational productivity. Learn more Accelerating discovery research Our pharmaceutical services provide industry leading CDMO and clinical trial solutions. With more than 55 locations around the world, we provide an end-to-end drug development o?ering to companies of all sizes that includes API, biologics, viral vector services, early and late phase development, Fisher clinical ServicesSM Clinical Trial Solutions, logistics services, and commercial manufacturing. Learn more COVID 19 Biotech Keep seeking Back to top Go Up About Thermo Fisher Scientific Thermo Fisher Scientific Inc. (NYSE: TMO) is the world leader in serving science, with annual revenue exceeding $30 billion. Our Mission is to enable our customers to make the world healthier, cleaner and safer. Whether our customers are accelerating life sciences research, solving complex analytical challenges, improving patient diagnostics and therapies or increasing productivity in their laboratories, we are here to support them. Our global team of more than 80,000 colleagues delivers an unrivaled combination of innovative technologies, purchasing convenience and pharmaceutical services through our industry-leading brands, including Thermo Scientific, Applied Biosystems, Invitrogen, Fisher Scientific, Unity Lab Services and Patheon. Â For more information, please visit www.thermofisher.com Company About Suppliers Social Responsibility Information Security Investors Newsroom Careers Brands Thermo Scientific Applied Biosystems Invitrogen Fisher Scientific Unity Labs Services Patheon Connect Contact Us Company Brands Contact About Thermo Fisher Scientific Thermo Fisher Scientific Inc. is the world leader in serving science, with annual revenue exceeding $30 billion. Our Mission is to enable our customers to make the world healthier, cleaner and safer. Whether our customers are accelerating life sciences research, solving complex analytical challenges, improving patient diagnostics and therapies or increasing productivity in their laboratories, we are here to support them. Our global team of more than 80,000 colleagues delivers an unrivaled combination of innovative technologies, purchasing convenience and pharmaceutical services through our industry-leading brands, including Thermo Scientific, Applied Biosystems, Invitrogen, Fisher Scientific, Unity Lab Services and Patheon. Â For more information, please visit www.thermofisher.com Â© Copyright 2021 Thermo Fisher Scientific Inc. All rights reserved. Terms & Conditions | Company Privacy Statement Â© Copyright 2021 Thermo Fisher Scientific Inc. All rights reserved. Terms & Conditions Company Privacy Statement",4820,success
TMO,Thermo Fisher Scientific,Healthcare,2020,https://corporate.thermofisher.com/us/en/index/about.html,20210410192921.0,http://web.archive.org/web/20210410192921/https://corporate.thermofisher.com/us/en/index/about.html,20200701,found,,200.0,"About burger Careers Thermo Fisher Scientific is actively responding to the current coronavirus SARS-CoV-2 outbreak.Â Learn more About Step ahead. Step beyond. Â ""We champion science because we're scientists too.""Â Whether they are improving life for patients, protecting our global climate or keeping people safe, our customers look to Thermo Fisher Scientific for innovative solutions. Products and services sold under the following Thermo Fisher brands enable customers to push science and technology a step beyond. Our supporting brands A commitment to analytical precision Thermo Scientific instruments, equipment, software, services and consumables address a range of needs from sample, material characterization and chemical analysis to clinical diagnoses and biological-based therapeutics manufacturing. Learn more The path to genomic discoveries Our genomic solutions are trusted to address a variety of basic, commercial and clinical research applications in fields such as cancer diagnostics, human identification testing and animal health, as well as inherited and infectious disease. Learn more Accelerating discovery research From antibodies and protein purification to gene editing and cell analysis, Invitrogenâ¢ protein biology, molecular biology and cell imaging and analysis products help scientists conduct biological and bio-medical research and discover new drugs. Learn more The scientific marketplace for choice and convenience The Fisher Scientific channel oers customers convenient access to a complete portfolio of laboratory equipment, chemicals, supplies and services used in scientific research, healthcare, safety, and education markets. A global network of direct sales professionals, industry-specific catalogs, e-commerce capabilities and supply-chain management services enables the Fisher Scientific channel to oer a broad mix of products manufactured by Thermo Fisher Scientific and third parties. Learn more The path to genomic discoveries As lab service and support experts and partners, the Unity Lab Services team provides training, equipment servicing and asset management, as well as dedicated supply management to maximize operational productivity. Learn more Accelerating discovery research Our pharmaceutical services provide industry leading CDMO and clinical trial solutions. With more than 55 locations around the world, we provide an end-to-end drug development o?ering to companies of all sizes that includes API, biologics, viral vector services, early and late phase development, Fisher clinical ServicesSM Clinical Trial Solutions, logistics services, and commercial manufacturing. Learn more COVID 19 Biotech Keep seeking Back to top Go Up About Thermo Fisher Scientific Thermo Fisher Scientific Inc. (NYSE: TMO) is the world leader in serving science, with annual revenue exceeding $30 billion. Our Mission is to enable our customers to make the world healthier, cleaner and safer. Whether our customers are accelerating life sciences research, solving complex analytical challenges, improving patient diagnostics and therapies or increasing productivity in their laboratories, we are here to support them. Our global team of more than 80,000 colleagues delivers an unrivaled combination of innovative technologies, purchasing convenience and pharmaceutical services through our industry-leading brands, including Thermo Scientific, Applied Biosystems, Invitrogen, Fisher Scientific, Unity Lab Services and Patheon. Â For more information, please visit www.thermofisher.com Company About Suppliers Social Responsibility Information Security Investors Newsroom Careers Brands Thermo Scientific Applied Biosystems Invitrogen Fisher Scientific Unity Labs Services Patheon Connect Contact Us Company Brands Contact About Thermo Fisher Scientific Thermo Fisher Scientific Inc. is the world leader in serving science, with annual revenue exceeding $30 billion. Our Mission is to enable our customers to make the world healthier, cleaner and safer. Whether our customers are accelerating life sciences research, solving complex analytical challenges, improving patient diagnostics and therapies or increasing productivity in their laboratories, we are here to support them. Our global team of more than 80,000 colleagues delivers an unrivaled combination of innovative technologies, purchasing convenience and pharmaceutical services through our industry-leading brands, including Thermo Scientific, Applied Biosystems, Invitrogen, Fisher Scientific, Unity Lab Services and Patheon. Â For more information, please visit www.thermofisher.com Â© Copyright 2021 Thermo Fisher Scientific Inc. All rights reserved. Terms & Conditions | Company Privacy Statement Â© Copyright 2021 Thermo Fisher Scientific Inc. All rights reserved. Terms & Conditions Company Privacy Statement",4820,success
TMO,Thermo Fisher Scientific,Healthcare,2021,https://corporate.thermofisher.com/us/en/index/about.html,20210623160627.0,http://web.archive.org/web/20210623160627/https://corporate.thermofisher.com/us/en/index/about.html,20210701,found,,200.0,"About | Thermo Fisher Scientific burger Careers Thermo Fisher Scientific to Acquire PPD, Inc., a Leading Clinical Research OrganizationÂ Learn more About Step ahead. Step beyond. Â ""We champion science because we're scientists too.""Â Whether they are improving life for patients, protecting our global climate or keeping people safe, our customers look to Thermo Fisher Scientific for innovative solutions. Products and services sold under the following Thermo Fisher brands enable customers to push science and technology a step beyond. Our supporting brands A commitment to analytical precision Thermo Scientific instruments, equipment, software, services and consumables address a range of needs from sample, material characterization and chemical analysis to clinical diagnoses and biological-based therapeutics manufacturing. Learn more The path to genomic discoveries Our genomic solutions are trusted to address a variety of basic, commercial and clinical research applications in fields such as cancer diagnostics, human identification testing and animal health, as well as inherited and infectious disease. Learn more Accelerating discovery research From antibodies and protein purification to gene editing and cell analysis, Invitrogenâ¢ protein biology, molecular biology and cell imaging and analysis products help scientists conduct biological and bio-medical research and discover new drugs. Learn more The scientific marketplace for choice and convenience The Fisher Scientific channel oers customers convenient access to a complete portfolio of laboratory equipment, chemicals, supplies and services used in scientific research, healthcare, safety, and education markets. A global network of direct sales professionals, industry-specific catalogs, e-commerce capabilities and supply-chain management services enables the Fisher Scientific channel to oer a broad mix of products manufactured by Thermo Fisher Scientific and third parties. Learn more The laboratory service and support solution As lab service and support experts and partners, the Unity Lab Services team provides training, equipment servicing and asset management, as well as dedicated supply management to maximize operational productivity. Learn more End-to-end pharma services solutions Our pharmaceutical services provide industry leading CDMO and clinical trial solutionsÂ to companies of all sizes. With more than 55 locations around the world, we provide an end-to-end drug development offering that includes API, biologics, viral vector services,Â cGMPÂ plasmids,Â early and late phase development,Â clinical trial services, logistics services, and commercial manufacturing. Learn more COVID 19 Biotech Keep seeking Back to top Go Up About Thermo Fisher Scientific Thermo Fisher Scientific Inc. (NYSE: TMO) is the world leader in serving science, with annual revenue exceeding $30 billion. Our Mission is to enable our customers to make the world healthier, cleaner and safer. Whether our customers are accelerating life sciences research, solving complex analytical challenges, improving patient diagnostics and therapies or increasing productivity in their laboratories, we are here to support them. Our global team of more than 80,000 colleagues delivers an unrivaled combination of innovative technologies, purchasing convenience and pharmaceutical services through our industry-leading brands, including Thermo Scientific, Applied Biosystems, Invitrogen, Fisher Scientific, Unity Lab Services and Patheon. Â For more information, please visit www.thermofisher.com Company About Suppliers Social Responsibility Information Security Investors Newsroom Careers Brands Thermo Scientific Applied Biosystems Invitrogen Fisher Scientific Unity Labs Services Patheon Connect Contact Us Company Brands Contact About Thermo Fisher Scientific Thermo Fisher Scientific Inc. is the world leader in serving science, with annual revenue exceeding $30 billion. Our Mission is to enable our customers to make the world healthier, cleaner and safer. Whether our customers are accelerating life sciences research, solving complex analytical challenges, improving patient diagnostics and therapies or increasing productivity in their laboratories, we are here to support them. Our global team of more than 80,000 colleagues delivers an unrivaled combination of innovative technologies, purchasing convenience and pharmaceutical services through our industry-leading brands, including Thermo Scientific, Applied Biosystems, Invitrogen, Fisher Scientific, Unity Lab Services and Patheon. Â For more information, please visit www.thermofisher.com Â© Copyright 2021 Thermo Fisher Scientific Inc. All rights reserved. Terms & Conditions | Company Privacy Statement Â© Copyright 2021 Thermo Fisher Scientific Inc. All rights reserved. Terms & Conditions Company Privacy Statement",4849,success
TMO,Thermo Fisher Scientific,Healthcare,2022,https://corporate.thermofisher.com/us/en/index/about.html,20220701173717.0,http://web.archive.org/web/20220701173717/https://corporate.thermofisher.com/us/en/index/about.html,20220701,found,,200.0,"About | Thermo Fisher Scientific burger Careers About Step ahead. Step beyond. Â ""We champion science because we're scientists too.""Â Whether they are improving life for patients, protecting our global climate or keeping people safe, our customers look to Thermo Fisher Scientific for innovative solutions. Products and services sold under the following Thermo Fisher brands enable customers to push science and technology a step beyond. Our supporting brands A commitment to analytical precision Thermo Scientific instruments, equipment, software, services and consumables address a range of needs from sample, material characterization and chemical analysis to clinical diagnoses and biological-based therapeutics manufacturing. Learn more The path to genomic discoveries Our genomic solutions are trusted to address a variety of basic, commercial and clinical research applications in fields such as cancer diagnostics, human identification testing and animal health, as well as inherited and infectious disease. Learn more Accelerating discovery research From antibodies and protein purification to gene editing and cell analysis, Invitrogenâ¢ protein biology, molecular biology and cell imaging and analysis products help scientists conduct biological and bio-medical research and discover new drugs. Learn more The scientific marketplace for choice and convenience The Fisher Scientific channel offers customers convenient access to a complete portfolio of laboratory equipment, chemicals, supplies and services used in scientific research, healthcare, safety, and education markets. A global network of direct sales professionals, industry-specific catalogs, e-commerce capabilities and supply-chain management services enables the Fisher Scientific channel to offer a broad mix of products manufactured by Thermo Fisher Scientific and third parties. Learn more Helping deliver life-changing therapies Our broad range of clinical development and analytical services enables Thermo Fisher Scientific customers to drive innovation and increase drug development productivity. Recognized for accelerating promising medicines from early development through regulatory approval and market access, our custom-tailored solutions service pharma, biotech, medical device and government organizations. Learn more The laboratory service and support solution As lab service and support experts and partners, the Unity Lab Services team provides training, equipment servicing and asset management, as well as dedicated supply management to maximize operational productivity. Learn more End-to-end pharma services solutions Our pharmaceutical services provide industry leading CDMO and clinical trial solutionsÂ to companies of all sizes. With more than 65 locations around the world, we provide an end-to-end drug development offering that includes API, biologics, viral vector services,Â cGMPÂ plasmids,Â early and late phase development,Â clinical trial services, logistics services, and commercial manufacturing. Learn more COVID 19 Biotech Keep seeking Back to top Go Up About Thermo Fisher Scientific Thermo Fisher Scientific Inc. (NYSE: TMO) is the world leader in serving science, with annual revenue of approximately $40 billion. Our Mission is to enable our customers to make the world healthier, cleaner and safer. Whether our customers are accelerating life sciences research, solving complex analytical challenges, increasing productivity in their laboratories,Â improving patient health through diagnostics orÂ theÂ development andÂ manufacture of life-changing therapies, we are here to support them. Our global team delivers an unrivaled combination of innovative technologies, purchasing convenience and pharmaceutical services through our industry-leading brands, including Thermo Scientific, Applied Biosystems, Invitrogen, Fisher Scientific, Unity Lab Services, Patheon and PPD. Â For more information, please visit www.thermofisher.com Company About Suppliers Social Responsibility Information Security Investors Newsroom Careers Brands Thermo Scientific Applied Biosystems Invitrogen Fisher Scientific Unity Labs Services Patheon PPD Connect Contact Us Company Brands Contact About Thermo Fisher Scientific Thermo Fisher Scientific Inc. is the world leader in serving science, with annual revenue of approximately $40 billion. Our Mission is to enable our customers to make the world healthier, cleaner and safer. Whether our customers are accelerating life sciences research, solving complex analytical challenges, improving patient diagnostics and therapies or increasing productivity in their laboratories, we are here to support them. Our global team of more than 90,000 colleagues delivers an unrivaled combination of innovative technologies, purchasing convenience and pharmaceutical services through our industry-leading brands, including Thermo Scientific, Applied Biosystems, Invitrogen, Fisher Scientific, Unity Lab Services and Patheon. Â For more information, please visit www.thermofisher.com Â© Copyright 2021 Thermo Fisher Scientific Inc. All rights reserved. Terms & Conditions |Â Privacy Information Center Â© Copyright 2021 Thermo Fisher Scientific Inc. All rights reserved. Terms & Conditions Privacy Information Center",5253,success
TMO,Thermo Fisher Scientific,Healthcare,2023,https://corporate.thermofisher.com/us/en/index/about.html,,,20230701,missing,No closest snapshot found from Wayback Availability API,,,0,missing_snapshot
TMO,Thermo Fisher Scientific,Healthcare,2024,https://corporate.thermofisher.com/us/en/index/about.html,20240714235931.0,http://web.archive.org/web/20240714235931/https://corporate.thermofisher.com/us/en/index/about.html,20240701,found,,200.0,"About Burger Careers About The science behind the story Whether they are improving life for patients, protecting our global climate or keeping people safe, our customers look to Thermo Fisher Scientific for innovative solutions. Products and services sold under the following Thermo Fisher brands enable customers to push science and technology a step beyond. Our supporting brands A commitment to analytical precision Thermo Scientific instruments, equipment, software, services and consumables address a range of needs from sample, material characterization and chemical analysis to clinical diagnoses and biological-based therapeutics manufacturing. Learn more The path to genomic discoveries Our genomic solutions are trusted to address a variety of basic, commercial and clinical research applications in fields such as cancer diagnostics, human identification testing and animal health, as well as inherited and infectious disease. Learn more Accelerating discovery research From antibodies and protein purification to gene editing and cell analysis, Invitrogenâ¢ protein biology, molecular biology and cell imaging and analysis products help scientists conduct biological and bio-medical research and discover new drugs. Learn more The scientific marketplace for unrivaled choice and convenience As the premier scientific marketplace, the Fisher Scientific channel has defined choice and convenience for over a century. We keep science moving forward by offering over 2.5 million products and extensive support services to the research, production, healthcare and science education markets around the world. Learn more Helping deliver life-changing therapies Our broad range of clinical development and analytical services enables Thermo Fisher Scientific customers to drive innovation and increase drug development productivity. Recognized for accelerating promising medicines from early development through regulatory approval and market access, our custom-tailored solutions service pharma, biotech, medical device and government organizations. Learn more The laboratory service and support solution As lab service and support experts and partners, the Unity Lab Services team provides training, equipment servicing and asset management, as well as dedicated supply management to maximize operational productivity. Learn more End-to-end pharma services solutions Our pharmaceutical services provide industry leading CDMO and clinical trial solutionsÂ to companies of all sizes. With more than 65 locations around the world, we provide an end-to-end drug development offering that includes API, biologics, viral vector services,Â cGMPÂ plasmids,Â early and late phase development,Â clinical trial services, logistics services, and commercial manufacturing. Learn more COVID 19 Biotech Keep seeking Back to top Go Up About Thermo Fisher Scientific Thermo Fisher Scientific Inc. (NYSE: TMO) is the world leader in serving science, with annual revenue over $40 billion. Our Mission is to enable our customers to make the world healthier, cleaner and safer. Whether our customers are accelerating life sciences research, solving complex analytical challenges, increasing productivity in their laboratories,Â improving patient health through diagnostics orÂ theÂ development andÂ manufacture of life-changing therapies, we are here to support them. Our global team delivers an unrivaled combination of innovative technologies, purchasing convenience and pharmaceutical services through our industry-leading brands, including Thermo Scientific, Applied Biosystems, Invitrogen, Fisher Scientific, Unity Lab Services, Patheon and PPD. Â For more information, please visit www.thermofisher.com Company About Suppliers Social Responsibility Information Security Investors Newsroom Careers German Supply Chain Due Diligence Act Brands Thermo Scientific Applied Biosystems Invitrogen Fisher Scientific Unity Labs Services Patheon PPD Gibco Connect Contact Us Company Brands Contact About Thermo Fisher Scientific Thermo Fisher Scientific Inc. is the world leader in serving science, with annual revenue of approximately $40 billion. Our Mission is to enable our customers to make the world healthier, cleaner and safer. Whether our customers are accelerating life sciences research, solving complex analytical challenges, improving patient diagnostics and therapies or increasing productivity in their laboratories, we are here to support them. Our global team of more than 90,000 colleagues delivers an unrivaled combination of innovative technologies, purchasing convenience and pharmaceutical services through our industry-leading brands, including Thermo Scientific, Applied Biosystems, Invitrogen, Fisher Scientific, Unity Lab Services and Patheon. Â For more information, please visit www.thermofisher.com Â© 2006-2024 Thermo Fisher Scientific Inc. All rights reserved.Â All trademarks are the property of Thermo Fisher Scientific and its subsidiaries unless otherwise specified. Terms & Conditions |Â Privacy Information Center Â© 2006-2024 Thermo Fisher Scientific Inc. All rights reserved.Â All trademarks are the property of Thermo Fisher Scientific and its subsidiaries unless otherwise specified. Terms & Conditions Privacy Information Center",5252,success
ABT,Abbott Laboratories,Healthcare,2016,https://www.abbott.com/en-us/about-abbott,,,20160701,missing,No closest snapshot found from Wayback Availability API,,,0,missing_snapshot
ABT,Abbott Laboratories,Healthcare,2017,https://www.abbott.com/en-us/about-abbott,20251215154615.0,http://web.archive.org/web/20251215154615/https://www.abbott.com/en-us/about-abbott,20170701,found,,200.0,"About Abbott | Company Overview, Mission and Values | Abbott U.S. Global Websites Hello, welcome to Abbott. Trending on Abbott.com Freestyle Libre Lingo Ensure Similac Contact Abbott About Abbott ▷ || Live your best life, now and in the future At Abbott, we’re driven by a shared mission: to help you live a healthier, fuller life. The revolutionary health technologies and products we create serve that very human purpose. Managing diabetes. Monitoring hearts. Easing chronic pain. Through our products, our science and our partnerships, we work to bring better health to more people, so that our next breakthrough can lead to theirs. Abbott at a glance 135+ Years as a trusted health tech industry leader 160+ Countries in which we’re making a difference 114,000 Employees working worldwide to advance human health A history of nurturing human potential Our story begins with a physician and a need. Dr. Wallace C. Abbott needed more accurate and reliable medicines for the people who frequented his drugstore in Chicago. And he simply couldn’t find them. In 1888, he set out to make them himself. 1888 Production of “alkaloidal” medicine granules by Dr. Wallace C. Abbott, a 30-year-old practicing physician, begins in the rear of his People’s Drug Store in Chicago. First-year total sales reach $2,000. 1929 Initial public offering provides shares for the first time in the year of the stock market crash that began the Great Depression. While the timing seems inauspicious, our stock grows in value from that first day—and approximately 10,000 times over so far. 1964 Acquisition of M&R Dietetics, with its popular baby formula, Similac, makes us a leader in nutrition. 1972 Introduction of the ABA-100 blood chemistry analyzer as well as Ausria, a breakthrough radioimmunoassay test for detecting serum hepatitis. This marks the beginning of our modern diagnostics business. 1985 One of our greatest achievements: Approval of the first licensed test to identify HIV in blood, helping to secure the safety of the blood supply. 2014 With the launch of our cutting-edge continuous glucose monitoring system, FreeStyle Libre, Abbott revolutionizes diabetes care. 2023 FDA approval of the AVEIR DR dual chamber leadless pacemaker system ushers in a new era for technology that paces the heart. 2024 Hello, Lingo. Our biowearable for people looking to understand their health and wellness receives FDA clearance. Responsibility Creating the future of health, together For more than 140 years, we’ve never wavered in our purpose to help people live fuller lives through better health. That’s why health is at the core of how we think about sustainability. We manage our company to deliver long-term impact for the people we serve. Our impact on global health 2024 Sustainability Report Teaming up to build community around health Abbott is a global leader in cardiovascular care, diabetes management, diagnostic testing, nutrition, pain and movement disorders, and more. In addition, through our partnerships we raise awareness for chronic disease prevention and other issues that impact global health. Abbott and Real Madrid Our partnership with Real Madrid is redefining excellence in science and sport. ‘We Give Blood’ drive Our partnership with the Big Ten Conference aims to create a new generation of blood donors. Abbott HeartMates community Discover our lively community and find support from others who have faced heart health challenges. The Abbott World Marathon Majors Explore these signature races and see how they inspire runners to be at their best. Awards and Recognition We are recognized around the world for being a responsible, sustainable and innovative company. Here is some of the recognition we have received. Fortune’s Most Admired Companies We’ve been named one of the World’s Most Admired Companies by Fortune magazine every year since 1984. TIME Magazine’s 100 Most Influential We were named to TIME Magazine’s list of the 100 Most Influential Companies of 2025. Fortune Change the World In 2025, Fortune recognized Abbott for our groundbreaking “We Give Blood” drive to encourage a new generation of blood donors. Prix Galien Golden Jubilee Award Abbott’s FreeStyle Libre was named best medical technology in the last 50 years by the Galien Foundation in 2022. Leadership “The key to Abbott’s success for nearly 140 years has been strong leadership based on strong values and a commitment to running our business according to the highest ethical standards.” — Robert B. Ford, Chairman and Chief Executive Officer Meet our executive team Questions? We’ve got you. With a history dating back to 1888, there’s a lot to discover about Abbott. Find answers to some of the most frequently asked questions about our company. FAQs about Abbott Looking for more? Products and Solutions Abbott’s products are shaping the future of healthcare. Explore our medical products, services and therapies. Working at Abbott Find Abbott careers, jobs and internships. Thrive with us and find your purpose. Investors We are a dividend king and a trusted industry leader in medical devices. Find investor resources and more. For the latest on Abbott’s life-changing technology, get updates directly in your inbox. Sign up for our newsletter Products and Solutions Overview Diabetes Nutrition Diagnostics Testing Cardiovascular Pain and Movement Biowearables Medicines All Products Need Help? Where to Buy Contact Us Partners Global Websites Site Map Policies Terms and Conditions Consumer Health Data MyAbbott Privacy Preferences Advertising Preferences © 2025 Abbott. All Rights Reserved. Please read the Legal Notice for further details. Unless otherwise specified, all product and service names appearing in this Internet site are trademarks owned by or licensed to Abbott, its subsidiaries or affiliates. No use of any Abbott trademark, trade name, or trade dress in this site may be made without the prior written authorization of Abbott, except to identify the product or services of the company. Loading...",6019,success
ABT,Abbott Laboratories,Healthcare,2018,https://www.abbott.com/en-us/about-abbott,20251215154615.0,http://web.archive.org/web/20251215154615/https://www.abbott.com/en-us/about-abbott,20180701,found,,200.0,"About Abbott | Company Overview, Mission and Values | Abbott U.S. Global Websites Hello, welcome to Abbott. Trending on Abbott.com Freestyle Libre Lingo Ensure Similac Contact Abbott About Abbott ▷ || Live your best life, now and in the future At Abbott, we’re driven by a shared mission: to help you live a healthier, fuller life. The revolutionary health technologies and products we create serve that very human purpose. Managing diabetes. Monitoring hearts. Easing chronic pain. Through our products, our science and our partnerships, we work to bring better health to more people, so that our next breakthrough can lead to theirs. Abbott at a glance 135+ Years as a trusted health tech industry leader 160+ Countries in which we’re making a difference 114,000 Employees working worldwide to advance human health A history of nurturing human potential Our story begins with a physician and a need. Dr. Wallace C. Abbott needed more accurate and reliable medicines for the people who frequented his drugstore in Chicago. And he simply couldn’t find them. In 1888, he set out to make them himself. 1888 Production of “alkaloidal” medicine granules by Dr. Wallace C. Abbott, a 30-year-old practicing physician, begins in the rear of his People’s Drug Store in Chicago. First-year total sales reach $2,000. 1929 Initial public offering provides shares for the first time in the year of the stock market crash that began the Great Depression. While the timing seems inauspicious, our stock grows in value from that first day—and approximately 10,000 times over so far. 1964 Acquisition of M&R Dietetics, with its popular baby formula, Similac, makes us a leader in nutrition. 1972 Introduction of the ABA-100 blood chemistry analyzer as well as Ausria, a breakthrough radioimmunoassay test for detecting serum hepatitis. This marks the beginning of our modern diagnostics business. 1985 One of our greatest achievements: Approval of the first licensed test to identify HIV in blood, helping to secure the safety of the blood supply. 2014 With the launch of our cutting-edge continuous glucose monitoring system, FreeStyle Libre, Abbott revolutionizes diabetes care. 2023 FDA approval of the AVEIR DR dual chamber leadless pacemaker system ushers in a new era for technology that paces the heart. 2024 Hello, Lingo. Our biowearable for people looking to understand their health and wellness receives FDA clearance. Responsibility Creating the future of health, together For more than 140 years, we’ve never wavered in our purpose to help people live fuller lives through better health. That’s why health is at the core of how we think about sustainability. We manage our company to deliver long-term impact for the people we serve. Our impact on global health 2024 Sustainability Report Teaming up to build community around health Abbott is a global leader in cardiovascular care, diabetes management, diagnostic testing, nutrition, pain and movement disorders, and more. In addition, through our partnerships we raise awareness for chronic disease prevention and other issues that impact global health. Abbott and Real Madrid Our partnership with Real Madrid is redefining excellence in science and sport. ‘We Give Blood’ drive Our partnership with the Big Ten Conference aims to create a new generation of blood donors. Abbott HeartMates community Discover our lively community and find support from others who have faced heart health challenges. The Abbott World Marathon Majors Explore these signature races and see how they inspire runners to be at their best. Awards and Recognition We are recognized around the world for being a responsible, sustainable and innovative company. Here is some of the recognition we have received. Fortune’s Most Admired Companies We’ve been named one of the World’s Most Admired Companies by Fortune magazine every year since 1984. TIME Magazine’s 100 Most Influential We were named to TIME Magazine’s list of the 100 Most Influential Companies of 2025. Fortune Change the World In 2025, Fortune recognized Abbott for our groundbreaking “We Give Blood” drive to encourage a new generation of blood donors. Prix Galien Golden Jubilee Award Abbott’s FreeStyle Libre was named best medical technology in the last 50 years by the Galien Foundation in 2022. Leadership “The key to Abbott’s success for nearly 140 years has been strong leadership based on strong values and a commitment to running our business according to the highest ethical standards.” — Robert B. Ford, Chairman and Chief Executive Officer Meet our executive team Questions? We’ve got you. With a history dating back to 1888, there’s a lot to discover about Abbott. Find answers to some of the most frequently asked questions about our company. FAQs about Abbott Looking for more? Products and Solutions Abbott’s products are shaping the future of healthcare. Explore our medical products, services and therapies. Working at Abbott Find Abbott careers, jobs and internships. Thrive with us and find your purpose. Investors We are a dividend king and a trusted industry leader in medical devices. Find investor resources and more. For the latest on Abbott’s life-changing technology, get updates directly in your inbox. Sign up for our newsletter Products and Solutions Overview Diabetes Nutrition Diagnostics Testing Cardiovascular Pain and Movement Biowearables Medicines All Products Need Help? Where to Buy Contact Us Partners Global Websites Site Map Policies Terms and Conditions Consumer Health Data MyAbbott Privacy Preferences Advertising Preferences © 2025 Abbott. All Rights Reserved. Please read the Legal Notice for further details. Unless otherwise specified, all product and service names appearing in this Internet site are trademarks owned by or licensed to Abbott, its subsidiaries or affiliates. No use of any Abbott trademark, trade name, or trade dress in this site may be made without the prior written authorization of Abbott, except to identify the product or services of the company. Loading...",6019,success
ABT,Abbott Laboratories,Healthcare,2019,https://www.abbott.com/en-us/about-abbott,20251215154615.0,http://web.archive.org/web/20251215154615/https://www.abbott.com/en-us/about-abbott,20190701,found,,200.0,"About Abbott | Company Overview, Mission and Values | Abbott U.S. Global Websites Hello, welcome to Abbott. Trending on Abbott.com Freestyle Libre Lingo Ensure Similac Contact Abbott About Abbott ▷ || Live your best life, now and in the future At Abbott, we’re driven by a shared mission: to help you live a healthier, fuller life. The revolutionary health technologies and products we create serve that very human purpose. Managing diabetes. Monitoring hearts. Easing chronic pain. Through our products, our science and our partnerships, we work to bring better health to more people, so that our next breakthrough can lead to theirs. Abbott at a glance 135+ Years as a trusted health tech industry leader 160+ Countries in which we’re making a difference 114,000 Employees working worldwide to advance human health A history of nurturing human potential Our story begins with a physician and a need. Dr. Wallace C. Abbott needed more accurate and reliable medicines for the people who frequented his drugstore in Chicago. And he simply couldn’t find them. In 1888, he set out to make them himself. 1888 Production of “alkaloidal” medicine granules by Dr. Wallace C. Abbott, a 30-year-old practicing physician, begins in the rear of his People’s Drug Store in Chicago. First-year total sales reach $2,000. 1929 Initial public offering provides shares for the first time in the year of the stock market crash that began the Great Depression. While the timing seems inauspicious, our stock grows in value from that first day—and approximately 10,000 times over so far. 1964 Acquisition of M&R Dietetics, with its popular baby formula, Similac, makes us a leader in nutrition. 1972 Introduction of the ABA-100 blood chemistry analyzer as well as Ausria, a breakthrough radioimmunoassay test for detecting serum hepatitis. This marks the beginning of our modern diagnostics business. 1985 One of our greatest achievements: Approval of the first licensed test to identify HIV in blood, helping to secure the safety of the blood supply. 2014 With the launch of our cutting-edge continuous glucose monitoring system, FreeStyle Libre, Abbott revolutionizes diabetes care. 2023 FDA approval of the AVEIR DR dual chamber leadless pacemaker system ushers in a new era for technology that paces the heart. 2024 Hello, Lingo. Our biowearable for people looking to understand their health and wellness receives FDA clearance. Responsibility Creating the future of health, together For more than 140 years, we’ve never wavered in our purpose to help people live fuller lives through better health. That’s why health is at the core of how we think about sustainability. We manage our company to deliver long-term impact for the people we serve. Our impact on global health 2024 Sustainability Report Teaming up to build community around health Abbott is a global leader in cardiovascular care, diabetes management, diagnostic testing, nutrition, pain and movement disorders, and more. In addition, through our partnerships we raise awareness for chronic disease prevention and other issues that impact global health. Abbott and Real Madrid Our partnership with Real Madrid is redefining excellence in science and sport. ‘We Give Blood’ drive Our partnership with the Big Ten Conference aims to create a new generation of blood donors. Abbott HeartMates community Discover our lively community and find support from others who have faced heart health challenges. The Abbott World Marathon Majors Explore these signature races and see how they inspire runners to be at their best. Awards and Recognition We are recognized around the world for being a responsible, sustainable and innovative company. Here is some of the recognition we have received. Fortune’s Most Admired Companies We’ve been named one of the World’s Most Admired Companies by Fortune magazine every year since 1984. TIME Magazine’s 100 Most Influential We were named to TIME Magazine’s list of the 100 Most Influential Companies of 2025. Fortune Change the World In 2025, Fortune recognized Abbott for our groundbreaking “We Give Blood” drive to encourage a new generation of blood donors. Prix Galien Golden Jubilee Award Abbott’s FreeStyle Libre was named best medical technology in the last 50 years by the Galien Foundation in 2022. Leadership “The key to Abbott’s success for nearly 140 years has been strong leadership based on strong values and a commitment to running our business according to the highest ethical standards.” — Robert B. Ford, Chairman and Chief Executive Officer Meet our executive team Questions? We’ve got you. With a history dating back to 1888, there’s a lot to discover about Abbott. Find answers to some of the most frequently asked questions about our company. FAQs about Abbott Looking for more? Products and Solutions Abbott’s products are shaping the future of healthcare. Explore our medical products, services and therapies. Working at Abbott Find Abbott careers, jobs and internships. Thrive with us and find your purpose. Investors We are a dividend king and a trusted industry leader in medical devices. Find investor resources and more. For the latest on Abbott’s life-changing technology, get updates directly in your inbox. Sign up for our newsletter Products and Solutions Overview Diabetes Nutrition Diagnostics Testing Cardiovascular Pain and Movement Biowearables Medicines All Products Need Help? Where to Buy Contact Us Partners Global Websites Site Map Policies Terms and Conditions Consumer Health Data MyAbbott Privacy Preferences Advertising Preferences © 2025 Abbott. All Rights Reserved. Please read the Legal Notice for further details. Unless otherwise specified, all product and service names appearing in this Internet site are trademarks owned by or licensed to Abbott, its subsidiaries or affiliates. No use of any Abbott trademark, trade name, or trade dress in this site may be made without the prior written authorization of Abbott, except to identify the product or services of the company. Loading...",6019,success
ABT,Abbott Laboratories,Healthcare,2020,https://www.abbott.com/en-us/about-abbott,20251215154615.0,http://web.archive.org/web/20251215154615/https://www.abbott.com/en-us/about-abbott,20200701,found,,200.0,"About Abbott | Company Overview, Mission and Values | Abbott U.S. Global Websites Hello, welcome to Abbott. Trending on Abbott.com Freestyle Libre Lingo Ensure Similac Contact Abbott About Abbott ▷ || Live your best life, now and in the future At Abbott, we’re driven by a shared mission: to help you live a healthier, fuller life. The revolutionary health technologies and products we create serve that very human purpose. Managing diabetes. Monitoring hearts. Easing chronic pain. Through our products, our science and our partnerships, we work to bring better health to more people, so that our next breakthrough can lead to theirs. Abbott at a glance 135+ Years as a trusted health tech industry leader 160+ Countries in which we’re making a difference 114,000 Employees working worldwide to advance human health A history of nurturing human potential Our story begins with a physician and a need. Dr. Wallace C. Abbott needed more accurate and reliable medicines for the people who frequented his drugstore in Chicago. And he simply couldn’t find them. In 1888, he set out to make them himself. 1888 Production of “alkaloidal” medicine granules by Dr. Wallace C. Abbott, a 30-year-old practicing physician, begins in the rear of his People’s Drug Store in Chicago. First-year total sales reach $2,000. 1929 Initial public offering provides shares for the first time in the year of the stock market crash that began the Great Depression. While the timing seems inauspicious, our stock grows in value from that first day—and approximately 10,000 times over so far. 1964 Acquisition of M&R Dietetics, with its popular baby formula, Similac, makes us a leader in nutrition. 1972 Introduction of the ABA-100 blood chemistry analyzer as well as Ausria, a breakthrough radioimmunoassay test for detecting serum hepatitis. This marks the beginning of our modern diagnostics business. 1985 One of our greatest achievements: Approval of the first licensed test to identify HIV in blood, helping to secure the safety of the blood supply. 2014 With the launch of our cutting-edge continuous glucose monitoring system, FreeStyle Libre, Abbott revolutionizes diabetes care. 2023 FDA approval of the AVEIR DR dual chamber leadless pacemaker system ushers in a new era for technology that paces the heart. 2024 Hello, Lingo. Our biowearable for people looking to understand their health and wellness receives FDA clearance. Responsibility Creating the future of health, together For more than 140 years, we’ve never wavered in our purpose to help people live fuller lives through better health. That’s why health is at the core of how we think about sustainability. We manage our company to deliver long-term impact for the people we serve. Our impact on global health 2024 Sustainability Report Teaming up to build community around health Abbott is a global leader in cardiovascular care, diabetes management, diagnostic testing, nutrition, pain and movement disorders, and more. In addition, through our partnerships we raise awareness for chronic disease prevention and other issues that impact global health. Abbott and Real Madrid Our partnership with Real Madrid is redefining excellence in science and sport. ‘We Give Blood’ drive Our partnership with the Big Ten Conference aims to create a new generation of blood donors. Abbott HeartMates community Discover our lively community and find support from others who have faced heart health challenges. The Abbott World Marathon Majors Explore these signature races and see how they inspire runners to be at their best. Awards and Recognition We are recognized around the world for being a responsible, sustainable and innovative company. Here is some of the recognition we have received. Fortune’s Most Admired Companies We’ve been named one of the World’s Most Admired Companies by Fortune magazine every year since 1984. TIME Magazine’s 100 Most Influential We were named to TIME Magazine’s list of the 100 Most Influential Companies of 2025. Fortune Change the World In 2025, Fortune recognized Abbott for our groundbreaking “We Give Blood” drive to encourage a new generation of blood donors. Prix Galien Golden Jubilee Award Abbott’s FreeStyle Libre was named best medical technology in the last 50 years by the Galien Foundation in 2022. Leadership “The key to Abbott’s success for nearly 140 years has been strong leadership based on strong values and a commitment to running our business according to the highest ethical standards.” — Robert B. Ford, Chairman and Chief Executive Officer Meet our executive team Questions? We’ve got you. With a history dating back to 1888, there’s a lot to discover about Abbott. Find answers to some of the most frequently asked questions about our company. FAQs about Abbott Looking for more? Products and Solutions Abbott’s products are shaping the future of healthcare. Explore our medical products, services and therapies. Working at Abbott Find Abbott careers, jobs and internships. Thrive with us and find your purpose. Investors We are a dividend king and a trusted industry leader in medical devices. Find investor resources and more. For the latest on Abbott’s life-changing technology, get updates directly in your inbox. Sign up for our newsletter Products and Solutions Overview Diabetes Nutrition Diagnostics Testing Cardiovascular Pain and Movement Biowearables Medicines All Products Need Help? Where to Buy Contact Us Partners Global Websites Site Map Policies Terms and Conditions Consumer Health Data MyAbbott Privacy Preferences Advertising Preferences © 2025 Abbott. All Rights Reserved. Please read the Legal Notice for further details. Unless otherwise specified, all product and service names appearing in this Internet site are trademarks owned by or licensed to Abbott, its subsidiaries or affiliates. No use of any Abbott trademark, trade name, or trade dress in this site may be made without the prior written authorization of Abbott, except to identify the product or services of the company. Loading...",6019,success
ABT,Abbott Laboratories,Healthcare,2021,https://www.abbott.com/en-us/about-abbott,20251215154615.0,http://web.archive.org/web/20251215154615/https://www.abbott.com/en-us/about-abbott,20210701,found,,200.0,"About Abbott | Company Overview, Mission and Values | Abbott U.S. Global Websites Hello, welcome to Abbott. Trending on Abbott.com Freestyle Libre Lingo Ensure Similac Contact Abbott About Abbott ▷ || Live your best life, now and in the future At Abbott, we’re driven by a shared mission: to help you live a healthier, fuller life. The revolutionary health technologies and products we create serve that very human purpose. Managing diabetes. Monitoring hearts. Easing chronic pain. Through our products, our science and our partnerships, we work to bring better health to more people, so that our next breakthrough can lead to theirs. Abbott at a glance 135+ Years as a trusted health tech industry leader 160+ Countries in which we’re making a difference 114,000 Employees working worldwide to advance human health A history of nurturing human potential Our story begins with a physician and a need. Dr. Wallace C. Abbott needed more accurate and reliable medicines for the people who frequented his drugstore in Chicago. And he simply couldn’t find them. In 1888, he set out to make them himself. 1888 Production of “alkaloidal” medicine granules by Dr. Wallace C. Abbott, a 30-year-old practicing physician, begins in the rear of his People’s Drug Store in Chicago. First-year total sales reach $2,000. 1929 Initial public offering provides shares for the first time in the year of the stock market crash that began the Great Depression. While the timing seems inauspicious, our stock grows in value from that first day—and approximately 10,000 times over so far. 1964 Acquisition of M&R Dietetics, with its popular baby formula, Similac, makes us a leader in nutrition. 1972 Introduction of the ABA-100 blood chemistry analyzer as well as Ausria, a breakthrough radioimmunoassay test for detecting serum hepatitis. This marks the beginning of our modern diagnostics business. 1985 One of our greatest achievements: Approval of the first licensed test to identify HIV in blood, helping to secure the safety of the blood supply. 2014 With the launch of our cutting-edge continuous glucose monitoring system, FreeStyle Libre, Abbott revolutionizes diabetes care. 2023 FDA approval of the AVEIR DR dual chamber leadless pacemaker system ushers in a new era for technology that paces the heart. 2024 Hello, Lingo. Our biowearable for people looking to understand their health and wellness receives FDA clearance. Responsibility Creating the future of health, together For more than 140 years, we’ve never wavered in our purpose to help people live fuller lives through better health. That’s why health is at the core of how we think about sustainability. We manage our company to deliver long-term impact for the people we serve. Our impact on global health 2024 Sustainability Report Teaming up to build community around health Abbott is a global leader in cardiovascular care, diabetes management, diagnostic testing, nutrition, pain and movement disorders, and more. In addition, through our partnerships we raise awareness for chronic disease prevention and other issues that impact global health. Abbott and Real Madrid Our partnership with Real Madrid is redefining excellence in science and sport. ‘We Give Blood’ drive Our partnership with the Big Ten Conference aims to create a new generation of blood donors. Abbott HeartMates community Discover our lively community and find support from others who have faced heart health challenges. The Abbott World Marathon Majors Explore these signature races and see how they inspire runners to be at their best. Awards and Recognition We are recognized around the world for being a responsible, sustainable and innovative company. Here is some of the recognition we have received. Fortune’s Most Admired Companies We’ve been named one of the World’s Most Admired Companies by Fortune magazine every year since 1984. TIME Magazine’s 100 Most Influential We were named to TIME Magazine’s list of the 100 Most Influential Companies of 2025. Fortune Change the World In 2025, Fortune recognized Abbott for our groundbreaking “We Give Blood” drive to encourage a new generation of blood donors. Prix Galien Golden Jubilee Award Abbott’s FreeStyle Libre was named best medical technology in the last 50 years by the Galien Foundation in 2022. Leadership “The key to Abbott’s success for nearly 140 years has been strong leadership based on strong values and a commitment to running our business according to the highest ethical standards.” — Robert B. Ford, Chairman and Chief Executive Officer Meet our executive team Questions? We’ve got you. With a history dating back to 1888, there’s a lot to discover about Abbott. Find answers to some of the most frequently asked questions about our company. FAQs about Abbott Looking for more? Products and Solutions Abbott’s products are shaping the future of healthcare. Explore our medical products, services and therapies. Working at Abbott Find Abbott careers, jobs and internships. Thrive with us and find your purpose. Investors We are a dividend king and a trusted industry leader in medical devices. Find investor resources and more. For the latest on Abbott’s life-changing technology, get updates directly in your inbox. Sign up for our newsletter Products and Solutions Overview Diabetes Nutrition Diagnostics Testing Cardiovascular Pain and Movement Biowearables Medicines All Products Need Help? Where to Buy Contact Us Partners Global Websites Site Map Policies Terms and Conditions Consumer Health Data MyAbbott Privacy Preferences Advertising Preferences © 2025 Abbott. All Rights Reserved. Please read the Legal Notice for further details. Unless otherwise specified, all product and service names appearing in this Internet site are trademarks owned by or licensed to Abbott, its subsidiaries or affiliates. No use of any Abbott trademark, trade name, or trade dress in this site may be made without the prior written authorization of Abbott, except to identify the product or services of the company. Loading...",6019,success
ABT,Abbott Laboratories,Healthcare,2022,https://www.abbott.com/en-us/about-abbott,20251215154615.0,http://web.archive.org/web/20251215154615/https://www.abbott.com/en-us/about-abbott,20220701,found,,200.0,"About Abbott | Company Overview, Mission and Values | Abbott U.S. Global Websites Hello, welcome to Abbott. Trending on Abbott.com Freestyle Libre Lingo Ensure Similac Contact Abbott About Abbott ▷ || Live your best life, now and in the future At Abbott, we’re driven by a shared mission: to help you live a healthier, fuller life. The revolutionary health technologies and products we create serve that very human purpose. Managing diabetes. Monitoring hearts. Easing chronic pain. Through our products, our science and our partnerships, we work to bring better health to more people, so that our next breakthrough can lead to theirs. Abbott at a glance 135+ Years as a trusted health tech industry leader 160+ Countries in which we’re making a difference 114,000 Employees working worldwide to advance human health A history of nurturing human potential Our story begins with a physician and a need. Dr. Wallace C. Abbott needed more accurate and reliable medicines for the people who frequented his drugstore in Chicago. And he simply couldn’t find them. In 1888, he set out to make them himself. 1888 Production of “alkaloidal” medicine granules by Dr. Wallace C. Abbott, a 30-year-old practicing physician, begins in the rear of his People’s Drug Store in Chicago. First-year total sales reach $2,000. 1929 Initial public offering provides shares for the first time in the year of the stock market crash that began the Great Depression. While the timing seems inauspicious, our stock grows in value from that first day—and approximately 10,000 times over so far. 1964 Acquisition of M&R Dietetics, with its popular baby formula, Similac, makes us a leader in nutrition. 1972 Introduction of the ABA-100 blood chemistry analyzer as well as Ausria, a breakthrough radioimmunoassay test for detecting serum hepatitis. This marks the beginning of our modern diagnostics business. 1985 One of our greatest achievements: Approval of the first licensed test to identify HIV in blood, helping to secure the safety of the blood supply. 2014 With the launch of our cutting-edge continuous glucose monitoring system, FreeStyle Libre, Abbott revolutionizes diabetes care. 2023 FDA approval of the AVEIR DR dual chamber leadless pacemaker system ushers in a new era for technology that paces the heart. 2024 Hello, Lingo. Our biowearable for people looking to understand their health and wellness receives FDA clearance. Responsibility Creating the future of health, together For more than 140 years, we’ve never wavered in our purpose to help people live fuller lives through better health. That’s why health is at the core of how we think about sustainability. We manage our company to deliver long-term impact for the people we serve. Our impact on global health 2024 Sustainability Report Teaming up to build community around health Abbott is a global leader in cardiovascular care, diabetes management, diagnostic testing, nutrition, pain and movement disorders, and more. In addition, through our partnerships we raise awareness for chronic disease prevention and other issues that impact global health. Abbott and Real Madrid Our partnership with Real Madrid is redefining excellence in science and sport. ‘We Give Blood’ drive Our partnership with the Big Ten Conference aims to create a new generation of blood donors. Abbott HeartMates community Discover our lively community and find support from others who have faced heart health challenges. The Abbott World Marathon Majors Explore these signature races and see how they inspire runners to be at their best. Awards and Recognition We are recognized around the world for being a responsible, sustainable and innovative company. Here is some of the recognition we have received. Fortune’s Most Admired Companies We’ve been named one of the World’s Most Admired Companies by Fortune magazine every year since 1984. TIME Magazine’s 100 Most Influential We were named to TIME Magazine’s list of the 100 Most Influential Companies of 2025. Fortune Change the World In 2025, Fortune recognized Abbott for our groundbreaking “We Give Blood” drive to encourage a new generation of blood donors. Prix Galien Golden Jubilee Award Abbott’s FreeStyle Libre was named best medical technology in the last 50 years by the Galien Foundation in 2022. Leadership “The key to Abbott’s success for nearly 140 years has been strong leadership based on strong values and a commitment to running our business according to the highest ethical standards.” — Robert B. Ford, Chairman and Chief Executive Officer Meet our executive team Questions? We’ve got you. With a history dating back to 1888, there’s a lot to discover about Abbott. Find answers to some of the most frequently asked questions about our company. FAQs about Abbott Looking for more? Products and Solutions Abbott’s products are shaping the future of healthcare. Explore our medical products, services and therapies. Working at Abbott Find Abbott careers, jobs and internships. Thrive with us and find your purpose. Investors We are a dividend king and a trusted industry leader in medical devices. Find investor resources and more. For the latest on Abbott’s life-changing technology, get updates directly in your inbox. Sign up for our newsletter Products and Solutions Overview Diabetes Nutrition Diagnostics Testing Cardiovascular Pain and Movement Biowearables Medicines All Products Need Help? Where to Buy Contact Us Partners Global Websites Site Map Policies Terms and Conditions Consumer Health Data MyAbbott Privacy Preferences Advertising Preferences © 2025 Abbott. All Rights Reserved. Please read the Legal Notice for further details. Unless otherwise specified, all product and service names appearing in this Internet site are trademarks owned by or licensed to Abbott, its subsidiaries or affiliates. No use of any Abbott trademark, trade name, or trade dress in this site may be made without the prior written authorization of Abbott, except to identify the product or services of the company. Loading...",6019,success
ABT,Abbott Laboratories,Healthcare,2023,https://www.abbott.com/en-us/about-abbott,20251215154615.0,http://web.archive.org/web/20251215154615/https://www.abbott.com/en-us/about-abbott,20230701,found,,200.0,"About Abbott | Company Overview, Mission and Values | Abbott U.S. Global Websites Hello, welcome to Abbott. Trending on Abbott.com Freestyle Libre Lingo Ensure Similac Contact Abbott About Abbott ▷ || Live your best life, now and in the future At Abbott, we’re driven by a shared mission: to help you live a healthier, fuller life. The revolutionary health technologies and products we create serve that very human purpose. Managing diabetes. Monitoring hearts. Easing chronic pain. Through our products, our science and our partnerships, we work to bring better health to more people, so that our next breakthrough can lead to theirs. Abbott at a glance 135+ Years as a trusted health tech industry leader 160+ Countries in which we’re making a difference 114,000 Employees working worldwide to advance human health A history of nurturing human potential Our story begins with a physician and a need. Dr. Wallace C. Abbott needed more accurate and reliable medicines for the people who frequented his drugstore in Chicago. And he simply couldn’t find them. In 1888, he set out to make them himself. 1888 Production of “alkaloidal” medicine granules by Dr. Wallace C. Abbott, a 30-year-old practicing physician, begins in the rear of his People’s Drug Store in Chicago. First-year total sales reach $2,000. 1929 Initial public offering provides shares for the first time in the year of the stock market crash that began the Great Depression. While the timing seems inauspicious, our stock grows in value from that first day—and approximately 10,000 times over so far. 1964 Acquisition of M&R Dietetics, with its popular baby formula, Similac, makes us a leader in nutrition. 1972 Introduction of the ABA-100 blood chemistry analyzer as well as Ausria, a breakthrough radioimmunoassay test for detecting serum hepatitis. This marks the beginning of our modern diagnostics business. 1985 One of our greatest achievements: Approval of the first licensed test to identify HIV in blood, helping to secure the safety of the blood supply. 2014 With the launch of our cutting-edge continuous glucose monitoring system, FreeStyle Libre, Abbott revolutionizes diabetes care. 2023 FDA approval of the AVEIR DR dual chamber leadless pacemaker system ushers in a new era for technology that paces the heart. 2024 Hello, Lingo. Our biowearable for people looking to understand their health and wellness receives FDA clearance. Responsibility Creating the future of health, together For more than 140 years, we’ve never wavered in our purpose to help people live fuller lives through better health. That’s why health is at the core of how we think about sustainability. We manage our company to deliver long-term impact for the people we serve. Our impact on global health 2024 Sustainability Report Teaming up to build community around health Abbott is a global leader in cardiovascular care, diabetes management, diagnostic testing, nutrition, pain and movement disorders, and more. In addition, through our partnerships we raise awareness for chronic disease prevention and other issues that impact global health. Abbott and Real Madrid Our partnership with Real Madrid is redefining excellence in science and sport. ‘We Give Blood’ drive Our partnership with the Big Ten Conference aims to create a new generation of blood donors. Abbott HeartMates community Discover our lively community and find support from others who have faced heart health challenges. The Abbott World Marathon Majors Explore these signature races and see how they inspire runners to be at their best. Awards and Recognition We are recognized around the world for being a responsible, sustainable and innovative company. Here is some of the recognition we have received. Fortune’s Most Admired Companies We’ve been named one of the World’s Most Admired Companies by Fortune magazine every year since 1984. TIME Magazine’s 100 Most Influential We were named to TIME Magazine’s list of the 100 Most Influential Companies of 2025. Fortune Change the World In 2025, Fortune recognized Abbott for our groundbreaking “We Give Blood” drive to encourage a new generation of blood donors. Prix Galien Golden Jubilee Award Abbott’s FreeStyle Libre was named best medical technology in the last 50 years by the Galien Foundation in 2022. Leadership “The key to Abbott’s success for nearly 140 years has been strong leadership based on strong values and a commitment to running our business according to the highest ethical standards.” — Robert B. Ford, Chairman and Chief Executive Officer Meet our executive team Questions? We’ve got you. With a history dating back to 1888, there’s a lot to discover about Abbott. Find answers to some of the most frequently asked questions about our company. FAQs about Abbott Looking for more? Products and Solutions Abbott’s products are shaping the future of healthcare. Explore our medical products, services and therapies. Working at Abbott Find Abbott careers, jobs and internships. Thrive with us and find your purpose. Investors We are a dividend king and a trusted industry leader in medical devices. Find investor resources and more. For the latest on Abbott’s life-changing technology, get updates directly in your inbox. Sign up for our newsletter Products and Solutions Overview Diabetes Nutrition Diagnostics Testing Cardiovascular Pain and Movement Biowearables Medicines All Products Need Help? Where to Buy Contact Us Partners Global Websites Site Map Policies Terms and Conditions Consumer Health Data MyAbbott Privacy Preferences Advertising Preferences © 2025 Abbott. All Rights Reserved. Please read the Legal Notice for further details. Unless otherwise specified, all product and service names appearing in this Internet site are trademarks owned by or licensed to Abbott, its subsidiaries or affiliates. No use of any Abbott trademark, trade name, or trade dress in this site may be made without the prior written authorization of Abbott, except to identify the product or services of the company. Loading...",6019,success
ABT,Abbott Laboratories,Healthcare,2024,https://www.abbott.com/en-us/about-abbott,20251215154615.0,http://web.archive.org/web/20251215154615/https://www.abbott.com/en-us/about-abbott,20240701,found,,200.0,"About Abbott | Company Overview, Mission and Values | Abbott U.S. Global Websites Hello, welcome to Abbott. Trending on Abbott.com Freestyle Libre Lingo Ensure Similac Contact Abbott About Abbott ▷ || Live your best life, now and in the future At Abbott, we’re driven by a shared mission: to help you live a healthier, fuller life. The revolutionary health technologies and products we create serve that very human purpose. Managing diabetes. Monitoring hearts. Easing chronic pain. Through our products, our science and our partnerships, we work to bring better health to more people, so that our next breakthrough can lead to theirs. Abbott at a glance 135+ Years as a trusted health tech industry leader 160+ Countries in which we’re making a difference 114,000 Employees working worldwide to advance human health A history of nurturing human potential Our story begins with a physician and a need. Dr. Wallace C. Abbott needed more accurate and reliable medicines for the people who frequented his drugstore in Chicago. And he simply couldn’t find them. In 1888, he set out to make them himself. 1888 Production of “alkaloidal” medicine granules by Dr. Wallace C. Abbott, a 30-year-old practicing physician, begins in the rear of his People’s Drug Store in Chicago. First-year total sales reach $2,000. 1929 Initial public offering provides shares for the first time in the year of the stock market crash that began the Great Depression. While the timing seems inauspicious, our stock grows in value from that first day—and approximately 10,000 times over so far. 1964 Acquisition of M&R Dietetics, with its popular baby formula, Similac, makes us a leader in nutrition. 1972 Introduction of the ABA-100 blood chemistry analyzer as well as Ausria, a breakthrough radioimmunoassay test for detecting serum hepatitis. This marks the beginning of our modern diagnostics business. 1985 One of our greatest achievements: Approval of the first licensed test to identify HIV in blood, helping to secure the safety of the blood supply. 2014 With the launch of our cutting-edge continuous glucose monitoring system, FreeStyle Libre, Abbott revolutionizes diabetes care. 2023 FDA approval of the AVEIR DR dual chamber leadless pacemaker system ushers in a new era for technology that paces the heart. 2024 Hello, Lingo. Our biowearable for people looking to understand their health and wellness receives FDA clearance. Responsibility Creating the future of health, together For more than 140 years, we’ve never wavered in our purpose to help people live fuller lives through better health. That’s why health is at the core of how we think about sustainability. We manage our company to deliver long-term impact for the people we serve. Our impact on global health 2024 Sustainability Report Teaming up to build community around health Abbott is a global leader in cardiovascular care, diabetes management, diagnostic testing, nutrition, pain and movement disorders, and more. In addition, through our partnerships we raise awareness for chronic disease prevention and other issues that impact global health. Abbott and Real Madrid Our partnership with Real Madrid is redefining excellence in science and sport. ‘We Give Blood’ drive Our partnership with the Big Ten Conference aims to create a new generation of blood donors. Abbott HeartMates community Discover our lively community and find support from others who have faced heart health challenges. The Abbott World Marathon Majors Explore these signature races and see how they inspire runners to be at their best. Awards and Recognition We are recognized around the world for being a responsible, sustainable and innovative company. Here is some of the recognition we have received. Fortune’s Most Admired Companies We’ve been named one of the World’s Most Admired Companies by Fortune magazine every year since 1984. TIME Magazine’s 100 Most Influential We were named to TIME Magazine’s list of the 100 Most Influential Companies of 2025. Fortune Change the World In 2025, Fortune recognized Abbott for our groundbreaking “We Give Blood” drive to encourage a new generation of blood donors. Prix Galien Golden Jubilee Award Abbott’s FreeStyle Libre was named best medical technology in the last 50 years by the Galien Foundation in 2022. Leadership “The key to Abbott’s success for nearly 140 years has been strong leadership based on strong values and a commitment to running our business according to the highest ethical standards.” — Robert B. Ford, Chairman and Chief Executive Officer Meet our executive team Questions? We’ve got you. With a history dating back to 1888, there’s a lot to discover about Abbott. Find answers to some of the most frequently asked questions about our company. FAQs about Abbott Looking for more? Products and Solutions Abbott’s products are shaping the future of healthcare. Explore our medical products, services and therapies. Working at Abbott Find Abbott careers, jobs and internships. Thrive with us and find your purpose. Investors We are a dividend king and a trusted industry leader in medical devices. Find investor resources and more. For the latest on Abbott’s life-changing technology, get updates directly in your inbox. Sign up for our newsletter Products and Solutions Overview Diabetes Nutrition Diagnostics Testing Cardiovascular Pain and Movement Biowearables Medicines All Products Need Help? Where to Buy Contact Us Partners Global Websites Site Map Policies Terms and Conditions Consumer Health Data MyAbbott Privacy Preferences Advertising Preferences © 2025 Abbott. All Rights Reserved. Please read the Legal Notice for further details. Unless otherwise specified, all product and service names appearing in this Internet site are trademarks owned by or licensed to Abbott, its subsidiaries or affiliates. No use of any Abbott trademark, trade name, or trade dress in this site may be made without the prior written authorization of Abbott, except to identify the product or services of the company. Loading...",6019,success
PFE,Pfizer,Healthcare,2016,https://www.pfizer.com/about/careers/en-ir/about-pfizer,,,20160701,missing,No closest snapshot found from Wayback Availability API,,,0,missing_snapshot
PFE,Pfizer,Healthcare,2017,https://www.pfizer.com/about/careers/en-ir/about-pfizer,20220809015554.0,http://web.archive.org/web/20220809015554/https://www.pfizer.com/about/careers/en-ir/about-pfizer,20170701,found,,200.0,"ABOUT PFIZER | Pfizer About Pfizer A Commitment to Global Health At Pfizer, we apply science and our global resources to bring therapies to people that extend and significantly improve their lives. We strive to set the standard for quality, safety and value in the discovery, development and manufacture of health care products. Our global portfolio includes medicines and vaccines, as well as many of the world's best-known consumer health care products. Every day, Pfizer colleagues work across developed and emerging markets to advance wellness, prevention, treatments and cures that challenge the most feared diseases of our time. Consistent with our responsibility as one of the world's premier innovative biopharmaceutical companies, we collaborate with health care providers, governments and local communities to support and expand access to reliable, affordable health care around the world. For more than 150 years, Pfizer has worked to make a difference for all who rely on us. Our Mission and Purpose It's our mission to be the premier, innovative biopharmaceutical company, making breakthroughs that change patients’ lives. Good health is vital to all of us and finding sustainable solutions to the most pressing health care challenges of our world cannot wait. That's why we at Pfizer are committed to applying science and our global resources to improve health and well-being at every stage of life. We strive to provide access to safe, effective and affordable medicines and related health care services to the people who need them. We have a leading portfolio of products and medicines that support wellness and prevention, as well as treatment and cures for diseases across a broad range of therapeutic areas; and we have an industry-leading pipeline of promising new products that have the potential to challenge some of the most feared diseases of our time, like Alzheimer's disease and cancer. Join us and we can work together for a healthier world.",1969,success
PFE,Pfizer,Healthcare,2018,https://www.pfizer.com/about/careers/en-ir/about-pfizer,20220809015554.0,http://web.archive.org/web/20220809015554/https://www.pfizer.com/about/careers/en-ir/about-pfizer,20180701,found,,200.0,"ABOUT PFIZER | Pfizer About Pfizer A Commitment to Global Health At Pfizer, we apply science and our global resources to bring therapies to people that extend and significantly improve their lives. We strive to set the standard for quality, safety and value in the discovery, development and manufacture of health care products. Our global portfolio includes medicines and vaccines, as well as many of the world's best-known consumer health care products. Every day, Pfizer colleagues work across developed and emerging markets to advance wellness, prevention, treatments and cures that challenge the most feared diseases of our time. Consistent with our responsibility as one of the world's premier innovative biopharmaceutical companies, we collaborate with health care providers, governments and local communities to support and expand access to reliable, affordable health care around the world. For more than 150 years, Pfizer has worked to make a difference for all who rely on us. Our Mission and Purpose It's our mission to be the premier, innovative biopharmaceutical company, making breakthroughs that change patients’ lives. Good health is vital to all of us and finding sustainable solutions to the most pressing health care challenges of our world cannot wait. That's why we at Pfizer are committed to applying science and our global resources to improve health and well-being at every stage of life. We strive to provide access to safe, effective and affordable medicines and related health care services to the people who need them. We have a leading portfolio of products and medicines that support wellness and prevention, as well as treatment and cures for diseases across a broad range of therapeutic areas; and we have an industry-leading pipeline of promising new products that have the potential to challenge some of the most feared diseases of our time, like Alzheimer's disease and cancer. Join us and we can work together for a healthier world.",1969,success
PFE,Pfizer,Healthcare,2019,https://www.pfizer.com/about/careers/en-ir/about-pfizer,,,20190701,missing,No closest snapshot found from Wayback Availability API,,,0,missing_snapshot
PFE,Pfizer,Healthcare,2020,https://www.pfizer.com/about/careers/en-ir/about-pfizer,,,20200701,missing,No closest snapshot found from Wayback Availability API,,,0,missing_snapshot
PFE,Pfizer,Healthcare,2021,https://www.pfizer.com/about/careers/en-ir/about-pfizer,20220809015554.0,http://web.archive.org/web/20220809015554/https://www.pfizer.com/about/careers/en-ir/about-pfizer,20210701,found,,200.0,"ABOUT PFIZER | Pfizer About Pfizer A Commitment to Global Health At Pfizer, we apply science and our global resources to bring therapies to people that extend and significantly improve their lives. We strive to set the standard for quality, safety and value in the discovery, development and manufacture of health care products. Our global portfolio includes medicines and vaccines, as well as many of the world's best-known consumer health care products. Every day, Pfizer colleagues work across developed and emerging markets to advance wellness, prevention, treatments and cures that challenge the most feared diseases of our time. Consistent with our responsibility as one of the world's premier innovative biopharmaceutical companies, we collaborate with health care providers, governments and local communities to support and expand access to reliable, affordable health care around the world. For more than 150 years, Pfizer has worked to make a difference for all who rely on us. Our Mission and Purpose It's our mission to be the premier, innovative biopharmaceutical company, making breakthroughs that change patients’ lives. Good health is vital to all of us and finding sustainable solutions to the most pressing health care challenges of our world cannot wait. That's why we at Pfizer are committed to applying science and our global resources to improve health and well-being at every stage of life. We strive to provide access to safe, effective and affordable medicines and related health care services to the people who need them. We have a leading portfolio of products and medicines that support wellness and prevention, as well as treatment and cures for diseases across a broad range of therapeutic areas; and we have an industry-leading pipeline of promising new products that have the potential to challenge some of the most feared diseases of our time, like Alzheimer's disease and cancer. Join us and we can work together for a healthier world.",1969,success
PFE,Pfizer,Healthcare,2022,https://www.pfizer.com/about/careers/en-ir/about-pfizer,20220809015554.0,http://web.archive.org/web/20220809015554/https://www.pfizer.com/about/careers/en-ir/about-pfizer,20220701,found,,200.0,"ABOUT PFIZER | Pfizer About Pfizer A Commitment to Global Health At Pfizer, we apply science and our global resources to bring therapies to people that extend and significantly improve their lives. We strive to set the standard for quality, safety and value in the discovery, development and manufacture of health care products. Our global portfolio includes medicines and vaccines, as well as many of the world's best-known consumer health care products. Every day, Pfizer colleagues work across developed and emerging markets to advance wellness, prevention, treatments and cures that challenge the most feared diseases of our time. Consistent with our responsibility as one of the world's premier innovative biopharmaceutical companies, we collaborate with health care providers, governments and local communities to support and expand access to reliable, affordable health care around the world. For more than 150 years, Pfizer has worked to make a difference for all who rely on us. Our Mission and Purpose It's our mission to be the premier, innovative biopharmaceutical company, making breakthroughs that change patients’ lives. Good health is vital to all of us and finding sustainable solutions to the most pressing health care challenges of our world cannot wait. That's why we at Pfizer are committed to applying science and our global resources to improve health and well-being at every stage of life. We strive to provide access to safe, effective and affordable medicines and related health care services to the people who need them. We have a leading portfolio of products and medicines that support wellness and prevention, as well as treatment and cures for diseases across a broad range of therapeutic areas; and we have an industry-leading pipeline of promising new products that have the potential to challenge some of the most feared diseases of our time, like Alzheimer's disease and cancer. Join us and we can work together for a healthier world.",1969,success
PFE,Pfizer,Healthcare,2023,https://www.pfizer.com/about/careers/en-ir/about-pfizer,20230330021310.0,http://web.archive.org/web/20230330021310/https://www.pfizer.com/about/careers/en-ir/about-pfizer,20230701,found,,200.0,"ABOUT PFIZER | Pfizer About Pfizer A Commitment to Global Health At Pfizer, we apply science and our global resources to bring therapies to people that extend and significantly improve their lives. We strive to set the standard for quality, safety and value in the discovery, development and manufacture of health care products. Our global portfolio includes medicines and vaccines, as well as many of the world's best-known consumer health care products. Every day, Pfizer colleagues work across developed and emerging markets to advance wellness, prevention, treatments and cures that challenge the most feared diseases of our time. Consistent with our responsibility as one of the world's premier innovative biopharmaceutical companies, we collaborate with health care providers, governments and local communities to support and expand access to reliable, affordable health care around the world. For more than 150 years, Pfizer has worked to make a difference for all who rely on us. Our Mission and Purpose It's our mission to be the premier, innovative biopharmaceutical company, making breakthroughs that change patients’ lives. Good health is vital to all of us and finding sustainable solutions to the most pressing health care challenges of our world cannot wait. That's why we at Pfizer are committed to applying science and our global resources to improve health and well-being at every stage of life. We strive to provide access to safe, effective and affordable medicines and related health care services to the people who need them. We have a leading portfolio of products and medicines that support wellness and prevention, as well as treatment and cures for diseases across a broad range of therapeutic areas; and we have an industry-leading pipeline of promising new products that have the potential to challenge some of the most feared diseases of our time, like Alzheimer's disease and cancer. Join us and we can work together for a healthier world.",1969,success
PFE,Pfizer,Healthcare,2024,https://www.pfizer.com/about/careers/en-ir/about-pfizer,,,20240701,missing,No closest snapshot found from Wayback Availability API,,,0,missing_snapshot
MDT,Medtronic,Healthcare,2016,https://www.medtronic.com/en-us/our-company/mission.html,20241009040333.0,http://web.archive.org/web/20241009040333/https://www.medtronic.com/en-us/our-company/mission.html,20160701,found,,200.0,"Mission | Medtronic Skip to navigation Menu United States of America United States of America Healthcare Professionals Overview Products Overview Access Instruments Cardiac Rhythm & Diagnostics Cardiovascular Diabetes Digestive & Gastrointestinal Gynecological Hernia Repair Lung Health & Thoracic Surgery Neurological Patient Monitoring Respiratory Spinal & Orthopedic Surgical Energy Surgical Stapling Wound Closure Specialties Overview Acute Care & Monitoring Solutions Diabetes Electrophysiology Hernia Repair Surgery Interventional Cardiology Neurology Pain Management Spine Surgery Touch Surgery™ Ecosystem Services Overview Medtronic Financial Services Physician Collaboration Education & Training Overview Medtronic Academy Genius Academy MedEd Bytes MedEd Learning Experience Podcast Series MRI Resources Overview Implantable Cardiac Devices Reveal LINQ™ ICM MRI Conditions MR Conditional Search Tool Product Resources Overview Product Advisories & Performance Product Compatibility Product Stewardship External Research Program Reimbursement Overview Reimbursement Directory Ccode finder Cardiac Rhythm Management & Catheter Ablation Cardiovascular Diabetes Medical Surgical SpineLine™ Patients & Caregivers Overview Conditions Overview Overview Airway & Lung Brain Diabetes Digestive & Gastrointestinal Ear, Nose & Throat Gynecologic Health Heart & Vascular Kidney & Liver Pain Spine & Orthopedic Urinary Treatments & Therapies Overview Airway & Lung Brain Diabetes Digestive & Gastrointestinal Ear, Nose & Throat Gynecologic Health Heart & Vascular Kidney & Liver Mouth & Dental Pain Spine & Orthopedic Urinary Weight Loss & Obesity Medtronic Patient Services Overview Return Explanted Products Form Monitor Troubleshoot Request Product Returns & Replacements Electromagnetic Compatibility (EMC) Overview Communications & Office Equipment Frequently Asked Questions Household & Hobby Items Medical & Dental Procedures Tools & Industrial Equipment Additional Resources What Is a Humanitarian Device? MRI SureScan MRI Access Manage Your ID Card Overview Request New ID Card Health Monitoring Overview About Health Monitoring Personal Stories Interview Patient Resources Our Company Overview Who We Are Mission Governance Overview Overview Board & Committees Principles & Ethics Suppliers Grants & Donations Distributor Compliance Leadership Key Facts History Locations Careers Overview Culture Engineer Your Career Early Careers Inclusion & Diversity Our Impact Overview Our Impact Impact Reporting Health Equity Inclusion, Diversity & Equity Planet Communities Contact & Support Our mission Inspiring the extraordinary The Medtronic Mission has motivated us to do the extraordinary for 60 years — and counting. 1 To contribute to human welfare by application of biomedical engineering in the research, design, manufacture, and sale of instruments or appliances that alleviate pain, restore health, and extend life. 2 To direct our growth in the areas of biomedical engineering where we display maximum strength and ability; to gather people and facilities that tend to augment these areas; to continuously build on these areas through education and knowledge assimilation; to avoid participation in areas where we cannot make unique and worthy contributions. 3 To strive without reserve for the greatest possible reliability and quality in our products; to be the unsurpassed standard of comparison and to be recognized as a company of dedication, honesty, integrity, and service. 4 To make a fair profit on current operations to meet our obligations, sustain our growth, and reach our goals. 5 To recognize the personal worth of all employees by providing an employment framework that allows personal satisfaction in work accomplished, security, advancement opportunity, and means to share in the company's success. 6 To maintain good citizenship as a company. Careers Do meaningful work that changes lives — starting with your own Search jobs History Revolutionizing healthcare technology since 1949 Read on Who we are Engineering solutions for the world’s most challenging conditions Learn more Share Print Mail Link Facebook LinkedIn Close",4154,success
MDT,Medtronic,Healthcare,2017,https://www.medtronic.com/en-us/our-company/mission.html,,,20170701,missing,No closest snapshot found from Wayback Availability API,,,0,missing_snapshot
MDT,Medtronic,Healthcare,2018,https://www.medtronic.com/en-us/our-company/mission.html,,,20180701,missing,No closest snapshot found from Wayback Availability API,,,0,missing_snapshot
MDT,Medtronic,Healthcare,2019,https://www.medtronic.com/en-us/our-company/mission.html,20241009040333.0,http://web.archive.org/web/20241009040333/https://www.medtronic.com/en-us/our-company/mission.html,20190701,found,,200.0,"Mission | Medtronic Skip to navigation Menu United States of America United States of America Healthcare Professionals Overview Products Overview Access Instruments Cardiac Rhythm & Diagnostics Cardiovascular Diabetes Digestive & Gastrointestinal Gynecological Hernia Repair Lung Health & Thoracic Surgery Neurological Patient Monitoring Respiratory Spinal & Orthopedic Surgical Energy Surgical Stapling Wound Closure Specialties Overview Acute Care & Monitoring Solutions Diabetes Electrophysiology Hernia Repair Surgery Interventional Cardiology Neurology Pain Management Spine Surgery Touch Surgery™ Ecosystem Services Overview Medtronic Financial Services Physician Collaboration Education & Training Overview Medtronic Academy Genius Academy MedEd Bytes MedEd Learning Experience Podcast Series MRI Resources Overview Implantable Cardiac Devices Reveal LINQ™ ICM MRI Conditions MR Conditional Search Tool Product Resources Overview Product Advisories & Performance Product Compatibility Product Stewardship External Research Program Reimbursement Overview Reimbursement Directory Ccode finder Cardiac Rhythm Management & Catheter Ablation Cardiovascular Diabetes Medical Surgical SpineLine™ Patients & Caregivers Overview Conditions Overview Overview Airway & Lung Brain Diabetes Digestive & Gastrointestinal Ear, Nose & Throat Gynecologic Health Heart & Vascular Kidney & Liver Pain Spine & Orthopedic Urinary Treatments & Therapies Overview Airway & Lung Brain Diabetes Digestive & Gastrointestinal Ear, Nose & Throat Gynecologic Health Heart & Vascular Kidney & Liver Mouth & Dental Pain Spine & Orthopedic Urinary Weight Loss & Obesity Medtronic Patient Services Overview Return Explanted Products Form Monitor Troubleshoot Request Product Returns & Replacements Electromagnetic Compatibility (EMC) Overview Communications & Office Equipment Frequently Asked Questions Household & Hobby Items Medical & Dental Procedures Tools & Industrial Equipment Additional Resources What Is a Humanitarian Device? MRI SureScan MRI Access Manage Your ID Card Overview Request New ID Card Health Monitoring Overview About Health Monitoring Personal Stories Interview Patient Resources Our Company Overview Who We Are Mission Governance Overview Overview Board & Committees Principles & Ethics Suppliers Grants & Donations Distributor Compliance Leadership Key Facts History Locations Careers Overview Culture Engineer Your Career Early Careers Inclusion & Diversity Our Impact Overview Our Impact Impact Reporting Health Equity Inclusion, Diversity & Equity Planet Communities Contact & Support Our mission Inspiring the extraordinary The Medtronic Mission has motivated us to do the extraordinary for 60 years — and counting. 1 To contribute to human welfare by application of biomedical engineering in the research, design, manufacture, and sale of instruments or appliances that alleviate pain, restore health, and extend life. 2 To direct our growth in the areas of biomedical engineering where we display maximum strength and ability; to gather people and facilities that tend to augment these areas; to continuously build on these areas through education and knowledge assimilation; to avoid participation in areas where we cannot make unique and worthy contributions. 3 To strive without reserve for the greatest possible reliability and quality in our products; to be the unsurpassed standard of comparison and to be recognized as a company of dedication, honesty, integrity, and service. 4 To make a fair profit on current operations to meet our obligations, sustain our growth, and reach our goals. 5 To recognize the personal worth of all employees by providing an employment framework that allows personal satisfaction in work accomplished, security, advancement opportunity, and means to share in the company's success. 6 To maintain good citizenship as a company. Careers Do meaningful work that changes lives — starting with your own Search jobs History Revolutionizing healthcare technology since 1949 Read on Who we are Engineering solutions for the world’s most challenging conditions Learn more Share Print Mail Link Facebook LinkedIn Close",4154,success
MDT,Medtronic,Healthcare,2020,https://www.medtronic.com/en-us/our-company/mission.html,20241009040333.0,http://web.archive.org/web/20241009040333/https://www.medtronic.com/en-us/our-company/mission.html,20200701,found,,200.0,"Mission | Medtronic Skip to navigation Menu United States of America United States of America Healthcare Professionals Overview Products Overview Access Instruments Cardiac Rhythm & Diagnostics Cardiovascular Diabetes Digestive & Gastrointestinal Gynecological Hernia Repair Lung Health & Thoracic Surgery Neurological Patient Monitoring Respiratory Spinal & Orthopedic Surgical Energy Surgical Stapling Wound Closure Specialties Overview Acute Care & Monitoring Solutions Diabetes Electrophysiology Hernia Repair Surgery Interventional Cardiology Neurology Pain Management Spine Surgery Touch Surgery™ Ecosystem Services Overview Medtronic Financial Services Physician Collaboration Education & Training Overview Medtronic Academy Genius Academy MedEd Bytes MedEd Learning Experience Podcast Series MRI Resources Overview Implantable Cardiac Devices Reveal LINQ™ ICM MRI Conditions MR Conditional Search Tool Product Resources Overview Product Advisories & Performance Product Compatibility Product Stewardship External Research Program Reimbursement Overview Reimbursement Directory Ccode finder Cardiac Rhythm Management & Catheter Ablation Cardiovascular Diabetes Medical Surgical SpineLine™ Patients & Caregivers Overview Conditions Overview Overview Airway & Lung Brain Diabetes Digestive & Gastrointestinal Ear, Nose & Throat Gynecologic Health Heart & Vascular Kidney & Liver Pain Spine & Orthopedic Urinary Treatments & Therapies Overview Airway & Lung Brain Diabetes Digestive & Gastrointestinal Ear, Nose & Throat Gynecologic Health Heart & Vascular Kidney & Liver Mouth & Dental Pain Spine & Orthopedic Urinary Weight Loss & Obesity Medtronic Patient Services Overview Return Explanted Products Form Monitor Troubleshoot Request Product Returns & Replacements Electromagnetic Compatibility (EMC) Overview Communications & Office Equipment Frequently Asked Questions Household & Hobby Items Medical & Dental Procedures Tools & Industrial Equipment Additional Resources What Is a Humanitarian Device? MRI SureScan MRI Access Manage Your ID Card Overview Request New ID Card Health Monitoring Overview About Health Monitoring Personal Stories Interview Patient Resources Our Company Overview Who We Are Mission Governance Overview Overview Board & Committees Principles & Ethics Suppliers Grants & Donations Distributor Compliance Leadership Key Facts History Locations Careers Overview Culture Engineer Your Career Early Careers Inclusion & Diversity Our Impact Overview Our Impact Impact Reporting Health Equity Inclusion, Diversity & Equity Planet Communities Contact & Support Our mission Inspiring the extraordinary The Medtronic Mission has motivated us to do the extraordinary for 60 years — and counting. 1 To contribute to human welfare by application of biomedical engineering in the research, design, manufacture, and sale of instruments or appliances that alleviate pain, restore health, and extend life. 2 To direct our growth in the areas of biomedical engineering where we display maximum strength and ability; to gather people and facilities that tend to augment these areas; to continuously build on these areas through education and knowledge assimilation; to avoid participation in areas where we cannot make unique and worthy contributions. 3 To strive without reserve for the greatest possible reliability and quality in our products; to be the unsurpassed standard of comparison and to be recognized as a company of dedication, honesty, integrity, and service. 4 To make a fair profit on current operations to meet our obligations, sustain our growth, and reach our goals. 5 To recognize the personal worth of all employees by providing an employment framework that allows personal satisfaction in work accomplished, security, advancement opportunity, and means to share in the company's success. 6 To maintain good citizenship as a company. Careers Do meaningful work that changes lives — starting with your own Search jobs History Revolutionizing healthcare technology since 1949 Read on Who we are Engineering solutions for the world’s most challenging conditions Learn more Share Print Mail Link Facebook LinkedIn Close",4154,success
MDT,Medtronic,Healthcare,2021,https://www.medtronic.com/en-us/our-company/mission.html,,,20210701,missing,No closest snapshot found from Wayback Availability API,,,0,missing_snapshot
MDT,Medtronic,Healthcare,2022,https://www.medtronic.com/en-us/our-company/mission.html,,,20220701,missing,No closest snapshot found from Wayback Availability API,,,0,missing_snapshot
MDT,Medtronic,Healthcare,2023,https://www.medtronic.com/en-us/our-company/mission.html,20241009040333.0,http://web.archive.org/web/20241009040333/https://www.medtronic.com/en-us/our-company/mission.html,20230701,found,,200.0,"Mission | Medtronic Skip to navigation Menu United States of America United States of America Healthcare Professionals Overview Products Overview Access Instruments Cardiac Rhythm & Diagnostics Cardiovascular Diabetes Digestive & Gastrointestinal Gynecological Hernia Repair Lung Health & Thoracic Surgery Neurological Patient Monitoring Respiratory Spinal & Orthopedic Surgical Energy Surgical Stapling Wound Closure Specialties Overview Acute Care & Monitoring Solutions Diabetes Electrophysiology Hernia Repair Surgery Interventional Cardiology Neurology Pain Management Spine Surgery Touch Surgery™ Ecosystem Services Overview Medtronic Financial Services Physician Collaboration Education & Training Overview Medtronic Academy Genius Academy MedEd Bytes MedEd Learning Experience Podcast Series MRI Resources Overview Implantable Cardiac Devices Reveal LINQ™ ICM MRI Conditions MR Conditional Search Tool Product Resources Overview Product Advisories & Performance Product Compatibility Product Stewardship External Research Program Reimbursement Overview Reimbursement Directory Ccode finder Cardiac Rhythm Management & Catheter Ablation Cardiovascular Diabetes Medical Surgical SpineLine™ Patients & Caregivers Overview Conditions Overview Overview Airway & Lung Brain Diabetes Digestive & Gastrointestinal Ear, Nose & Throat Gynecologic Health Heart & Vascular Kidney & Liver Pain Spine & Orthopedic Urinary Treatments & Therapies Overview Airway & Lung Brain Diabetes Digestive & Gastrointestinal Ear, Nose & Throat Gynecologic Health Heart & Vascular Kidney & Liver Mouth & Dental Pain Spine & Orthopedic Urinary Weight Loss & Obesity Medtronic Patient Services Overview Return Explanted Products Form Monitor Troubleshoot Request Product Returns & Replacements Electromagnetic Compatibility (EMC) Overview Communications & Office Equipment Frequently Asked Questions Household & Hobby Items Medical & Dental Procedures Tools & Industrial Equipment Additional Resources What Is a Humanitarian Device? MRI SureScan MRI Access Manage Your ID Card Overview Request New ID Card Health Monitoring Overview About Health Monitoring Personal Stories Interview Patient Resources Our Company Overview Who We Are Mission Governance Overview Overview Board & Committees Principles & Ethics Suppliers Grants & Donations Distributor Compliance Leadership Key Facts History Locations Careers Overview Culture Engineer Your Career Early Careers Inclusion & Diversity Our Impact Overview Our Impact Impact Reporting Health Equity Inclusion, Diversity & Equity Planet Communities Contact & Support Our mission Inspiring the extraordinary The Medtronic Mission has motivated us to do the extraordinary for 60 years — and counting. 1 To contribute to human welfare by application of biomedical engineering in the research, design, manufacture, and sale of instruments or appliances that alleviate pain, restore health, and extend life. 2 To direct our growth in the areas of biomedical engineering where we display maximum strength and ability; to gather people and facilities that tend to augment these areas; to continuously build on these areas through education and knowledge assimilation; to avoid participation in areas where we cannot make unique and worthy contributions. 3 To strive without reserve for the greatest possible reliability and quality in our products; to be the unsurpassed standard of comparison and to be recognized as a company of dedication, honesty, integrity, and service. 4 To make a fair profit on current operations to meet our obligations, sustain our growth, and reach our goals. 5 To recognize the personal worth of all employees by providing an employment framework that allows personal satisfaction in work accomplished, security, advancement opportunity, and means to share in the company's success. 6 To maintain good citizenship as a company. Careers Do meaningful work that changes lives — starting with your own Search jobs History Revolutionizing healthcare technology since 1949 Read on Who we are Engineering solutions for the world’s most challenging conditions Learn more Share Print Mail Link Facebook LinkedIn Close",4154,success
MDT,Medtronic,Healthcare,2024,https://www.medtronic.com/en-us/our-company/mission.html,20241009040333.0,http://web.archive.org/web/20241009040333/https://www.medtronic.com/en-us/our-company/mission.html,20240701,found,,200.0,"Mission | Medtronic Skip to navigation Menu United States of America United States of America Healthcare Professionals Overview Products Overview Access Instruments Cardiac Rhythm & Diagnostics Cardiovascular Diabetes Digestive & Gastrointestinal Gynecological Hernia Repair Lung Health & Thoracic Surgery Neurological Patient Monitoring Respiratory Spinal & Orthopedic Surgical Energy Surgical Stapling Wound Closure Specialties Overview Acute Care & Monitoring Solutions Diabetes Electrophysiology Hernia Repair Surgery Interventional Cardiology Neurology Pain Management Spine Surgery Touch Surgery™ Ecosystem Services Overview Medtronic Financial Services Physician Collaboration Education & Training Overview Medtronic Academy Genius Academy MedEd Bytes MedEd Learning Experience Podcast Series MRI Resources Overview Implantable Cardiac Devices Reveal LINQ™ ICM MRI Conditions MR Conditional Search Tool Product Resources Overview Product Advisories & Performance Product Compatibility Product Stewardship External Research Program Reimbursement Overview Reimbursement Directory Ccode finder Cardiac Rhythm Management & Catheter Ablation Cardiovascular Diabetes Medical Surgical SpineLine™ Patients & Caregivers Overview Conditions Overview Overview Airway & Lung Brain Diabetes Digestive & Gastrointestinal Ear, Nose & Throat Gynecologic Health Heart & Vascular Kidney & Liver Pain Spine & Orthopedic Urinary Treatments & Therapies Overview Airway & Lung Brain Diabetes Digestive & Gastrointestinal Ear, Nose & Throat Gynecologic Health Heart & Vascular Kidney & Liver Mouth & Dental Pain Spine & Orthopedic Urinary Weight Loss & Obesity Medtronic Patient Services Overview Return Explanted Products Form Monitor Troubleshoot Request Product Returns & Replacements Electromagnetic Compatibility (EMC) Overview Communications & Office Equipment Frequently Asked Questions Household & Hobby Items Medical & Dental Procedures Tools & Industrial Equipment Additional Resources What Is a Humanitarian Device? MRI SureScan MRI Access Manage Your ID Card Overview Request New ID Card Health Monitoring Overview About Health Monitoring Personal Stories Interview Patient Resources Our Company Overview Who We Are Mission Governance Overview Overview Board & Committees Principles & Ethics Suppliers Grants & Donations Distributor Compliance Leadership Key Facts History Locations Careers Overview Culture Engineer Your Career Early Careers Inclusion & Diversity Our Impact Overview Our Impact Impact Reporting Health Equity Inclusion, Diversity & Equity Planet Communities Contact & Support Our mission Inspiring the extraordinary The Medtronic Mission has motivated us to do the extraordinary for 60 years — and counting. 1 To contribute to human welfare by application of biomedical engineering in the research, design, manufacture, and sale of instruments or appliances that alleviate pain, restore health, and extend life. 2 To direct our growth in the areas of biomedical engineering where we display maximum strength and ability; to gather people and facilities that tend to augment these areas; to continuously build on these areas through education and knowledge assimilation; to avoid participation in areas where we cannot make unique and worthy contributions. 3 To strive without reserve for the greatest possible reliability and quality in our products; to be the unsurpassed standard of comparison and to be recognized as a company of dedication, honesty, integrity, and service. 4 To make a fair profit on current operations to meet our obligations, sustain our growth, and reach our goals. 5 To recognize the personal worth of all employees by providing an employment framework that allows personal satisfaction in work accomplished, security, advancement opportunity, and means to share in the company's success. 6 To maintain good citizenship as a company. Careers Do meaningful work that changes lives — starting with your own Search jobs History Revolutionizing healthcare technology since 1949 Read on Who we are Engineering solutions for the world’s most challenging conditions Learn more Share Print Mail Link Facebook LinkedIn Close",4154,success
BMY,Bristol-Myers Squibb,Healthcare,2016,https://www.bms.com/about-us/our-impact.html,20240916160948.0,http://web.archive.org/web/20240916160948/https://www.bms.com/about-us/our-impact.html,20160701,found,,200.0,"Our impact - Bristol Myers Squibb Our impact At Bristol Myers Squibb, we work to transform patients’ lives through science. Our passion goes beyond discovering, developing and delivering innovative medicines. Through our environmental, social and governance (ESG) strategy, we seek to positively impact the communities where we live, work and serve around the world. Building a brighter future As global citizens, we work sustainably and responsibly to create a positive impact in the communities where we live and work. We recognize our impact goes beyond the discovery, development and delivery of innovative medicines and includes creating a high-performing, inclusive culture, protecting our environment, operating with effective governance and a sustainable supply chain. Download the ESG report Jump to: Transparency Position on key issues Universal patient language (UPL) Corporate giving Social progress Our approach We our committed to the health of people, society and the planet. Our approach is interconnected with our company's core strategy by focusing on these core pillars. Advancing patient health around the world Advancing patient health around the world by ensuring patients have equitable access to innovative medicines regardless of location or ability to pay. Expanding the boundaries of science Expanding the boundaries of science by addressing unmet patient needs while ensuring a more inclusive and sustainable future for clinical research. Fostering a high-performing and inclusive global workforce Fostering a high-performing and inclusive global workforce by ensuring that our people are at their best so that we can optimally deliver for our patients. Sustaining our planet and improving health Minimize impacts of our operations to preserve the planet for future generations. Our commitment to stakeholders Our patients and caregivers Our employees Our suppliers Our shareholders Our stories Discover our journey towards a sustainable future these inspiring stories of innovation and commitment ASPIRE: Our commitment to address health inequities in low- and middle-income countries > Building a better future: Bristol Myers Squibb 2023 ESG report > Our journey to reduce Scope 3 emissions >",2222,success
BMY,Bristol-Myers Squibb,Healthcare,2017,https://www.bms.com/about-us/our-impact.html,20240916160948.0,http://web.archive.org/web/20240916160948/https://www.bms.com/about-us/our-impact.html,20170701,found,,200.0,"Our impact - Bristol Myers Squibb Our impact At Bristol Myers Squibb, we work to transform patients’ lives through science. Our passion goes beyond discovering, developing and delivering innovative medicines. Through our environmental, social and governance (ESG) strategy, we seek to positively impact the communities where we live, work and serve around the world. Building a brighter future As global citizens, we work sustainably and responsibly to create a positive impact in the communities where we live and work. We recognize our impact goes beyond the discovery, development and delivery of innovative medicines and includes creating a high-performing, inclusive culture, protecting our environment, operating with effective governance and a sustainable supply chain. Download the ESG report Jump to: Transparency Position on key issues Universal patient language (UPL) Corporate giving Social progress Our approach We our committed to the health of people, society and the planet. Our approach is interconnected with our company's core strategy by focusing on these core pillars. Advancing patient health around the world Advancing patient health around the world by ensuring patients have equitable access to innovative medicines regardless of location or ability to pay. Expanding the boundaries of science Expanding the boundaries of science by addressing unmet patient needs while ensuring a more inclusive and sustainable future for clinical research. Fostering a high-performing and inclusive global workforce Fostering a high-performing and inclusive global workforce by ensuring that our people are at their best so that we can optimally deliver for our patients. Sustaining our planet and improving health Minimize impacts of our operations to preserve the planet for future generations. Our commitment to stakeholders Our patients and caregivers Our employees Our suppliers Our shareholders Our stories Discover our journey towards a sustainable future these inspiring stories of innovation and commitment ASPIRE: Our commitment to address health inequities in low- and middle-income countries > Building a better future: Bristol Myers Squibb 2023 ESG report > Our journey to reduce Scope 3 emissions >",2222,success
BMY,Bristol-Myers Squibb,Healthcare,2018,https://www.bms.com/about-us/our-impact.html,20240916160948.0,http://web.archive.org/web/20240916160948/https://www.bms.com/about-us/our-impact.html,20180701,found,,200.0,"Our impact - Bristol Myers Squibb Our impact At Bristol Myers Squibb, we work to transform patients’ lives through science. Our passion goes beyond discovering, developing and delivering innovative medicines. Through our environmental, social and governance (ESG) strategy, we seek to positively impact the communities where we live, work and serve around the world. Building a brighter future As global citizens, we work sustainably and responsibly to create a positive impact in the communities where we live and work. We recognize our impact goes beyond the discovery, development and delivery of innovative medicines and includes creating a high-performing, inclusive culture, protecting our environment, operating with effective governance and a sustainable supply chain. Download the ESG report Jump to: Transparency Position on key issues Universal patient language (UPL) Corporate giving Social progress Our approach We our committed to the health of people, society and the planet. Our approach is interconnected with our company's core strategy by focusing on these core pillars. Advancing patient health around the world Advancing patient health around the world by ensuring patients have equitable access to innovative medicines regardless of location or ability to pay. Expanding the boundaries of science Expanding the boundaries of science by addressing unmet patient needs while ensuring a more inclusive and sustainable future for clinical research. Fostering a high-performing and inclusive global workforce Fostering a high-performing and inclusive global workforce by ensuring that our people are at their best so that we can optimally deliver for our patients. Sustaining our planet and improving health Minimize impacts of our operations to preserve the planet for future generations. Our commitment to stakeholders Our patients and caregivers Our employees Our suppliers Our shareholders Our stories Discover our journey towards a sustainable future these inspiring stories of innovation and commitment ASPIRE: Our commitment to address health inequities in low- and middle-income countries > Building a better future: Bristol Myers Squibb 2023 ESG report > Our journey to reduce Scope 3 emissions >",2222,success
BMY,Bristol-Myers Squibb,Healthcare,2019,https://www.bms.com/about-us/our-impact.html,20240916160948.0,http://web.archive.org/web/20240916160948/https://www.bms.com/about-us/our-impact.html,20190701,found,,200.0,"Our impact - Bristol Myers Squibb Our impact At Bristol Myers Squibb, we work to transform patients’ lives through science. Our passion goes beyond discovering, developing and delivering innovative medicines. Through our environmental, social and governance (ESG) strategy, we seek to positively impact the communities where we live, work and serve around the world. Building a brighter future As global citizens, we work sustainably and responsibly to create a positive impact in the communities where we live and work. We recognize our impact goes beyond the discovery, development and delivery of innovative medicines and includes creating a high-performing, inclusive culture, protecting our environment, operating with effective governance and a sustainable supply chain. Download the ESG report Jump to: Transparency Position on key issues Universal patient language (UPL) Corporate giving Social progress Our approach We our committed to the health of people, society and the planet. Our approach is interconnected with our company's core strategy by focusing on these core pillars. Advancing patient health around the world Advancing patient health around the world by ensuring patients have equitable access to innovative medicines regardless of location or ability to pay. Expanding the boundaries of science Expanding the boundaries of science by addressing unmet patient needs while ensuring a more inclusive and sustainable future for clinical research. Fostering a high-performing and inclusive global workforce Fostering a high-performing and inclusive global workforce by ensuring that our people are at their best so that we can optimally deliver for our patients. Sustaining our planet and improving health Minimize impacts of our operations to preserve the planet for future generations. Our commitment to stakeholders Our patients and caregivers Our employees Our suppliers Our shareholders Our stories Discover our journey towards a sustainable future these inspiring stories of innovation and commitment ASPIRE: Our commitment to address health inequities in low- and middle-income countries > Building a better future: Bristol Myers Squibb 2023 ESG report > Our journey to reduce Scope 3 emissions >",2222,success
BMY,Bristol-Myers Squibb,Healthcare,2020,https://www.bms.com/about-us/our-impact.html,,,20200701,missing,No closest snapshot found from Wayback Availability API,,,0,missing_snapshot
BMY,Bristol-Myers Squibb,Healthcare,2021,https://www.bms.com/about-us/our-impact.html,20240916160948.0,http://web.archive.org/web/20240916160948/https://www.bms.com/about-us/our-impact.html,20210701,found,,200.0,"Our impact - Bristol Myers Squibb Our impact At Bristol Myers Squibb, we work to transform patients’ lives through science. Our passion goes beyond discovering, developing and delivering innovative medicines. Through our environmental, social and governance (ESG) strategy, we seek to positively impact the communities where we live, work and serve around the world. Building a brighter future As global citizens, we work sustainably and responsibly to create a positive impact in the communities where we live and work. We recognize our impact goes beyond the discovery, development and delivery of innovative medicines and includes creating a high-performing, inclusive culture, protecting our environment, operating with effective governance and a sustainable supply chain. Download the ESG report Jump to: Transparency Position on key issues Universal patient language (UPL) Corporate giving Social progress Our approach We our committed to the health of people, society and the planet. Our approach is interconnected with our company's core strategy by focusing on these core pillars. Advancing patient health around the world Advancing patient health around the world by ensuring patients have equitable access to innovative medicines regardless of location or ability to pay. Expanding the boundaries of science Expanding the boundaries of science by addressing unmet patient needs while ensuring a more inclusive and sustainable future for clinical research. Fostering a high-performing and inclusive global workforce Fostering a high-performing and inclusive global workforce by ensuring that our people are at their best so that we can optimally deliver for our patients. Sustaining our planet and improving health Minimize impacts of our operations to preserve the planet for future generations. Our commitment to stakeholders Our patients and caregivers Our employees Our suppliers Our shareholders Our stories Discover our journey towards a sustainable future these inspiring stories of innovation and commitment ASPIRE: Our commitment to address health inequities in low- and middle-income countries > Building a better future: Bristol Myers Squibb 2023 ESG report > Our journey to reduce Scope 3 emissions >",2222,success
BMY,Bristol-Myers Squibb,Healthcare,2022,https://www.bms.com/about-us/our-impact.html,,,20220701,missing,No closest snapshot found from Wayback Availability API,,,0,missing_snapshot
BMY,Bristol-Myers Squibb,Healthcare,2023,https://www.bms.com/about-us/our-impact.html,20240916160948.0,http://web.archive.org/web/20240916160948/https://www.bms.com/about-us/our-impact.html,20230701,found,,200.0,"Our impact - Bristol Myers Squibb Our impact At Bristol Myers Squibb, we work to transform patients’ lives through science. Our passion goes beyond discovering, developing and delivering innovative medicines. Through our environmental, social and governance (ESG) strategy, we seek to positively impact the communities where we live, work and serve around the world. Building a brighter future As global citizens, we work sustainably and responsibly to create a positive impact in the communities where we live and work. We recognize our impact goes beyond the discovery, development and delivery of innovative medicines and includes creating a high-performing, inclusive culture, protecting our environment, operating with effective governance and a sustainable supply chain. Download the ESG report Jump to: Transparency Position on key issues Universal patient language (UPL) Corporate giving Social progress Our approach We our committed to the health of people, society and the planet. Our approach is interconnected with our company's core strategy by focusing on these core pillars. Advancing patient health around the world Advancing patient health around the world by ensuring patients have equitable access to innovative medicines regardless of location or ability to pay. Expanding the boundaries of science Expanding the boundaries of science by addressing unmet patient needs while ensuring a more inclusive and sustainable future for clinical research. Fostering a high-performing and inclusive global workforce Fostering a high-performing and inclusive global workforce by ensuring that our people are at their best so that we can optimally deliver for our patients. Sustaining our planet and improving health Minimize impacts of our operations to preserve the planet for future generations. Our commitment to stakeholders Our patients and caregivers Our employees Our suppliers Our shareholders Our stories Discover our journey towards a sustainable future these inspiring stories of innovation and commitment ASPIRE: Our commitment to address health inequities in low- and middle-income countries > Building a better future: Bristol Myers Squibb 2023 ESG report > Our journey to reduce Scope 3 emissions >",2222,success
BMY,Bristol-Myers Squibb,Healthcare,2024,https://www.bms.com/about-us/our-impact.html,,,20240701,missing,No closest snapshot found from Wayback Availability API,,,0,missing_snapshot
AMZN,Amazon,Consumer Discretionary,2016,https://www.aboutamazon.com/about-us,,,20160701,missing,No closest snapshot found from Wayback Availability API,,,0,missing_snapshot
AMZN,Amazon,Consumer Discretionary,2017,https://www.aboutamazon.com/about-us,20201124040148.0,http://web.archive.org/web/20201124040148/https://www.aboutamazon.com/about-us,20170701,found,,200.0,"Who we are Who We Are Our mission is to be Earth’s most customer-centric company. Amazon is guided by four principles: customer obsession rather than competitor focus, passion for invention, commitment to operational excellence, and long-term thinking. Customer reviews, 1-Click shopping, personalized recommendations, Prime, Fulfillment by Amazon, AWS, Kindle Direct Publishing, Kindle, Fire tablets, Fire TV, Amazon Echo, and Alexa are some of the products and services pioneered by Amazon. Leadership Principles Our Leadership Principles are more than inspirational wall hangings. The 14 principles guide our discussions and decisions every day. Learn more Our Positions While our positions are carefully considered and deeply held, there is much room for healthy debate and differing opinions. We hope being clear about our positions is helpful. Learn more Awards & Recognition We are honored to be recognized for the work we do on behalf of our customers, employees, and communities every day. Learn more Amazon’s “Day 1�? mentality is our approach of doing everything with the energy and entrepreneurial spirit of a new organization on its first day. Working to earn and keep our customers’ trust is the single biggest driver of Amazon’s Day 1 approach. One example that illustrates our mindset is Amazon’s decision-making process that asks employees to consider whether an action is a one-way door—consequential and nearly irreversible—or a two-way door because it is easy to change course and go back. Discover more about who we are through our Annual Letters to Shareholders from 1997 through today . Workplace How a door became a desk, and a symbol of Amazon Today, Amazon offices around the world are filled with door desks, based on Bezos’ early design. Watch now More from Amazon Operations How we ramped up onsite COVID-19 testing for Amazon employees Learn more October 21, 2020 Company news Amazon’s COVID-19 blog: updates on how we’re responding to the crisis Learn more October 21, 2020 Policy news & views Fringe notions on antitrust would destroy small businesses and hurt consumers Learn more October 06, 2020 How Amazon works How customers get to pick the winners in Amazon’s Store Learn more September 28, 2020 How Amazon works Supporting small businesses with tools, insights, and data Learn more September 25, 2020 Company news One of the world’s leading marketing executives joins Amazon Learn more September 24, 2020 Company news Everything you need to know to vote Learn more September 21, 2020 How Amazon works How Amazon automated work for employees’ benefit Learn more September 17, 2020 How Amazon works Fact check: sizing up Amazon Learn more September 15, 2020 Back to Amazon us au br ca cn de fr in it jp mx nl es uk us",2754,success
AMZN,Amazon,Consumer Discretionary,2018,https://www.aboutamazon.com/about-us,20201124040148.0,http://web.archive.org/web/20201124040148/https://www.aboutamazon.com/about-us,20180701,found,,200.0,"Who we are Who We Are Our mission is to be Earth’s most customer-centric company. Amazon is guided by four principles: customer obsession rather than competitor focus, passion for invention, commitment to operational excellence, and long-term thinking. Customer reviews, 1-Click shopping, personalized recommendations, Prime, Fulfillment by Amazon, AWS, Kindle Direct Publishing, Kindle, Fire tablets, Fire TV, Amazon Echo, and Alexa are some of the products and services pioneered by Amazon. Leadership Principles Our Leadership Principles are more than inspirational wall hangings. The 14 principles guide our discussions and decisions every day. Learn more Our Positions While our positions are carefully considered and deeply held, there is much room for healthy debate and differing opinions. We hope being clear about our positions is helpful. Learn more Awards & Recognition We are honored to be recognized for the work we do on behalf of our customers, employees, and communities every day. Learn more Amazon’s “Day 1�? mentality is our approach of doing everything with the energy and entrepreneurial spirit of a new organization on its first day. Working to earn and keep our customers’ trust is the single biggest driver of Amazon’s Day 1 approach. One example that illustrates our mindset is Amazon’s decision-making process that asks employees to consider whether an action is a one-way door—consequential and nearly irreversible—or a two-way door because it is easy to change course and go back. Discover more about who we are through our Annual Letters to Shareholders from 1997 through today . Workplace How a door became a desk, and a symbol of Amazon Today, Amazon offices around the world are filled with door desks, based on Bezos’ early design. Watch now More from Amazon Operations How we ramped up onsite COVID-19 testing for Amazon employees Learn more October 21, 2020 Company news Amazon’s COVID-19 blog: updates on how we’re responding to the crisis Learn more October 21, 2020 Policy news & views Fringe notions on antitrust would destroy small businesses and hurt consumers Learn more October 06, 2020 How Amazon works How customers get to pick the winners in Amazon’s Store Learn more September 28, 2020 How Amazon works Supporting small businesses with tools, insights, and data Learn more September 25, 2020 Company news One of the world’s leading marketing executives joins Amazon Learn more September 24, 2020 Company news Everything you need to know to vote Learn more September 21, 2020 How Amazon works How Amazon automated work for employees’ benefit Learn more September 17, 2020 How Amazon works Fact check: sizing up Amazon Learn more September 15, 2020 Back to Amazon us au br ca cn de fr in it jp mx nl es uk us",2754,success
AMZN,Amazon,Consumer Discretionary,2019,https://www.aboutamazon.com/about-us,20201124040148.0,http://web.archive.org/web/20201124040148/https://www.aboutamazon.com/about-us,20190701,found,,200.0,"Who we are Who We Are Our mission is to be Earth’s most customer-centric company. Amazon is guided by four principles: customer obsession rather than competitor focus, passion for invention, commitment to operational excellence, and long-term thinking. Customer reviews, 1-Click shopping, personalized recommendations, Prime, Fulfillment by Amazon, AWS, Kindle Direct Publishing, Kindle, Fire tablets, Fire TV, Amazon Echo, and Alexa are some of the products and services pioneered by Amazon. Leadership Principles Our Leadership Principles are more than inspirational wall hangings. The 14 principles guide our discussions and decisions every day. Learn more Our Positions While our positions are carefully considered and deeply held, there is much room for healthy debate and differing opinions. We hope being clear about our positions is helpful. Learn more Awards & Recognition We are honored to be recognized for the work we do on behalf of our customers, employees, and communities every day. Learn more Amazon’s “Day 1�? mentality is our approach of doing everything with the energy and entrepreneurial spirit of a new organization on its first day. Working to earn and keep our customers’ trust is the single biggest driver of Amazon’s Day 1 approach. One example that illustrates our mindset is Amazon’s decision-making process that asks employees to consider whether an action is a one-way door—consequential and nearly irreversible—or a two-way door because it is easy to change course and go back. Discover more about who we are through our Annual Letters to Shareholders from 1997 through today . Workplace How a door became a desk, and a symbol of Amazon Today, Amazon offices around the world are filled with door desks, based on Bezos’ early design. Watch now More from Amazon Operations How we ramped up onsite COVID-19 testing for Amazon employees Learn more October 21, 2020 Company news Amazon’s COVID-19 blog: updates on how we’re responding to the crisis Learn more October 21, 2020 Policy news & views Fringe notions on antitrust would destroy small businesses and hurt consumers Learn more October 06, 2020 How Amazon works How customers get to pick the winners in Amazon’s Store Learn more September 28, 2020 How Amazon works Supporting small businesses with tools, insights, and data Learn more September 25, 2020 Company news One of the world’s leading marketing executives joins Amazon Learn more September 24, 2020 Company news Everything you need to know to vote Learn more September 21, 2020 How Amazon works How Amazon automated work for employees’ benefit Learn more September 17, 2020 How Amazon works Fact check: sizing up Amazon Learn more September 15, 2020 Back to Amazon us au br ca cn de fr in it jp mx nl es uk us",2754,success
AMZN,Amazon,Consumer Discretionary,2020,https://www.aboutamazon.com/about-us,,,20200701,missing,No closest snapshot found from Wayback Availability API,,,0,missing_snapshot
AMZN,Amazon,Consumer Discretionary,2021,https://www.aboutamazon.com/about-us,,,20210701,missing,No closest snapshot found from Wayback Availability API,,,0,missing_snapshot
AMZN,Amazon,Consumer Discretionary,2022,https://www.aboutamazon.com/about-us,20220701195656.0,http://web.archive.org/web/20220701195656/https://www.aboutamazon.com/about-us,20220701,found,,200.0,"Who we are | Amazon Who We Are Amazon is guided by four principles: customer obsession rather than competitor focus, passion for invention, commitment to operational excellence, and long-term thinking. Amazon strives to be Earth’s most customer-centric company, Earth’s best employer, and Earth’s safest place to work. Customer reviews, 1-Click shopping, personalized recommendations, Prime, Fulfillment by Amazon, AWS, Kindle Direct Publishing, Kindle, Career Choice, Fire tablets, Fire TV, Amazon Echo, Alexa, Just Walk Out technology, Amazon Studios, and The Climate Pledge are some of the things pioneered by Amazon. Leadership Principles Our Leadership Principles are more than inspirational wall hangings. The 16 principles guide our discussions and decisions every day. Learn more Our Positions While our positions are carefully considered and deeply held, there is much room for healthy debate and differing opinions. We hope being clear about our positions is helpful. Learn more Awards and Recognition We are honored to be recognized for the work we do on behalf of our customers, employees, and communities every day. Learn more Amazon’s “Day 1” mentality is our approach of doing everything with the energy and entrepreneurial spirit of a new organization on its first day. Working to earn and keep our customers’ trust is the single biggest driver of Amazon’s Day 1 approach. Amazon’s decision-making process that asks employees to consider whether an action is a one-way door—consequential and nearly irreversible—or a two-way door, easy to change course and go back. Discover more about who we are through our Annual Letters to Shareholders from 1997 through today . Workplace At Amazon, $15 is just the start All Amazon employees earn at least $15 an hour—and more in areas where the cost of living is higher. We invest in employee career growth—including fully paid college tuition—and offer regular, full-time employees benefits like health care on day one, and paid family leave. Learn more More from Amazon Workplace 25,000+ Amazon employees have joined Career Choice in 2022 Read more Company news Amazon CEO announces Doug Herrington as CEO of Worldwide Amazon Stores Read more Workplace Amazon employee traces ancestral roots to mark Juneteenth Read more Workplace This Amazon family shows why paid parental leave is so important Read more Workplace Meet the illustrator bringing Amazon's 2022 Pride celebration to life Read more Company news Amazon CEO of Worldwide Consumer, Dave Clark, resigns after 23 years Read more Workplace What an Amazon internship looks like Read more Workplace View Amazon’s Israel Gender Pay Gap Report Read more Workplace Follow this Amazon employee's 17-year career Read more Back to Amazon us au br ca cn de fr in it jp mx nl es uk us sg uae sa tr se",2805,success
AMZN,Amazon,Consumer Discretionary,2023,https://www.aboutamazon.com/about-us,20230701061232.0,http://web.archive.org/web/20230701061232/https://www.aboutamazon.com/about-us,20230701,found,,200.0,"Who we are | About Amazon Who We Are Amazon is guided by four principles: customer obsession rather than competitor focus, passion for invention, commitment to operational excellence, and long-term thinking. Amazon strives to be Earth’s most customer-centric company, Earth’s best employer, and Earth’s safest place to work. Customer reviews, 1-Click shopping, personalized recommendations, Prime, Fulfillment by Amazon, AWS, Kindle Direct Publishing, Kindle, Career Choice, Fire tablets, Fire TV, Amazon Echo, Alexa, Just Walk Out technology, Amazon Studios, and The Climate Pledge are some of the things pioneered by Amazon. Leadership Principles Our Leadership Principles are more than inspirational wall hangings. The 16 principles guide our discussions and decisions every day. Learn more Our Positions While our positions are carefully considered and deeply held, there is much room for healthy debate and differing opinions. We hope being clear about our positions is helpful. Learn more Public Policy We engage with policymakers on a wide range of issues that are important to our customers and employees. Learn more about our views on current policy issues. Learn more Awards and Recognition We are honored to be recognized for the work we do on behalf of our customers, employees, and communities every day. Learn more Amazon’s “Day 1” mentality is our approach of doing everything with the energy and entrepreneurial spirit of a new organization on its first day. Working to earn and keep our customers’ trust is the single biggest driver of Amazon’s Day 1 approach. Amazon’s decision-making process that asks employees to consider whether an action is a one-way door—consequential and nearly irreversible—or a two-way door, easy to change course and go back. Discover more about who we are through our Annual Letters to Shareholders from 1997 through today . CEO Andy Jassy’s 2022 Letter to Shareholders Read more More from Amazon Workplace I help Amazon find opportunities to support local nonprofits in Puget Sound. Here are 5 tips to make a difference in your community. Read more Workplace How Amazon is supporting employees and families during cancer diagnosis, treatment, and recovery Read more Company news How to win a $5 Amazon.com Gift Card, just by signing up for the Amazon News newsletter Read more Workplace 5 Black leaders at Amazon share their best career advice Read more Workplace An update from Amazon VP Candi Castleberry on our diversity, equity, and inclusion work Read more Workplace Amazon commits to hiring 5,000 refugees in Europe over the next three years Read more Workplace I brought Amazon’s LGBTQIA+ affinity group to 100+ fulfillment centers around the world. Here are my 5 favorite tips to drive positive change. Read more Workplace I oversee 1500 employees at an Amazon fulfillment center in Spain. These are 5 leadership qualities I focus on every day. Read more Workplace I'm a leader on Amazon's Last Mile Delivery team. These are 6 lessons I've learned in my career. Read more Back to Amazon us au br ca cn de fr in it jp mx nl es uk us sg uae sa tr se",3102,success
AMZN,Amazon,Consumer Discretionary,2024,https://www.aboutamazon.com/about-us,20240703063930.0,http://web.archive.org/web/20240703063930/https://www.aboutamazon.com/about-us,20240701,found,,200.0,"Who we are | About Amazon Who We Are Amazon is guided by four principles: customer obsession rather than competitor focus, passion for invention, commitment to operational excellence, and long-term thinking. Amazon strives to be Earth’s most customer-centric company, Earth’s best employer, and Earth’s safest place to work. Customer reviews, 1-Click shopping, personalized recommendations, Prime, Fulfillment by Amazon, AWS, Kindle Direct Publishing, Kindle, Career Choice, Fire tablets, Fire TV, Amazon Echo, Alexa, Just Walk Out technology, Amazon Studios, and The Climate Pledge are some of the things pioneered by Amazon. Amazon Leadership Principles Our Leadership Principles are more than inspirational wall hangings. The 16 principles guide our discussions and decisions every day. Learn more Our Positions While our positions are carefully considered and deeply held, there is much room for healthy debate and differing opinions. We hope being clear about our positions is helpful. Learn more Public Policy We engage with policymakers on a wide range of issues that are important to our customers and employees. Learn more about our views on current policy issues. Learn more Our Reports Dive deep into Amazon's support of employees and small businesses, and learn more about our efforts to build stronger communities and protect the planet. Read more Awards and Recognition We are honored to be recognized for the work we do on behalf of our customers, employees, and communities every day. Learn more Amazon’s “Day 1” mentality is our approach of doing everything with the energy and entrepreneurial spirit of a new organization on its first day. Working to earn and keep our customers’ trust is the single biggest driver of Amazon’s Day 1 approach. Amazon’s decision-making process that asks employees to consider whether an action is a one-way door—consequential and nearly irreversible—or a two-way door, easy to change course and go back. Discover more about who we are through our Annual Letters to Shareholders from 1997 through today . CEO Andy Jassy’s 2023 Letter to Shareholders Read more More Amazon News Workplace I lead HR at Amazon. Here are 3 career-building tips based on the company's Leadership Principles Read more Workplace 4 Amazon executives share their best leadership tips and career lessons Read more Workplace I recently interviewed for a job at Amazon. Here are 3 surprising things I learned along the way. Read more Workplace Amazon’s S-team: Meet the 30 members who make up our senior leadership team Read more Workplace I was featured in an Amazon ad after changing careers and doubling my salary—here’s what it was like to shoot my commercial Read more Company news Amazon CEO Andy Jassy shares 2 keys to success: have a great attitude, and ‘be an incredibly ravenous learner’ Read more Company news An update from incoming AWS CEO Matt Garman on AWS leadership structure Read more Workplace 8 interview tips from Amazon Bar Raisers to help you clinch the job Read more Workplace Inside the mind of the TikTok pro who drove 20 million+ followers to the Prime Video account Read more Back to Amazon us au br ca cn de fr in it jp mx nl es uk us sg uae sa tr se",3199,success
TSLA,Tesla,Consumer Discretionary,2016,https://www.tesla.com/about,,,20160701,missing,No closest snapshot found from Wayback Availability API,,,0,missing_snapshot
TSLA,Tesla,Consumer Discretionary,2017,https://www.tesla.com/about,20170709165442.0,http://web.archive.org/web/20170709165442/https://www.tesla.com/about/,20170701,found,,200.0,"About Tesla | Tesla Tesla’s mission is to accelerate the world’s transition to sustainable energy. Tesla was founded in 2003 by a group of engineers in Silicon Valley who wanted to prove that electric cars could be better than gasoline-powered cars. With instant torque, incredible power, and zero emissions, Tesla’s products would be cars without compromise. Each new generation would be increasingly affordable, helping the company work towards its mission: to accelerate the world’s transition to sustainable energy. Tesla’s engineers first designed a powertrain for a sports car built around an AC induction motor, patented in 1888 by Nikola Tesla, the inventor who inspired the company’s name. The resulting Tesla Roadster was launched in 2008. Accelerating from 0 to 60 mph in 3.7 seconds and achieving a range of 245 miles per charge of its lithium ion battery, the Roadster set a new standard for electric mobility. Tesla would sell more than 2,400 Roadsters, now on the road in more than 30 countries. In 2012, Tesla launched Model S, the world’s first premium electric sedan. Built from the ground up to be 100 percent electric, Model S has redefined the very concept of a four-door car. With room for seven passengers and more than 64 cubic feet of storage, Model S provides the comfort and utility of a family sedan while achieving the acceleration of a sports car: 0 to 60 mph in about five seconds. Its flat battery pack is integrated into the chassis and sits below the occupant cabin, lending the car a low center of gravity that enables outstanding road holding and handling while driving 265 miles per charge. Model S was named Motor Trend’s 2013 Car of the Year and achieved a 5-star safety rating from the U.S. National Highway Traffic Safety Administration. In late 2014, Tesla CEO Elon Musk unveiled two dual motor all-wheel drive configurations of Model S that further improve the vehicle’s handling and performance. The 85D features a high efficiency motor at the front and rear, giving the car unparalleled control of traction in all conditions. The P85D pairs a high efficiency front motor with a performance rear motor for supercar acceleration, achieving a 0 to 60 mph time of 3.2 seconds – the fastest four-door production car ever made. Tesla owners enjoy the benefit of charging at home so they never have to visit a gas station or spend a cent on gasoline. For long distance journeys, Tesla’s Supercharger network provides convenient access to high speed charging, replenishing half a charge in as little as 20 minutes. Superchargers now connect popular routes in North America, Europe, and Asia Pacific. Tesla’s vehicles are produced at its factory in Fremont, California, previously home to New United Motor Manufacturing Inc., a joint venture between Toyota and General Motors. The Tesla Factory has returned thousands of jobs to the area and is capable of producing 2,000 cars a week. The company is expanding its manufacturing footprint into other areas, including in Tilburg, the Netherlands, where it has an assembly facility, and Lathrop, California, where it has a specialized production plant. To reduce the costs of lithium ion battery packs, Tesla and key strategic partners including Panasonic have begun construction of a gigafactory in Nevada that will facilitate the production of a mass-market affordable vehicle, Model 3. By 2018, the gigafactory will produce more lithium ion cells than all of the world’s combined output in 2013. The gigafactory will also produce battery packs intended for use in stationary storage, helping to improve robustness of the electrical grid, reduce energy costs for businesses and residences, and provide a backup supply of power. Tesla is not just an automaker, but also a technology and design company with a focus on energy innovation. Press North America Press@tesla.com Europe EUPress@tesla.com Australia and Asia APACPress@tesla.com China China-Press@tesla.com South Korea KR_Press@tesla.com Media Model S Video: Model S in Norway (.mov 256MB) Roadster Tesla Superchargers Tesla Stores and Service Centers Tesla Factory in Fremont, California Branding Close User login Close Become a Tesla Insider",4185,success
TSLA,Tesla,Consumer Discretionary,2018,https://www.tesla.com/about,,,20180701,missing,No closest snapshot found from Wayback Availability API,,,0,missing_snapshot
TSLA,Tesla,Consumer Discretionary,2019,https://www.tesla.com/about,20190702011047.0,http://web.archive.org/web/20190702011047/https://www.tesla.com/about,20190701,found,,200.0,"About Tesla | Tesla × ▾ English Nederlands Français Deutsch English English Change language Tesla’s mission is to accelerate the world’s transition to sustainable energy. Tesla was founded in 2003 by a group of engineers who wanted to prove that people didn’t need to compromise to drive electric – that electric vehicles can be better, quicker and more fun to drive than gasoline cars. Today, Tesla builds not only all-electric vehicles but also infinitely scalable clean energy generation and storage products. Tesla believes the faster the world stops relying on fossil fuels and moves towards a zero-emission future, the better. Launched in 2008, the Roadster unveiled Tesla’s cutting-edge battery technology and electric powertrain. From there, Tesla designed the world’s first ever premium all-electric sedan from the ground up – Model S – which has become the best car in its class in every category. Combining safety, performance, and efficiency, Model S has reset the world’s expectations for the car of the 21st century with the longest range of any electric vehicle, over-the-air software updates that make it better over time, and a record 0-60 mph acceleration time of 2.28 seconds as measured by Motor Trend. In 2015, Tesla expanded its product line with Model X , the safest, quickest and most capable sport utility vehicle in history that holds 5-star safety ratings across every category from the National Highway Traffic Safety Administration. Completing CEO Elon Musk’s “ Secret Master Plan ,” in 2016, Tesla introduced Model 3 , a low-priced, high-volume electric vehicle that began production in 2017. Soon after, Tesla unveiled the safest, most comfortable truck ever – Tesla Semi – which is designed to save owners at least $200,000 over a million miles based on fuel costs alone. All Tesla vehicles are produced at its factory in Fremont, California, where the vast majority of the vehicle’s components are also made. To achieve our goal of having the safest factories in the world, Tesla is taking a proactive approach to safety, requiring production employees to participate in a multi-day training program before ever setting foot on the factory floor. From there, Tesla continues to provide on-the-job training and track performance daily so that improvements can be made quickly. The result is that Tesla’s safety rate continues to improve while Model 3 production ramps. To create an entire sustainable energy ecosystem, Tesla also manufactures a unique set of energy solutions, Powerwall , Powerpack and Solar Roof , enabling homeowners, businesses, and utilities to manage renewable energy generation, storage, and consumption. Supporting Tesla’s automotive and energy products is Gigafactory 1 – a facility designed to significantly reduce battery cell costs. By bringing cell production in-house, Tesla manufactures batteries at the volumes required to meet production goals, while creating thousands of jobs. And this is just the beginning. With Tesla building its most affordable car yet, Tesla continues to make products accessible and affordable to more and more people, ultimately accelerating the advent of clean transport and clean energy production. Electric cars, batteries, and renewable energy generation and storage already exist independently, but when combined, they become even more powerful – that’s the future we want. Press North America Press@tesla.com Europe EUPress@tesla.com Australia and Asia APACPress@tesla.com China China-Press@tesla.com Close User login Close Become a Tesla Insider",3543,success
TSLA,Tesla,Consumer Discretionary,2020,https://www.tesla.com/about,20200629052217.0,http://web.archive.org/web/20200629052217/https://www.tesla.com/about,20200701,found,,200.0,"About Tesla | Tesla × ▾ English Nederlands Français Deutsch English English Change language Tesla’s mission is to accelerate the world’s transition to sustainable energy. Tesla was founded in 2003 by a group of engineers who wanted to prove that people didn’t need to compromise to drive electric – that electric vehicles can be better, quicker and more fun to drive than gasoline cars. Today, Tesla builds not only all-electric vehicles but also infinitely scalable clean energy generation and storage products. Tesla believes the faster the world stops relying on fossil fuels and moves towards a zero-emission future, the better. Launched in 2008, the Roadster unveiled Tesla’s cutting-edge battery technology and electric powertrain. From there, Tesla designed the world’s first ever premium all-electric sedan from the ground up – Model S – which has become the best car in its class in every category. Combining safety, performance, and efficiency, Model S has reset the world’s expectations for the car of the 21st century with the longest range of any electric vehicle, over-the-air software updates that make it better over time, and a record 0-60 mph acceleration time of 2.28 seconds as measured by Motor Trend. In 2015, Tesla expanded its product line with Model X , the safest, quickest and most capable sport utility vehicle in history that holds 5-star safety ratings across every category from the National Highway Traffic Safety Administration. Completing CEO Elon Musk’s “ Secret Master Plan ,” in 2016, Tesla introduced Model 3 , a low-priced, high-volume electric vehicle that began production in 2017. Soon after, Tesla unveiled the safest, most comfortable truck ever – Tesla Semi – which is designed to save owners at least $200,000 over a million miles based on fuel costs alone. In 2019, Tesla unveiled Model Y , a mid-size SUV, with seating for up to seven, and Cybertruck , which will have better utility than a traditional truck and more performance than a sports car. Tesla vehicles are produced at its factory in Fremont, California, and Gigafactory Shanghai. To achieve our goal of having the safest factories in the world, Tesla is taking a proactive approach to safety, requiring production employees to participate in a multi-day training program before ever setting foot on the factory floor. From there, Tesla continues to provide on-the-job training and track performance daily so that improvements can be made quickly. The result is that Tesla’s safety rate continues to improve while production ramps. To create an entire sustainable energy ecosystem, Tesla also manufactures a unique set of energy solutions, Powerwall , Powerpack and Solar Roof , enabling homeowners, businesses, and utilities to manage renewable energy generation, storage, and consumption. Supporting Tesla’s automotive and energy products is Gigafactory 1 – a facility designed to significantly reduce battery cell costs. By bringing cell production in-house, Tesla manufactures batteries at the volumes required to meet production goals, while creating thousands of jobs. And this is just the beginning. With Tesla building its most affordable car yet, Tesla continues to make products accessible and affordable to more and more people, ultimately accelerating the advent of clean transport and clean energy production. Electric cars, batteries, and renewable energy generation and storage already exist independently, but when combined, they become even more powerful – that’s the future we want. Press North America Press@tesla.com Europe EUPress@tesla.com Australia and Asia APACPress@tesla.com China China-Press@tesla.com Close User login Close Become a Tesla Insider",3683,success
TSLA,Tesla,Consumer Discretionary,2021,https://www.tesla.com/about,20210705040413.0,http://web.archive.org/web/20210705040413/https://www.tesla.com/about,20210701,found,,200.0,"About Tesla | Tesla × ▾ English Nederlands Français Deutsch English English Change language Tesla’s mission is to accelerate the world’s transition to sustainable energy. Tesla was founded in 2003 by a group of engineers who wanted to prove that people didn’t need to compromise to drive electric – that electric vehicles can be better, quicker and more fun to drive than gasoline cars. Today, Tesla builds not only all-electric vehicles but also infinitely scalable clean energy generation and storage products. Tesla believes the faster the world stops relying on fossil fuels and moves towards a zero-emission future, the better. Launched in 2008, the Roadster unveiled Tesla’s cutting-edge battery technology and electric powertrain. From there, Tesla designed the world’s first ever premium all-electric sedan from the ground up – Model S – which has become the best car in its class in every category. Combining safety, performance, and efficiency, Model S has reset the world’s expectations for the car of the 21st century with the longest range of any electric vehicle, over-the-air software updates that make it better over time, and a record 0-60 mph acceleration time of 2.28 seconds as measured by Motor Trend. In 2015, Tesla expanded its product line with Model X , the safest, quickest and most capable sport utility vehicle in history that holds 5-star safety ratings across every category from the National Highway Traffic Safety Administration. Completing CEO Elon Musk’s “ Secret Master Plan ,” in 2016, Tesla introduced Model 3 , a low-priced, high-volume electric vehicle that began production in 2017. Soon after, Tesla unveiled the safest, most comfortable truck ever – Tesla Semi – which is designed to save owners at least $200,000 over a million miles based on fuel costs alone. In 2019, Tesla unveiled Model Y , a mid-size SUV, with seating for up to seven, and Cybertruck , which will have better utility than a traditional truck and more performance than a sports car. Tesla vehicles are produced at its factory in Fremont, California, and Gigafactory Shanghai. To achieve our goal of having the safest factories in the world, Tesla is taking a proactive approach to safety, requiring production employees to participate in a multi-day training program before ever setting foot on the factory floor. From there, Tesla continues to provide on-the-job training and track performance daily so that improvements can be made quickly. The result is that Tesla’s safety rate continues to improve while production ramps. To create an entire sustainable energy ecosystem, Tesla also manufactures a unique set of energy solutions, Powerwall , Powerpack and Solar Roof , enabling homeowners, businesses, and utilities to manage renewable energy generation, storage, and consumption. Supporting Tesla’s automotive and energy products is Gigafactory 1 – a facility designed to significantly reduce battery cell costs. By bringing cell production in-house, Tesla manufactures batteries at the volumes required to meet production goals, while creating thousands of jobs. And this is just the beginning. With Tesla building its most affordable car yet, Tesla continues to make products accessible and affordable to more and more people, ultimately accelerating the advent of clean transport and clean energy production. Electric cars, batteries, and renewable energy generation and storage already exist independently, but when combined, they become even more powerful – that’s the future we want. Press North America Press@tesla.com Europe EUPress@tesla.com Australia and Asia APACPress@tesla.com China China-Press@tesla.com Close User login Close Become a Tesla Insider",3683,success
TSLA,Tesla,Consumer Discretionary,2022,https://www.tesla.com/about,,,20220701,missing,No closest snapshot found from Wayback Availability API,,,0,missing_snapshot
TSLA,Tesla,Consumer Discretionary,2023,https://www.tesla.com/about,20230706192013.0,http://web.archive.org/web/20230706192013/https://www.tesla.com/about,20230701,found,,200.0,"About | Tesla For the best experience, we recommend upgrading or changing your web browser. Learn More About Us Accelerating the World's Transition to Sustainable Energy Accelerating the World's Transition to Sustainable Energy 100k+ Employees Employees One Mission One Mission 8.4 Mmt* CO 2 e Avoided in 2021 CO 2 e Avoided in 2021 *8.4 million metric tons is equivalent to over 20 billion miles of driving Next The Future is Sustainable We’re building a world powered by solar energy, running on batteries and transported by electric vehicles. Explore the most recent impact of our products, people and supply chain. Explore Impact We design sustainable systems that are massively scalable—resulting in the greatest environmental benefit possible. Our energy generation and storage products work together with our electric vehicles to amplify their impact. We design sustainable systems that are massively scalable—resulting in the greatest environmental benefit possible. Our energy generation and storage products work together with our electric vehicles to amplify their impact. Power Earth Solar Produce solar energy for residential and commercial needs Batteries Install batteries to store clean energy Electric Vehicles Make badass, zero-emission vehicles that can charge with clean energy Solar Produce solar energy for residential and commercial needs Batteries Install batteries to store clean energy Electric Vehicles Make badass, zero-emission vehicles that can charge with clean energy Our vehicles are some of the safest in the world. After safety , our goal is to make every Tesla the most fun you could possibly have in a vehicle. We build features that make being in your vehicle more enjoyable—from gaming to movies, easter eggs and more. With over-the-air software updates, we regularly introduce features at the push of a button. Our vehicles are some of the safest in the world. After safety , our goal is to make every Tesla the most fun you could possibly have in a vehicle. We build features that make being in your vehicle more enjoyable—from gaming to movies, easter eggs and more. With over-the-air software updates, we regularly introduce features at the push of a button. Make it (Ridiculously) Fun To shift humanity away from fossil fuels, we need extreme scale. Headquartered in Texas, we operate six huge, vertically integrated factories across three continents. With over 100,000 employees, our teams design, build, sell and service our products in-house. To shift humanity away from fossil fuels, we need extreme scale. Headquartered in Texas, we operate six huge, vertically integrated factories across three continents. With over 100,000 employees, our teams design, build, sell and service our products in-house. The Machine That Builds the Machine Using a first-principles approach, we solve some of the world’s biggest problems. If you’ve done exceptional work, join us in tackling the next generation of engineering, manufacturing and operational challenges. Using a first-principles approach, we solve some of the world’s biggest problems. If you’ve done exceptional work, join us in tackling the next generation of engineering, manufacturing and operational challenges. The Tesla Team Join Us See Jobs",3244,success
TSLA,Tesla,Consumer Discretionary,2024,https://www.tesla.com/about,20240702053739.0,http://web.archive.org/web/20240702053739/https://www.tesla.com/about,20240701,found,,200.0,"About | Tesla For the best experience, we recommend upgrading or changing your web browser. Learn More About Us Accelerating the World's Transition to Sustainable Energy Accelerating the World's Transition to Sustainable Energy 100k+ Employees Employees One Mission One Mission 20.4 Mmt¹ CO 2 e Avoided in 2023 CO 2 e Avoided in 2023 The Future is Sustainable We’re building a world powered by solar energy, running on batteries and transported by electric vehicles. Explore the most recent impact of our products, people and supply chain. Explore Impact We design sustainable systems that are massively scalable—resulting in the greatest environmental benefit possible. Our energy generation and storage products work together with our electric vehicles to amplify their impact. We design sustainable systems that are massively scalable—resulting in the greatest environmental benefit possible. Our energy generation and storage products work together with our electric vehicles to amplify their impact. Power Earth Solar Produce solar energy for residential and commercial needs Batteries Install batteries to store clean energy Electric Vehicles Make badass, zero-emission vehicles that can charge with clean energy Solar Produce solar energy for residential and commercial needs Batteries Install batteries to store clean energy Electric Vehicles Make badass, zero-emission vehicles that can charge with clean energy Our vehicles are some of the safest in the world. After safety , our goal is to make every Tesla the most fun you could possibly have in a vehicle. We build features that make being in your vehicle more enjoyable—from gaming to movies, easter eggs and more. With over-the-air software updates, we regularly introduce features at the push of a button. Our vehicles are some of the safest in the world. After safety , our goal is to make every Tesla the most fun you could possibly have in a vehicle. We build features that make being in your vehicle more enjoyable—from gaming to movies, easter eggs and more. With over-the-air software updates, we regularly introduce features at the push of a button. Make it (Ridiculously) Fun To shift humanity away from fossil fuels, we need extreme scale. Headquartered in Texas, we operate six huge, vertically integrated factories across three continents. With over 100,000 employees, our teams design, build, sell and service our products in-house. To shift humanity away from fossil fuels, we need extreme scale. Headquartered in Texas, we operate six huge, vertically integrated factories across three continents. With over 100,000 employees, our teams design, build, sell and service our products in-house. The Machine That Builds the Machine Using a first-principles approach, we solve some of the world’s biggest problems. If you’ve done exceptional work, join us in tackling the next generation of engineering, manufacturing and operational challenges. Using a first-principles approach, we solve some of the world’s biggest problems. If you’ve done exceptional work, join us in tackling the next generation of engineering, manufacturing and operational challenges. The Tesla Team Join Us See Jobs ¹ 20.4 million metric tons is equivalent to over 48 billion miles of driving. Tesla participates in the E-Verify Program . Tesla is an Equal Opportunity / Affirmative Action employer committed to diversity in the workplace. All qualified applicants will receive consideration for employment without regard to race, color, religion, sex, sexual orientation, age, national origin, disability, protected veteran status, gender identity or any other factor protected by applicable federal, state or local laws. Tesla is also committed to working with and providing reasonable accommodations to individuals with disabilities. Please let your recruiter know if you need an accommodation at any point during the interview process. For quick access to screen reading technology compatible with this site, download a free compatible screen reader ( view the free step-by-step tutorial ).",4044,success
HD,Home Depot,Consumer Discretionary,2016,https://corporate.homedepot.com/page/our-values,20220722135729.0,http://web.archive.org/web/20220722135729/https://corporate.homedepot.com/page/our-values,20160701,found,,200.0,"Our Values | The Home Depot Our Values https://live-home-depot-corporate.pantheonsite.io/about/values Creating Shareholder Value The investors who provide the capital necessary to allow our company to grow need and expect a return on their investment. We are committed to providing it. Rick Cox Atlanta Store Support Center Rick manages The Home Depot’s store inventory reverse logistics system at the Store Support Center. This system handles the process of removing products from our stores for return to vendor, donations, and buybacks. Rick and his team worked with both vendors and associates across the company to transform and centralize our Return to Vendor and Out for Repair programs. These changes have saved the company millions annually. Entrepreneurial Spirit Home Depot associates are encouraged to initiate creative and innovative ways to serve our customers and improve the business as well as spread best practices throughout the company. Drew Chabot Store #920 Tom Rivers, N.J. In the days following Superstorm Sandy, Drew was in disbelief about the level of destruction, but was determined to help. He partnered with a friend who owns a printing company and created shirts with a simple logo, “Restore the Shore” to raise funds and ultimately donated more than $500,000 to help with clean-up efforts. In addition, Drew worked with homeowners and contractors to help coordinate rebuilding projects and made sure they knew Home Depot was here to help. Taking Care of Our People The key to our success is treating people well. We do this by encouraging associates to speak up and take risks, by recognizing and rewarding good performance and by leading and developing people so they may grow. Aaron Bland Merchandising Execution Team #1252 Binghamton, N.Y. In 2011 Tropical Storm Lee caused historic flooding in the Northeast, including Binghamton, N.Y. Aaron learned that one of his fellow associates was battling 9 feet of water in his house and decided to take action. “I grabbed as many items as I could from my garage – gloves, face masks, a broom, garbage bags, disinfectant and my Ridgid Wet/Dry Vac – and headed to his house,” he said. Aaron didn’t stop there. He helped coordinate several cleanup teams that week, going house to house handing out supplies. Respect for All People In order to remain successful, our associates must work in an environment of mutual respect, free of discrimination and harassment where each associate is regarded as a part of The Home Depot team. Antonio Campbell Store #385 New Orleans, La. When a customer needed accessories for her wheelchair, including something to protect her from the rain and a carrier for her groceries, Antonio offered to make a customized solution. Using PVC, tarp, grommets and other products, he built a canopy and a rack. He also made a small PVS handle for her wheelchair to make it easier to control. ""I’ve always been creative, so I love the opportunity to work on projects like this,” said Antonio. Doing the Right Thing We exercise good judgment by ""doing the right thing"" instead of just ""doing things right."" We strive to understand the impact of our decisions, and we accept responsibility for our actions. Gina St. Louis Store #6310 Hollywood, Fla. Gina was working at self-checkout when she noticed a bag left behind at one of the registers. She opened it and found $4,000 in cash and football tickets. She immediately turned it over to the Asset Protection team to help get it back into the hands of its owner. When the customer returned, he was thrilled to find his bag safe and the contents intact. Building Strong Relationships Strong Relationships are built on trust, honesty and integrity. We listen and respond to the needs of customers, associates, communities and vendors, treating them as partners. Jeff Partin Corporate Security Atlanta Store Support Center In addition to Jeff’s day-to-day responsibilities in corporate security, he serves as the company’s primary liaison with federal, state and local emergency management agencies. Jeff’s work brings the public and private sectors together and ensures we’ll be able to respond quickly to support our communities when disaster strikes. Giving Back An important part of the fabric of The Home Depot is giving our time, talents, energy and resources to worthwhile causes in our communities and society. Judy Custer Store # 2717 Burton, Michigan Judy Custer serves as a District Community Captain, a volunteer project coordinator, for our Team Depot volunteer program in Michigan. Over the last several years, she’s organized dozens of volunteer projects, some at facilities and some at homes. Before leaving each project, Judy makes an effort to install a CO detector at each location. This year, one of these alarms saved the lives of a military veteran and his entire family. Excellent Customer Service Along with our quality products, service, price and selection, we must go the extra mile to give customers knowledgeable advice about merchandise and to help them use those products to their maximum benefit. Cliff Johnson Store 4017 Oregon City, Ore. Cliff stumbled upon an overwhelmed couple in the aisles of his store, attempting to tackle a few DIY projects. When the husband admitted he couldn’t even swing a hammer, Cliff took them under his wing. Two months later, they had added new plumbing to their entire home and installed windows, siding and new cabinets. Cliff made sure his customers took full advantage of special promotions and estimated they saved approximately $20,000 by doing the work themselves.",5580,success
HD,Home Depot,Consumer Discretionary,2017,https://corporate.homedepot.com/page/our-values,20220722135729.0,http://web.archive.org/web/20220722135729/https://corporate.homedepot.com/page/our-values,20170701,found,,200.0,"Our Values | The Home Depot Our Values https://live-home-depot-corporate.pantheonsite.io/about/values Creating Shareholder Value The investors who provide the capital necessary to allow our company to grow need and expect a return on their investment. We are committed to providing it. Rick Cox Atlanta Store Support Center Rick manages The Home Depot’s store inventory reverse logistics system at the Store Support Center. This system handles the process of removing products from our stores for return to vendor, donations, and buybacks. Rick and his team worked with both vendors and associates across the company to transform and centralize our Return to Vendor and Out for Repair programs. These changes have saved the company millions annually. Entrepreneurial Spirit Home Depot associates are encouraged to initiate creative and innovative ways to serve our customers and improve the business as well as spread best practices throughout the company. Drew Chabot Store #920 Tom Rivers, N.J. In the days following Superstorm Sandy, Drew was in disbelief about the level of destruction, but was determined to help. He partnered with a friend who owns a printing company and created shirts with a simple logo, “Restore the Shore” to raise funds and ultimately donated more than $500,000 to help with clean-up efforts. In addition, Drew worked with homeowners and contractors to help coordinate rebuilding projects and made sure they knew Home Depot was here to help. Taking Care of Our People The key to our success is treating people well. We do this by encouraging associates to speak up and take risks, by recognizing and rewarding good performance and by leading and developing people so they may grow. Aaron Bland Merchandising Execution Team #1252 Binghamton, N.Y. In 2011 Tropical Storm Lee caused historic flooding in the Northeast, including Binghamton, N.Y. Aaron learned that one of his fellow associates was battling 9 feet of water in his house and decided to take action. “I grabbed as many items as I could from my garage – gloves, face masks, a broom, garbage bags, disinfectant and my Ridgid Wet/Dry Vac – and headed to his house,” he said. Aaron didn’t stop there. He helped coordinate several cleanup teams that week, going house to house handing out supplies. Respect for All People In order to remain successful, our associates must work in an environment of mutual respect, free of discrimination and harassment where each associate is regarded as a part of The Home Depot team. Antonio Campbell Store #385 New Orleans, La. When a customer needed accessories for her wheelchair, including something to protect her from the rain and a carrier for her groceries, Antonio offered to make a customized solution. Using PVC, tarp, grommets and other products, he built a canopy and a rack. He also made a small PVS handle for her wheelchair to make it easier to control. ""I’ve always been creative, so I love the opportunity to work on projects like this,” said Antonio. Doing the Right Thing We exercise good judgment by ""doing the right thing"" instead of just ""doing things right."" We strive to understand the impact of our decisions, and we accept responsibility for our actions. Gina St. Louis Store #6310 Hollywood, Fla. Gina was working at self-checkout when she noticed a bag left behind at one of the registers. She opened it and found $4,000 in cash and football tickets. She immediately turned it over to the Asset Protection team to help get it back into the hands of its owner. When the customer returned, he was thrilled to find his bag safe and the contents intact. Building Strong Relationships Strong Relationships are built on trust, honesty and integrity. We listen and respond to the needs of customers, associates, communities and vendors, treating them as partners. Jeff Partin Corporate Security Atlanta Store Support Center In addition to Jeff’s day-to-day responsibilities in corporate security, he serves as the company’s primary liaison with federal, state and local emergency management agencies. Jeff’s work brings the public and private sectors together and ensures we’ll be able to respond quickly to support our communities when disaster strikes. Giving Back An important part of the fabric of The Home Depot is giving our time, talents, energy and resources to worthwhile causes in our communities and society. Judy Custer Store # 2717 Burton, Michigan Judy Custer serves as a District Community Captain, a volunteer project coordinator, for our Team Depot volunteer program in Michigan. Over the last several years, she’s organized dozens of volunteer projects, some at facilities and some at homes. Before leaving each project, Judy makes an effort to install a CO detector at each location. This year, one of these alarms saved the lives of a military veteran and his entire family. Excellent Customer Service Along with our quality products, service, price and selection, we must go the extra mile to give customers knowledgeable advice about merchandise and to help them use those products to their maximum benefit. Cliff Johnson Store 4017 Oregon City, Ore. Cliff stumbled upon an overwhelmed couple in the aisles of his store, attempting to tackle a few DIY projects. When the husband admitted he couldn’t even swing a hammer, Cliff took them under his wing. Two months later, they had added new plumbing to their entire home and installed windows, siding and new cabinets. Cliff made sure his customers took full advantage of special promotions and estimated they saved approximately $20,000 by doing the work themselves.",5580,success
HD,Home Depot,Consumer Discretionary,2018,https://corporate.homedepot.com/page/our-values,,,20180701,missing,No closest snapshot found from Wayback Availability API,,,0,missing_snapshot
HD,Home Depot,Consumer Discretionary,2019,https://corporate.homedepot.com/page/our-values,20220722135729.0,http://web.archive.org/web/20220722135729/https://corporate.homedepot.com/page/our-values,20190701,found,,200.0,"Our Values | The Home Depot Our Values https://live-home-depot-corporate.pantheonsite.io/about/values Creating Shareholder Value The investors who provide the capital necessary to allow our company to grow need and expect a return on their investment. We are committed to providing it. Rick Cox Atlanta Store Support Center Rick manages The Home Depot’s store inventory reverse logistics system at the Store Support Center. This system handles the process of removing products from our stores for return to vendor, donations, and buybacks. Rick and his team worked with both vendors and associates across the company to transform and centralize our Return to Vendor and Out for Repair programs. These changes have saved the company millions annually. Entrepreneurial Spirit Home Depot associates are encouraged to initiate creative and innovative ways to serve our customers and improve the business as well as spread best practices throughout the company. Drew Chabot Store #920 Tom Rivers, N.J. In the days following Superstorm Sandy, Drew was in disbelief about the level of destruction, but was determined to help. He partnered with a friend who owns a printing company and created shirts with a simple logo, “Restore the Shore” to raise funds and ultimately donated more than $500,000 to help with clean-up efforts. In addition, Drew worked with homeowners and contractors to help coordinate rebuilding projects and made sure they knew Home Depot was here to help. Taking Care of Our People The key to our success is treating people well. We do this by encouraging associates to speak up and take risks, by recognizing and rewarding good performance and by leading and developing people so they may grow. Aaron Bland Merchandising Execution Team #1252 Binghamton, N.Y. In 2011 Tropical Storm Lee caused historic flooding in the Northeast, including Binghamton, N.Y. Aaron learned that one of his fellow associates was battling 9 feet of water in his house and decided to take action. “I grabbed as many items as I could from my garage – gloves, face masks, a broom, garbage bags, disinfectant and my Ridgid Wet/Dry Vac – and headed to his house,” he said. Aaron didn’t stop there. He helped coordinate several cleanup teams that week, going house to house handing out supplies. Respect for All People In order to remain successful, our associates must work in an environment of mutual respect, free of discrimination and harassment where each associate is regarded as a part of The Home Depot team. Antonio Campbell Store #385 New Orleans, La. When a customer needed accessories for her wheelchair, including something to protect her from the rain and a carrier for her groceries, Antonio offered to make a customized solution. Using PVC, tarp, grommets and other products, he built a canopy and a rack. He also made a small PVS handle for her wheelchair to make it easier to control. ""I’ve always been creative, so I love the opportunity to work on projects like this,” said Antonio. Doing the Right Thing We exercise good judgment by ""doing the right thing"" instead of just ""doing things right."" We strive to understand the impact of our decisions, and we accept responsibility for our actions. Gina St. Louis Store #6310 Hollywood, Fla. Gina was working at self-checkout when she noticed a bag left behind at one of the registers. She opened it and found $4,000 in cash and football tickets. She immediately turned it over to the Asset Protection team to help get it back into the hands of its owner. When the customer returned, he was thrilled to find his bag safe and the contents intact. Building Strong Relationships Strong Relationships are built on trust, honesty and integrity. We listen and respond to the needs of customers, associates, communities and vendors, treating them as partners. Jeff Partin Corporate Security Atlanta Store Support Center In addition to Jeff’s day-to-day responsibilities in corporate security, he serves as the company’s primary liaison with federal, state and local emergency management agencies. Jeff’s work brings the public and private sectors together and ensures we’ll be able to respond quickly to support our communities when disaster strikes. Giving Back An important part of the fabric of The Home Depot is giving our time, talents, energy and resources to worthwhile causes in our communities and society. Judy Custer Store # 2717 Burton, Michigan Judy Custer serves as a District Community Captain, a volunteer project coordinator, for our Team Depot volunteer program in Michigan. Over the last several years, she’s organized dozens of volunteer projects, some at facilities and some at homes. Before leaving each project, Judy makes an effort to install a CO detector at each location. This year, one of these alarms saved the lives of a military veteran and his entire family. Excellent Customer Service Along with our quality products, service, price and selection, we must go the extra mile to give customers knowledgeable advice about merchandise and to help them use those products to their maximum benefit. Cliff Johnson Store 4017 Oregon City, Ore. Cliff stumbled upon an overwhelmed couple in the aisles of his store, attempting to tackle a few DIY projects. When the husband admitted he couldn’t even swing a hammer, Cliff took them under his wing. Two months later, they had added new plumbing to their entire home and installed windows, siding and new cabinets. Cliff made sure his customers took full advantage of special promotions and estimated they saved approximately $20,000 by doing the work themselves.",5580,success
HD,Home Depot,Consumer Discretionary,2020,https://corporate.homedepot.com/page/our-values,20220722135729.0,http://web.archive.org/web/20220722135729/https://corporate.homedepot.com/page/our-values,20200701,found,,200.0,"Our Values | The Home Depot Our Values https://live-home-depot-corporate.pantheonsite.io/about/values Creating Shareholder Value The investors who provide the capital necessary to allow our company to grow need and expect a return on their investment. We are committed to providing it. Rick Cox Atlanta Store Support Center Rick manages The Home Depot’s store inventory reverse logistics system at the Store Support Center. This system handles the process of removing products from our stores for return to vendor, donations, and buybacks. Rick and his team worked with both vendors and associates across the company to transform and centralize our Return to Vendor and Out for Repair programs. These changes have saved the company millions annually. Entrepreneurial Spirit Home Depot associates are encouraged to initiate creative and innovative ways to serve our customers and improve the business as well as spread best practices throughout the company. Drew Chabot Store #920 Tom Rivers, N.J. In the days following Superstorm Sandy, Drew was in disbelief about the level of destruction, but was determined to help. He partnered with a friend who owns a printing company and created shirts with a simple logo, “Restore the Shore” to raise funds and ultimately donated more than $500,000 to help with clean-up efforts. In addition, Drew worked with homeowners and contractors to help coordinate rebuilding projects and made sure they knew Home Depot was here to help. Taking Care of Our People The key to our success is treating people well. We do this by encouraging associates to speak up and take risks, by recognizing and rewarding good performance and by leading and developing people so they may grow. Aaron Bland Merchandising Execution Team #1252 Binghamton, N.Y. In 2011 Tropical Storm Lee caused historic flooding in the Northeast, including Binghamton, N.Y. Aaron learned that one of his fellow associates was battling 9 feet of water in his house and decided to take action. “I grabbed as many items as I could from my garage – gloves, face masks, a broom, garbage bags, disinfectant and my Ridgid Wet/Dry Vac – and headed to his house,” he said. Aaron didn’t stop there. He helped coordinate several cleanup teams that week, going house to house handing out supplies. Respect for All People In order to remain successful, our associates must work in an environment of mutual respect, free of discrimination and harassment where each associate is regarded as a part of The Home Depot team. Antonio Campbell Store #385 New Orleans, La. When a customer needed accessories for her wheelchair, including something to protect her from the rain and a carrier for her groceries, Antonio offered to make a customized solution. Using PVC, tarp, grommets and other products, he built a canopy and a rack. He also made a small PVS handle for her wheelchair to make it easier to control. ""I’ve always been creative, so I love the opportunity to work on projects like this,” said Antonio. Doing the Right Thing We exercise good judgment by ""doing the right thing"" instead of just ""doing things right."" We strive to understand the impact of our decisions, and we accept responsibility for our actions. Gina St. Louis Store #6310 Hollywood, Fla. Gina was working at self-checkout when she noticed a bag left behind at one of the registers. She opened it and found $4,000 in cash and football tickets. She immediately turned it over to the Asset Protection team to help get it back into the hands of its owner. When the customer returned, he was thrilled to find his bag safe and the contents intact. Building Strong Relationships Strong Relationships are built on trust, honesty and integrity. We listen and respond to the needs of customers, associates, communities and vendors, treating them as partners. Jeff Partin Corporate Security Atlanta Store Support Center In addition to Jeff’s day-to-day responsibilities in corporate security, he serves as the company’s primary liaison with federal, state and local emergency management agencies. Jeff’s work brings the public and private sectors together and ensures we’ll be able to respond quickly to support our communities when disaster strikes. Giving Back An important part of the fabric of The Home Depot is giving our time, talents, energy and resources to worthwhile causes in our communities and society. Judy Custer Store # 2717 Burton, Michigan Judy Custer serves as a District Community Captain, a volunteer project coordinator, for our Team Depot volunteer program in Michigan. Over the last several years, she’s organized dozens of volunteer projects, some at facilities and some at homes. Before leaving each project, Judy makes an effort to install a CO detector at each location. This year, one of these alarms saved the lives of a military veteran and his entire family. Excellent Customer Service Along with our quality products, service, price and selection, we must go the extra mile to give customers knowledgeable advice about merchandise and to help them use those products to their maximum benefit. Cliff Johnson Store 4017 Oregon City, Ore. Cliff stumbled upon an overwhelmed couple in the aisles of his store, attempting to tackle a few DIY projects. When the husband admitted he couldn’t even swing a hammer, Cliff took them under his wing. Two months later, they had added new plumbing to their entire home and installed windows, siding and new cabinets. Cliff made sure his customers took full advantage of special promotions and estimated they saved approximately $20,000 by doing the work themselves.",5580,success
HD,Home Depot,Consumer Discretionary,2021,https://corporate.homedepot.com/page/our-values,,,20210701,missing,No closest snapshot found from Wayback Availability API,,,0,missing_snapshot
HD,Home Depot,Consumer Discretionary,2022,https://corporate.homedepot.com/page/our-values,20220722135729.0,http://web.archive.org/web/20220722135729/https://corporate.homedepot.com/page/our-values,20220701,found,,200.0,"Our Values | The Home Depot Our Values https://live-home-depot-corporate.pantheonsite.io/about/values Creating Shareholder Value The investors who provide the capital necessary to allow our company to grow need and expect a return on their investment. We are committed to providing it. Rick Cox Atlanta Store Support Center Rick manages The Home Depot’s store inventory reverse logistics system at the Store Support Center. This system handles the process of removing products from our stores for return to vendor, donations, and buybacks. Rick and his team worked with both vendors and associates across the company to transform and centralize our Return to Vendor and Out for Repair programs. These changes have saved the company millions annually. Entrepreneurial Spirit Home Depot associates are encouraged to initiate creative and innovative ways to serve our customers and improve the business as well as spread best practices throughout the company. Drew Chabot Store #920 Tom Rivers, N.J. In the days following Superstorm Sandy, Drew was in disbelief about the level of destruction, but was determined to help. He partnered with a friend who owns a printing company and created shirts with a simple logo, “Restore the Shore” to raise funds and ultimately donated more than $500,000 to help with clean-up efforts. In addition, Drew worked with homeowners and contractors to help coordinate rebuilding projects and made sure they knew Home Depot was here to help. Taking Care of Our People The key to our success is treating people well. We do this by encouraging associates to speak up and take risks, by recognizing and rewarding good performance and by leading and developing people so they may grow. Aaron Bland Merchandising Execution Team #1252 Binghamton, N.Y. In 2011 Tropical Storm Lee caused historic flooding in the Northeast, including Binghamton, N.Y. Aaron learned that one of his fellow associates was battling 9 feet of water in his house and decided to take action. “I grabbed as many items as I could from my garage – gloves, face masks, a broom, garbage bags, disinfectant and my Ridgid Wet/Dry Vac – and headed to his house,” he said. Aaron didn’t stop there. He helped coordinate several cleanup teams that week, going house to house handing out supplies. Respect for All People In order to remain successful, our associates must work in an environment of mutual respect, free of discrimination and harassment where each associate is regarded as a part of The Home Depot team. Antonio Campbell Store #385 New Orleans, La. When a customer needed accessories for her wheelchair, including something to protect her from the rain and a carrier for her groceries, Antonio offered to make a customized solution. Using PVC, tarp, grommets and other products, he built a canopy and a rack. He also made a small PVS handle for her wheelchair to make it easier to control. ""I’ve always been creative, so I love the opportunity to work on projects like this,” said Antonio. Doing the Right Thing We exercise good judgment by ""doing the right thing"" instead of just ""doing things right."" We strive to understand the impact of our decisions, and we accept responsibility for our actions. Gina St. Louis Store #6310 Hollywood, Fla. Gina was working at self-checkout when she noticed a bag left behind at one of the registers. She opened it and found $4,000 in cash and football tickets. She immediately turned it over to the Asset Protection team to help get it back into the hands of its owner. When the customer returned, he was thrilled to find his bag safe and the contents intact. Building Strong Relationships Strong Relationships are built on trust, honesty and integrity. We listen and respond to the needs of customers, associates, communities and vendors, treating them as partners. Jeff Partin Corporate Security Atlanta Store Support Center In addition to Jeff’s day-to-day responsibilities in corporate security, he serves as the company’s primary liaison with federal, state and local emergency management agencies. Jeff’s work brings the public and private sectors together and ensures we’ll be able to respond quickly to support our communities when disaster strikes. Giving Back An important part of the fabric of The Home Depot is giving our time, talents, energy and resources to worthwhile causes in our communities and society. Judy Custer Store # 2717 Burton, Michigan Judy Custer serves as a District Community Captain, a volunteer project coordinator, for our Team Depot volunteer program in Michigan. Over the last several years, she’s organized dozens of volunteer projects, some at facilities and some at homes. Before leaving each project, Judy makes an effort to install a CO detector at each location. This year, one of these alarms saved the lives of a military veteran and his entire family. Excellent Customer Service Along with our quality products, service, price and selection, we must go the extra mile to give customers knowledgeable advice about merchandise and to help them use those products to their maximum benefit. Cliff Johnson Store 4017 Oregon City, Ore. Cliff stumbled upon an overwhelmed couple in the aisles of his store, attempting to tackle a few DIY projects. When the husband admitted he couldn’t even swing a hammer, Cliff took them under his wing. Two months later, they had added new plumbing to their entire home and installed windows, siding and new cabinets. Cliff made sure his customers took full advantage of special promotions and estimated they saved approximately $20,000 by doing the work themselves.",5580,success
HD,Home Depot,Consumer Discretionary,2023,https://corporate.homedepot.com/page/our-values,20230720032404.0,http://web.archive.org/web/20230720032404/https://corporate.homedepot.com/page/our-values,20230701,found,,200.0,"Our Values | The Home Depot Our Values https://live-home-depot-corporate.pantheonsite.io/about/values Creating Shareholder Value The investors who provide the capital necessary to allow our company to grow need and expect a return on their investment. We are committed to providing it. Rick Cox Atlanta Store Support Center Rick manages The Home Depot’s store inventory reverse logistics system at the Store Support Center. This system handles the process of removing products from our stores for return to vendor, donations, and buybacks. Rick and his team worked with both vendors and associates across the company to transform and centralize our Return to Vendor and Out for Repair programs. These changes have saved the company millions annually. Entrepreneurial Spirit Home Depot associates are encouraged to initiate creative and innovative ways to serve our customers and improve the business as well as spread best practices throughout the company. Drew Chabot Store #920 Tom Rivers, N.J. In the days following Superstorm Sandy, Drew was in disbelief about the level of destruction, but was determined to help. He partnered with a friend who owns a printing company and created shirts with a simple logo, “Restore the Shore” to raise funds and ultimately donated more than $500,000 to help with clean-up efforts. In addition, Drew worked with homeowners and contractors to help coordinate rebuilding projects and made sure they knew Home Depot was here to help. Taking Care of Our People The key to our success is treating people well. We do this by encouraging associates to speak up and take risks, by recognizing and rewarding good performance and by leading and developing people so they may grow. Aaron Bland Merchandising Execution Team #1252 Binghamton, N.Y. In 2011 Tropical Storm Lee caused historic flooding in the Northeast, including Binghamton, N.Y. Aaron learned that one of his fellow associates was battling 9 feet of water in his house and decided to take action. “I grabbed as many items as I could from my garage – gloves, face masks, a broom, garbage bags, disinfectant and my Ridgid Wet/Dry Vac – and headed to his house,” he said. Aaron didn’t stop there. He helped coordinate several cleanup teams that week, going house to house handing out supplies. Respect for All People In order to remain successful, our associates must work in an environment of mutual respect, free of discrimination and harassment where each associate is regarded as a part of The Home Depot team. Antonio Campbell Store #385 New Orleans, La. When a customer needed accessories for her wheelchair, including something to protect her from the rain and a carrier for her groceries, Antonio offered to make a customized solution. Using PVC, tarp, grommets and other products, he built a canopy and a rack. He also made a small PVS handle for her wheelchair to make it easier to control. ""I’ve always been creative, so I love the opportunity to work on projects like this,” said Antonio. Doing the Right Thing We exercise good judgment by ""doing the right thing"" instead of just ""doing things right."" We strive to understand the impact of our decisions, and we accept responsibility for our actions. Gina St. Louis Store #6310 Hollywood, Fla. Gina was working at self-checkout when she noticed a bag left behind at one of the registers. She opened it and found $4,000 in cash and football tickets. She immediately turned it over to the Asset Protection team to help get it back into the hands of its owner. When the customer returned, he was thrilled to find his bag safe and the contents intact. Building Strong Relationships Strong Relationships are built on trust, honesty and integrity. We listen and respond to the needs of customers, associates, communities and vendors, treating them as partners. Jeff Partin Corporate Security Atlanta Store Support Center In addition to Jeff’s day-to-day responsibilities in corporate security, he serves as the company’s primary liaison with federal, state and local emergency management agencies. Jeff’s work brings the public and private sectors together and ensures we’ll be able to respond quickly to support our communities when disaster strikes. Giving Back An important part of the fabric of The Home Depot is giving our time, talents, energy and resources to worthwhile causes in our communities and society. Judy Custer Store # 2717 Burton, Michigan Judy Custer serves as a District Community Captain, a volunteer project coordinator, for our Team Depot volunteer program in Michigan. Over the last several years, she’s organized dozens of volunteer projects, some at facilities and some at homes. Before leaving each project, Judy makes an effort to install a CO detector at each location. This year, one of these alarms saved the lives of a military veteran and his entire family. Excellent Customer Service Along with our quality products, service, price and selection, we must go the extra mile to give customers knowledgeable advice about merchandise and to help them use those products to their maximum benefit. Cliff Johnson Store 4017 Oregon City, Ore. Cliff stumbled upon an overwhelmed couple in the aisles of his store, attempting to tackle a few DIY projects. When the husband admitted he couldn’t even swing a hammer, Cliff took them under his wing. Two months later, they had added new plumbing to their entire home and installed windows, siding and new cabinets. Cliff made sure his customers took full advantage of special promotions and estimated they saved approximately $20,000 by doing the work themselves.",5580,success
HD,Home Depot,Consumer Discretionary,2024,https://corporate.homedepot.com/page/our-values,20240624110229.0,http://web.archive.org/web/20240624110229/https://corporate.homedepot.com/page/our-values,20240701,found,,200.0,"Our Values | The Home Depot Our Values https://live-home-depot-corporate.pantheonsite.io/about/values Creating Shareholder Value The investors who provide the capital necessary to allow our company to grow need and expect a return on their investment. We are committed to providing it. Rick Cox Atlanta Store Support Center Rick manages The Home Depot’s store inventory reverse logistics system at the Store Support Center. This system handles the process of removing products from our stores for return to vendor, donations, and buybacks. Rick and his team worked with both vendors and associates across the company to transform and centralize our Return to Vendor and Out for Repair programs. These changes have saved the company millions annually. Entrepreneurial Spirit Home Depot associates are encouraged to initiate creative and innovative ways to serve our customers and improve the business as well as spread best practices throughout the company. Drew Chabot Store #920 Tom Rivers, N.J. In the days following Superstorm Sandy, Drew was in disbelief about the level of destruction, but was determined to help. He partnered with a friend who owns a printing company and created shirts with a simple logo, “Restore the Shore” to raise funds and ultimately donated more than $500,000 to help with clean-up efforts. In addition, Drew worked with homeowners and contractors to help coordinate rebuilding projects and made sure they knew Home Depot was here to help. Taking Care of Our People The key to our success is treating people well. We do this by encouraging associates to speak up and take risks, by recognizing and rewarding good performance and by leading and developing people so they may grow. Aaron Bland Merchandising Execution Team #1252 Binghamton, N.Y. In 2011 Tropical Storm Lee caused historic flooding in the Northeast, including Binghamton, N.Y. Aaron learned that one of his fellow associates was battling 9 feet of water in his house and decided to take action. “I grabbed as many items as I could from my garage – gloves, face masks, a broom, garbage bags, disinfectant and my Ridgid Wet/Dry Vac – and headed to his house,” he said. Aaron didn’t stop there. He helped coordinate several cleanup teams that week, going house to house handing out supplies. Respect for All People In order to remain successful, our associates must work in an environment of mutual respect, free of discrimination and harassment where each associate is regarded as a part of The Home Depot team. Antonio Campbell Store #385 New Orleans, La. When a customer needed accessories for her wheelchair, including something to protect her from the rain and a carrier for her groceries, Antonio offered to make a customized solution. Using PVC, tarp, grommets and other products, he built a canopy and a rack. He also made a small PVS handle for her wheelchair to make it easier to control. ""I’ve always been creative, so I love the opportunity to work on projects like this,” said Antonio. Doing the Right Thing We exercise good judgment by ""doing the right thing"" instead of just ""doing things right."" We strive to understand the impact of our decisions, and we accept responsibility for our actions. Gina St. Louis Store #6310 Hollywood, Fla. Gina was working at self-checkout when she noticed a bag left behind at one of the registers. She opened it and found $4,000 in cash and football tickets. She immediately turned it over to the Asset Protection team to help get it back into the hands of its owner. When the customer returned, he was thrilled to find his bag safe and the contents intact. Building Strong Relationships Strong Relationships are built on trust, honesty and integrity. We listen and respond to the needs of customers, associates, communities and vendors, treating them as partners. Jeff Partin Corporate Security Atlanta Store Support Center In addition to Jeff’s day-to-day responsibilities in corporate security, he serves as the company’s primary liaison with federal, state and local emergency management agencies. Jeff’s work brings the public and private sectors together and ensures we’ll be able to respond quickly to support our communities when disaster strikes. Giving Back An important part of the fabric of The Home Depot is giving our time, talents, energy and resources to worthwhile causes in our communities and society. Judy Custer Store # 2717 Burton, Michigan Judy Custer serves as a District Community Captain, a volunteer project coordinator, for our Team Depot volunteer program in Michigan. Over the last several years, she’s organized dozens of volunteer projects, some at facilities and some at homes. Before leaving each project, Judy makes an effort to install a CO detector at each location. This year, one of these alarms saved the lives of a military veteran and his entire family. Excellent Customer Service Along with our quality products, service, price and selection, we must go the extra mile to give customers knowledgeable advice about merchandise and to help them use those products to their maximum benefit. Cliff Johnson Store 4017 Oregon City, Ore. Cliff stumbled upon an overwhelmed couple in the aisles of his store, attempting to tackle a few DIY projects. When the husband admitted he couldn’t even swing a hammer, Cliff took them under his wing. Two months later, they had added new plumbing to their entire home and installed windows, siding and new cabinets. Cliff made sure his customers took full advantage of special promotions and estimated they saved approximately $20,000 by doing the work themselves.",5580,success
MCD,McDonald's,Consumer Discretionary,2016,https://corporate.mcdonalds.com/corpmcd/our-company/who-we-are/our-values.html,,,20160701,missing,No closest snapshot found from Wayback Availability API,,,0,missing_snapshot
MCD,McDonald's,Consumer Discretionary,2017,https://corporate.mcdonalds.com/corpmcd/our-company/who-we-are/our-values.html,20201114001121.0,http://web.archive.org/web/20201114001121/https://corporate.mcdonalds.com/corpmcd/our-company/who-we-are/our-values.html,20170701,found,,200.0,"Our Mission and Values - Our Mission and Values Our Mission Our mission is to make delicious feel-good moments easy for everyone. This is how we uniquely feed and foster communities. We serve delicious food people feel good about eating, with convenient locations and hours and affordable prices, and by working hard to offer the speed, choice and personalization our customers expect. At our best, we don’t just serve food, we serve moments of feel-good, all with the lighthearted, unpretentious, welcoming, dependable personality consumers know and love. Our Mission Our mission is to make delicious feel-good moments easy for everyone. This is how we uniquely feed and foster communities. We serve delicious food people feel good about eating, with convenient locations and hours and affordable prices, and by working hard to offer the speed, choice and personalization our customers expect. At our best, we don’t just serve food, we serve moments of feel-good, all with the lighthearted, unpretentious, welcoming, dependable personality consumers know and love. Our Values The backbone of our Brand is, and always has been, a commitment to a set of core values that define who we are and how we run our business and restaurants. When we live our values every day and use them to make decisions - big and small – we define McDonald’s as a brand our people, and the people we serve, can trust. Our Values The backbone of our Brand is, and always has been, a commitment to a set of core values that define who we are and how we run our business and restaurants. When we live our values every day and use them to make decisions - big and small – we define McDonald’s as a brand our people, and the people we serve, can trust. Serve We put our customers and people first Inclusion We open our doors to everyone Integrity We do the right thing Serve We put our customers and people first Inclusion We open our doors to everyone Integrity We do the right thing Community We are good neighbors Family We get better together Community We are good neighbors Family We get better together Our values are the filter through which all business decisions are made because actions are bigger than words. Our values are the filter through which all business decisions are made because actions are bigger than words. Our Foundation Our reinvigorated strategy is underpinned by our focus on running great restaurants and empowering our people. Meeting customers’ basic needs is core to what we do, and we do that by using our execution strength. We will elevate our people practices to ensure our people feel welcomed, valued, and part of the McDonald’s community; we live by our values every day and are committed to fostering a safe, respectful and inclusive workplace, providing quality jobs, and making opportunity open to all. Our Foundation Our reinvigorated strategy is underpinned by our focus on running great restaurants and empowering our people. Meeting customers’ basic needs is core to what we do, and we do that by using our execution strength. We will elevate our people practices to ensure our people feel welcomed, valued, and part of the McDonald’s community; we live by our values every day and are committed to fostering a safe, respectful and inclusive workplace, providing quality jobs, and making opportunity open to all. Latest Stories More in Who We Are Our Growth Pillars We’re building on our strong foundations to ensure we have long-term success. Read More Our History How a small drive-in restaurant in San Bernadino grew into an American icon. Read More Our Leadership We embrace the opportunity to lead by example and effect meaningful change. Read More Please select a location below: {{location.formattedAddress}} {{data.orderNowJson.accessibleLableforCloseIcon}} {{data.orderNowJson.headingOrderNowBumper}} {{data.orderNowJson.subheadingPrimaryDeliveryPartner}} {{data.orderNowJson.subHeadingTwoOrderNow}} {{data.restaurant.properties.mcDeliveries.mcDelivery[0].marketingName}} {{data.orderNowJson.noDeliveryPartnerError}} {{data.orderNowJson.subHeadingOneOrderNow}} {{mcDelivery.marketingName}} {{data.orderNowJson.deliveryFromText}} {{data.restaurant.restaurantName}} {{data.restaurant.fullAddress}} {{data.orderNowJson.deliveryFromText}} {{data.restaurant.restaurantName}} {{data.restaurant.fullAddress}} {{data.orderNowJson.readFromText}} {{data.orderNowJson.readLessText}} {{data.orderNowJson.labelforSecondaryCTA}} {{data.orderNowJson.labelforPrimaryCTA}}",4483,success
MCD,McDonald's,Consumer Discretionary,2018,https://corporate.mcdonalds.com/corpmcd/our-company/who-we-are/our-values.html,,,20180701,missing,No closest snapshot found from Wayback Availability API,,,0,missing_snapshot
MCD,McDonald's,Consumer Discretionary,2019,https://corporate.mcdonalds.com/corpmcd/our-company/who-we-are/our-values.html,,,20190701,missing,No closest snapshot found from Wayback Availability API,,,0,missing_snapshot
MCD,McDonald's,Consumer Discretionary,2020,https://corporate.mcdonalds.com/corpmcd/our-company/who-we-are/our-values.html,,,20200701,missing,No closest snapshot found from Wayback Availability API,,,0,missing_snapshot
MCD,McDonald's,Consumer Discretionary,2021,https://corporate.mcdonalds.com/corpmcd/our-company/who-we-are/our-values.html,,,20210701,missing,No closest snapshot found from Wayback Availability API,,,0,missing_snapshot
MCD,McDonald's,Consumer Discretionary,2022,https://corporate.mcdonalds.com/corpmcd/our-company/who-we-are/our-values.html,20220813040207.0,http://web.archive.org/web/20220813040207/https://corporate.mcdonalds.com/corpmcd/our-company/who-we-are/our-values.html,20220701,found,,200.0,"Our Mission and Values - Our Mission and Values Our Mission Our mission is to make delicious feel-good moments easy for everyone. This is how we uniquely feed and foster communities. We serve delicious food people feel good about eating, with convenient locations and hours and affordable prices, and by working hard to offer the speed, choice and personalization our customers expect. At our best, we don’t just serve food, we serve moments of feel-good, all with the lighthearted, unpretentious, welcoming, dependable personality consumers know and love. Our Values The backbone of our Brand is, and always has been, a commitment to a set of core values that define who we are and how we run our business and restaurants. When we live our values every day and use them to make decisions - big and small – we define McDonald’s as a brand our people, and the people we serve, can trust. Serve We put our customers and people first Inclusion We open our doors to everyone Integrity We do the right thing Community We are good neighbors Family We get better together Our values are the filter through which all business decisions are made because actions are bigger than words. Our Foundation Our reinvigorated strategy is underpinned by our focus on running great restaurants and empowering our people. Meeting customers’ basic needs is core to what we do, and we do that by using our execution strength. We will elevate our people practices to ensure our people feel welcomed, valued, and part of the McDonald’s community; we live by our values every day and are committed to fostering a safe, respectful and inclusive workplace, providing quality jobs, and making opportunity open to all. Latest Stories More in Who We Are Our Growth Pillars We’re building on our strong foundations to ensure we have long-term success. Read More Our History How a small drive-in restaurant in San Bernadino grew into an American icon. Read More Our Leadership We embrace the opportunity to lead by example and effect meaningful change. Read More Please select a location below: {{location.formattedAddress}} {{data.orderNowJson.accessibleLableforCloseIcon}} {{data.orderNowJson.headingOrderNowBumper}} {{data.orderNowJson.subheadingSingleDeliveryPartner}} {{data.orderNowJson.primaryPartnersConfig[0].primaryPartnerName}} {{data.orderNowJson.primaryPartnersConfig[0].deliveryPartnerDescription}} {{data.orderNowJson.noDeliveryPartnerError}} {{data.orderNowJson.subheadingMultipleDeliveryPartner}} {{multipleDelivery.primaryPartnerName}} {{multipleDelivery.deliveryPartnerDescription}} {{data.orderNowJson.subheadingSingleDeliveryPartner}} {{data.restaurant.properties.mcDeliveries.mcDelivery[0].marketingName}} {{data.singleDeliveryPartnerNew[0].deliveryPartnerDescription}} {{data.orderNowJson.noDeliveryPartnerError}} {{data.orderNowJson.subheadingMultipleDeliveryPartner}} {{mcDelivery.marketingName}} {{mcDelivery.deliveryPartnerDescription}} {{data.orderNowJson.deliveryFromText}} {{data.restaurant.restaurantName}} {{data.restaurant.fullAddress}} {{data.orderNowJson.deliveryFromText}} {{data.restaurant.restaurantName}} {{data.restaurant.fullAddress}} {{data.orderNowJson.readFromText}} {{data.orderNowJson.readLessText}} {{data.orderNowJson.noDeliveryPartnerHeading}} {{data.orderNowJson.noDeliveryPartnerDescription}} {{data.orderNowJson.labelforSecondaryCTA}} {{data.orderNowJson.labelforPrimaryCTA}}",3395,success
MCD,McDonald's,Consumer Discretionary,2023,https://corporate.mcdonalds.com/corpmcd/our-company/who-we-are/our-values.html,,,20230701,missing,No closest snapshot found from Wayback Availability API,,,0,missing_snapshot
MCD,McDonald's,Consumer Discretionary,2024,https://corporate.mcdonalds.com/corpmcd/our-company/who-we-are/our-values.html,20240707204123.0,http://web.archive.org/web/20240707204123/https://corporate.mcdonalds.com/corpmcd/our-company/who-we-are/our-values.html,20240701,found,,200.0,"Our Mission and Values Our Mission and Values Our Mission Our mission is to make delicious feel-good moments easy for everyone. This is how we uniquely feed and foster communities. We serve delicious food people feel good about eating, with convenient locations and hours and affordable prices, and by working hard to offer the speed, choice and personalization our customers expect. At our best, we don’t just serve food, we serve moments of feel-good, all with the lighthearted, unpretentious, welcoming, dependable personality consumers know and love. Our Values The backbone of our Brand is, and always has been, a commitment to a set of core values that define who we are and how we run our business and restaurants. When we live our values every day and use them to make decisions - big and small – we define McDonald’s as a brand our people, and the people we serve, can trust. Serve We put our customers and people first Inclusion We open our doors to everyone Integrity We do the right thing Community We are good neighbors Family We get better together Our values are the filter through which all business decisions are made because actions are bigger than words. Our Foundation Our strategy is underpinned by our focus on running great restaurants, empowering our people and getting faster, more innovative and more efficient at solving problems for our customers and people. Meeting customers’ basic needs is core to what we do, and we do that by using our execution strength. We will elevate our people practices to ensure our people feel welcomed, valued, and part of the McDonald’s community; we live by our values every day and are committed to fostering a safe, respectful and inclusive workplace, providing quality jobs, and making opportunity open to all. Through Accelerating the Organization , we will find and scale the best solutions with speed and agility – driving growth while operating together. Latest Stories More in Who We Are Our Growth Pillars We’re building on our strong foundations to ensure we have long-term success. Read More Our History How a small drive-in restaurant in San Bernadino grew into an American icon. Read More Our Leadership We embrace the opportunity to lead by example and effect meaningful change. Read More",2263,success
NKE,Nike,Consumer Discretionary,2016,https://about.nike.com/en/mission,20250715203459.0,http://web.archive.org/web/20250715203459/https://about.nike.com/en/mission,20160701,found,,200.0,"Nike - Mission — NIKE, Inc. Skip to content Stories Mission Company Newsroom English Deutsch English (United Kingdom) Español (América Latina) Español Français Italiano 日本語 한국어 Nederlands ไทย 简体中文 繁體中文 Stories Mission Company Newsroom English Deutsch English (United Kingdom) Español (América Latina) Español Français Italiano 日本語 한국어 Nederlands ไทย 简体中文 繁體中文 Our NIKE, Inc. Mission To bring inspiration and innovation to every athlete* in the world. To bring inspiration and innovation to every athlete* in the world. *If you have a body, you are an athlete. At NIKE, these words guide every aspect of our work and have for over 50 years. They are our rally cry to serve sport and create the future for the athletes* of tomorrow. From our support of Joan Benoit Samuelson, who won the first women’s Olympic Games marathon, to our work powering the future of youth sport, our mission helps make athletes'* dreams real. Every audacious moonshot to create more sustainable products and every step forward in building a responsible supply chain is rooted in our conviction that a better future lies on the other side of serving athletes* as only NIKE can. Focus Areas Today, our mission comes to life through key focus areas: We work to ensure each NIKE employee and future talent has what they need to succeed. We are redefining sport for the next generation, so all youth have an opportunity to play and achieve their greatest potential. We are innovating and scaling more sustainable solutions to help protect our planet. And we champion a transparent, responsible supply chain so people can thrive. Diversity, Equity & Inclusion The Future of Youth Sport Protecting the Planet Responsible Supply Chain Improving Sport Access & Experience We’re focused on providing quality coaching, engaging more kids in sport, especially girls, and addressing barriers that keep too many youth on the sidelines. Health and Safety We believe a safe and healthy work environment is a fundamental human right. Enabling Accessibility We build programs and partnerships to create a more flexible, accessible and better work environment for employees with disabilities.",2149,success
NKE,Nike,Consumer Discretionary,2017,https://about.nike.com/en/mission,,,20170701,missing,No closest snapshot found from Wayback Availability API,,,0,missing_snapshot
NKE,Nike,Consumer Discretionary,2018,https://about.nike.com/en/mission,20250715203459.0,http://web.archive.org/web/20250715203459/https://about.nike.com/en/mission,20180701,found,,200.0,"Nike - Mission — NIKE, Inc. Skip to content Stories Mission Company Newsroom English Deutsch English (United Kingdom) Español (América Latina) Español Français Italiano 日本語 한국어 Nederlands ไทย 简体中文 繁體中文 Stories Mission Company Newsroom English Deutsch English (United Kingdom) Español (América Latina) Español Français Italiano 日本語 한국어 Nederlands ไทย 简体中文 繁體中文 Our NIKE, Inc. Mission To bring inspiration and innovation to every athlete* in the world. To bring inspiration and innovation to every athlete* in the world. *If you have a body, you are an athlete. At NIKE, these words guide every aspect of our work and have for over 50 years. They are our rally cry to serve sport and create the future for the athletes* of tomorrow. From our support of Joan Benoit Samuelson, who won the first women’s Olympic Games marathon, to our work powering the future of youth sport, our mission helps make athletes'* dreams real. Every audacious moonshot to create more sustainable products and every step forward in building a responsible supply chain is rooted in our conviction that a better future lies on the other side of serving athletes* as only NIKE can. Focus Areas Today, our mission comes to life through key focus areas: We work to ensure each NIKE employee and future talent has what they need to succeed. We are redefining sport for the next generation, so all youth have an opportunity to play and achieve their greatest potential. We are innovating and scaling more sustainable solutions to help protect our planet. And we champion a transparent, responsible supply chain so people can thrive. Diversity, Equity & Inclusion The Future of Youth Sport Protecting the Planet Responsible Supply Chain Improving Sport Access & Experience We’re focused on providing quality coaching, engaging more kids in sport, especially girls, and addressing barriers that keep too many youth on the sidelines. Health and Safety We believe a safe and healthy work environment is a fundamental human right. Enabling Accessibility We build programs and partnerships to create a more flexible, accessible and better work environment for employees with disabilities.",2149,success
NKE,Nike,Consumer Discretionary,2019,https://about.nike.com/en/mission,20250715203459.0,http://web.archive.org/web/20250715203459/https://about.nike.com/en/mission,20190701,found,,200.0,"Nike - Mission — NIKE, Inc. Skip to content Stories Mission Company Newsroom English Deutsch English (United Kingdom) Español (América Latina) Español Français Italiano 日本語 한국어 Nederlands ไทย 简体中文 繁體中文 Stories Mission Company Newsroom English Deutsch English (United Kingdom) Español (América Latina) Español Français Italiano 日本語 한국어 Nederlands ไทย 简体中文 繁體中文 Our NIKE, Inc. Mission To bring inspiration and innovation to every athlete* in the world. To bring inspiration and innovation to every athlete* in the world. *If you have a body, you are an athlete. At NIKE, these words guide every aspect of our work and have for over 50 years. They are our rally cry to serve sport and create the future for the athletes* of tomorrow. From our support of Joan Benoit Samuelson, who won the first women’s Olympic Games marathon, to our work powering the future of youth sport, our mission helps make athletes'* dreams real. Every audacious moonshot to create more sustainable products and every step forward in building a responsible supply chain is rooted in our conviction that a better future lies on the other side of serving athletes* as only NIKE can. Focus Areas Today, our mission comes to life through key focus areas: We work to ensure each NIKE employee and future talent has what they need to succeed. We are redefining sport for the next generation, so all youth have an opportunity to play and achieve their greatest potential. We are innovating and scaling more sustainable solutions to help protect our planet. And we champion a transparent, responsible supply chain so people can thrive. Diversity, Equity & Inclusion The Future of Youth Sport Protecting the Planet Responsible Supply Chain Improving Sport Access & Experience We’re focused on providing quality coaching, engaging more kids in sport, especially girls, and addressing barriers that keep too many youth on the sidelines. Health and Safety We believe a safe and healthy work environment is a fundamental human right. Enabling Accessibility We build programs and partnerships to create a more flexible, accessible and better work environment for employees with disabilities.",2149,success
NKE,Nike,Consumer Discretionary,2020,https://about.nike.com/en/mission,,,20200701,missing,No closest snapshot found from Wayback Availability API,,,0,missing_snapshot
NKE,Nike,Consumer Discretionary,2021,https://about.nike.com/en/mission,20250715203459.0,http://web.archive.org/web/20250715203459/https://about.nike.com/en/mission,20210701,found,,200.0,"Nike - Mission — NIKE, Inc. Skip to content Stories Mission Company Newsroom English Deutsch English (United Kingdom) Español (América Latina) Español Français Italiano 日本語 한국어 Nederlands ไทย 简体中文 繁體中文 Stories Mission Company Newsroom English Deutsch English (United Kingdom) Español (América Latina) Español Français Italiano 日本語 한국어 Nederlands ไทย 简体中文 繁體中文 Our NIKE, Inc. Mission To bring inspiration and innovation to every athlete* in the world. To bring inspiration and innovation to every athlete* in the world. *If you have a body, you are an athlete. At NIKE, these words guide every aspect of our work and have for over 50 years. They are our rally cry to serve sport and create the future for the athletes* of tomorrow. From our support of Joan Benoit Samuelson, who won the first women’s Olympic Games marathon, to our work powering the future of youth sport, our mission helps make athletes'* dreams real. Every audacious moonshot to create more sustainable products and every step forward in building a responsible supply chain is rooted in our conviction that a better future lies on the other side of serving athletes* as only NIKE can. Focus Areas Today, our mission comes to life through key focus areas: We work to ensure each NIKE employee and future talent has what they need to succeed. We are redefining sport for the next generation, so all youth have an opportunity to play and achieve their greatest potential. We are innovating and scaling more sustainable solutions to help protect our planet. And we champion a transparent, responsible supply chain so people can thrive. Diversity, Equity & Inclusion The Future of Youth Sport Protecting the Planet Responsible Supply Chain Improving Sport Access & Experience We’re focused on providing quality coaching, engaging more kids in sport, especially girls, and addressing barriers that keep too many youth on the sidelines. Health and Safety We believe a safe and healthy work environment is a fundamental human right. Enabling Accessibility We build programs and partnerships to create a more flexible, accessible and better work environment for employees with disabilities.",2149,success
NKE,Nike,Consumer Discretionary,2022,https://about.nike.com/en/mission,,,20220701,missing,No closest snapshot found from Wayback Availability API,,,0,missing_snapshot
NKE,Nike,Consumer Discretionary,2023,https://about.nike.com/en/mission,,,20230701,missing,No closest snapshot found from Wayback Availability API,,,0,missing_snapshot
NKE,Nike,Consumer Discretionary,2024,https://about.nike.com/en/mission,,,20240701,missing,No closest snapshot found from Wayback Availability API,,,0,missing_snapshot
SBUX,Starbucks,Consumer Discretionary,2016,https://about.starbucks.com/mission/,20241203152220.0,http://web.archive.org/web/20241203152220/https://about.starbucks.com/mission/,20160701,found,,200.0,"Our Mission Our Mission With every cup, with every conversation, with every community – we nurture the limitless possibilities of human connection. Our Values We deliver performance through the lens of humanity: Craft We delight in the rigor of the details-no matter what our job is We learn and teach in the pursuit of growth We deliver excellence with passion and creativity Results We consistently achieve our goals with focus, integrity, and drive We continuously innovate to stay ahead We exceed the expectations of the people we serve Courage We embrace difficult conversations, with respect, to make us all better We pursue audacious ideas beyond our comfort zone We do the right thing, even when it’s hard Belonging We actively listen and connect with warmth and transparency We recognize and appreciate every person for who they are We treat each other with dignity and care Joy We take pride in our work and have fun while doing it We create great vibes to bring the best out of others We celebrate each other and our wins Our Promises The mutual success we collectively commit to: Our Partner Promise — Bridge to a better future Our Customer Promise — Uplift the everyday Our Farmer Promise — Ensure the future of coffee for all Our Community Promise — Contribute positively Our Environmental Promise — Give more than we take Our Shareholder Promise — Generate long-term returns News A new mission for Starbucks 7 min read Close the dialog Opens in a new window",1472,success
SBUX,Starbucks,Consumer Discretionary,2017,https://about.starbucks.com/mission/,20241203152220.0,http://web.archive.org/web/20241203152220/https://about.starbucks.com/mission/,20170701,found,,200.0,"Our Mission Our Mission With every cup, with every conversation, with every community – we nurture the limitless possibilities of human connection. Our Values We deliver performance through the lens of humanity: Craft We delight in the rigor of the details-no matter what our job is We learn and teach in the pursuit of growth We deliver excellence with passion and creativity Results We consistently achieve our goals with focus, integrity, and drive We continuously innovate to stay ahead We exceed the expectations of the people we serve Courage We embrace difficult conversations, with respect, to make us all better We pursue audacious ideas beyond our comfort zone We do the right thing, even when it’s hard Belonging We actively listen and connect with warmth and transparency We recognize and appreciate every person for who they are We treat each other with dignity and care Joy We take pride in our work and have fun while doing it We create great vibes to bring the best out of others We celebrate each other and our wins Our Promises The mutual success we collectively commit to: Our Partner Promise — Bridge to a better future Our Customer Promise — Uplift the everyday Our Farmer Promise — Ensure the future of coffee for all Our Community Promise — Contribute positively Our Environmental Promise — Give more than we take Our Shareholder Promise — Generate long-term returns News A new mission for Starbucks 7 min read Close the dialog Opens in a new window",1472,success
SBUX,Starbucks,Consumer Discretionary,2018,https://about.starbucks.com/mission/,20241203152220.0,http://web.archive.org/web/20241203152220/https://about.starbucks.com/mission/,20180701,found,,200.0,"Our Mission Our Mission With every cup, with every conversation, with every community – we nurture the limitless possibilities of human connection. Our Values We deliver performance through the lens of humanity: Craft We delight in the rigor of the details-no matter what our job is We learn and teach in the pursuit of growth We deliver excellence with passion and creativity Results We consistently achieve our goals with focus, integrity, and drive We continuously innovate to stay ahead We exceed the expectations of the people we serve Courage We embrace difficult conversations, with respect, to make us all better We pursue audacious ideas beyond our comfort zone We do the right thing, even when it’s hard Belonging We actively listen and connect with warmth and transparency We recognize and appreciate every person for who they are We treat each other with dignity and care Joy We take pride in our work and have fun while doing it We create great vibes to bring the best out of others We celebrate each other and our wins Our Promises The mutual success we collectively commit to: Our Partner Promise — Bridge to a better future Our Customer Promise — Uplift the everyday Our Farmer Promise — Ensure the future of coffee for all Our Community Promise — Contribute positively Our Environmental Promise — Give more than we take Our Shareholder Promise — Generate long-term returns News A new mission for Starbucks 7 min read Close the dialog Opens in a new window",1472,success
SBUX,Starbucks,Consumer Discretionary,2019,https://about.starbucks.com/mission/,,,20190701,missing,No closest snapshot found from Wayback Availability API,,,0,missing_snapshot
SBUX,Starbucks,Consumer Discretionary,2020,https://about.starbucks.com/mission/,,,20200701,missing,No closest snapshot found from Wayback Availability API,,,0,missing_snapshot
SBUX,Starbucks,Consumer Discretionary,2021,https://about.starbucks.com/mission/,20241203152220.0,http://web.archive.org/web/20241203152220/https://about.starbucks.com/mission/,20210701,found,,200.0,"Our Mission Our Mission With every cup, with every conversation, with every community – we nurture the limitless possibilities of human connection. Our Values We deliver performance through the lens of humanity: Craft We delight in the rigor of the details-no matter what our job is We learn and teach in the pursuit of growth We deliver excellence with passion and creativity Results We consistently achieve our goals with focus, integrity, and drive We continuously innovate to stay ahead We exceed the expectations of the people we serve Courage We embrace difficult conversations, with respect, to make us all better We pursue audacious ideas beyond our comfort zone We do the right thing, even when it’s hard Belonging We actively listen and connect with warmth and transparency We recognize and appreciate every person for who they are We treat each other with dignity and care Joy We take pride in our work and have fun while doing it We create great vibes to bring the best out of others We celebrate each other and our wins Our Promises The mutual success we collectively commit to: Our Partner Promise — Bridge to a better future Our Customer Promise — Uplift the everyday Our Farmer Promise — Ensure the future of coffee for all Our Community Promise — Contribute positively Our Environmental Promise — Give more than we take Our Shareholder Promise — Generate long-term returns News A new mission for Starbucks 7 min read Close the dialog Opens in a new window",1472,success
SBUX,Starbucks,Consumer Discretionary,2022,https://about.starbucks.com/mission/,20241203152220.0,http://web.archive.org/web/20241203152220/https://about.starbucks.com/mission/,20220701,found,,200.0,"Our Mission Our Mission With every cup, with every conversation, with every community – we nurture the limitless possibilities of human connection. Our Values We deliver performance through the lens of humanity: Craft We delight in the rigor of the details-no matter what our job is We learn and teach in the pursuit of growth We deliver excellence with passion and creativity Results We consistently achieve our goals with focus, integrity, and drive We continuously innovate to stay ahead We exceed the expectations of the people we serve Courage We embrace difficult conversations, with respect, to make us all better We pursue audacious ideas beyond our comfort zone We do the right thing, even when it’s hard Belonging We actively listen and connect with warmth and transparency We recognize and appreciate every person for who they are We treat each other with dignity and care Joy We take pride in our work and have fun while doing it We create great vibes to bring the best out of others We celebrate each other and our wins Our Promises The mutual success we collectively commit to: Our Partner Promise — Bridge to a better future Our Customer Promise — Uplift the everyday Our Farmer Promise — Ensure the future of coffee for all Our Community Promise — Contribute positively Our Environmental Promise — Give more than we take Our Shareholder Promise — Generate long-term returns News A new mission for Starbucks 7 min read Close the dialog Opens in a new window",1472,success
SBUX,Starbucks,Consumer Discretionary,2023,https://about.starbucks.com/mission/,20241203152220.0,http://web.archive.org/web/20241203152220/https://about.starbucks.com/mission/,20230701,found,,200.0,"Our Mission Our Mission With every cup, with every conversation, with every community – we nurture the limitless possibilities of human connection. Our Values We deliver performance through the lens of humanity: Craft We delight in the rigor of the details-no matter what our job is We learn and teach in the pursuit of growth We deliver excellence with passion and creativity Results We consistently achieve our goals with focus, integrity, and drive We continuously innovate to stay ahead We exceed the expectations of the people we serve Courage We embrace difficult conversations, with respect, to make us all better We pursue audacious ideas beyond our comfort zone We do the right thing, even when it’s hard Belonging We actively listen and connect with warmth and transparency We recognize and appreciate every person for who they are We treat each other with dignity and care Joy We take pride in our work and have fun while doing it We create great vibes to bring the best out of others We celebrate each other and our wins Our Promises The mutual success we collectively commit to: Our Partner Promise — Bridge to a better future Our Customer Promise — Uplift the everyday Our Farmer Promise — Ensure the future of coffee for all Our Community Promise — Contribute positively Our Environmental Promise — Give more than we take Our Shareholder Promise — Generate long-term returns News A new mission for Starbucks 7 min read Close the dialog Opens in a new window",1472,success
SBUX,Starbucks,Consumer Discretionary,2024,https://about.starbucks.com/mission/,,,20240701,missing,No closest snapshot found from Wayback Availability API,,,0,missing_snapshot
TGT,Target,Consumer Discretionary,2016,https://corporate.target.com/about/purpose-history,,,20160701,missing,No closest snapshot found from Wayback Availability API,,,0,missing_snapshot
TGT,Target,Consumer Discretionary,2017,https://corporate.target.com/about/purpose-history,20190930161221.0,http://web.archive.org/web/20190930161221/https://corporate.target.com/about/purpose-history,20170701,found,,200.0,purpose & history | Target Corporation,38,failed_or_too_short
TGT,Target,Consumer Discretionary,2018,https://corporate.target.com/about/purpose-history,,,20180701,missing,No closest snapshot found from Wayback Availability API,,,0,missing_snapshot
TGT,Target,Consumer Discretionary,2019,https://corporate.target.com/about/purpose-history,,,20190701,missing,No closest snapshot found from Wayback Availability API,,,0,missing_snapshot
TGT,Target,Consumer Discretionary,2020,https://corporate.target.com/about/purpose-history,,,20200701,missing,No closest snapshot found from Wayback Availability API,,,0,missing_snapshot
TGT,Target,Consumer Discretionary,2021,https://corporate.target.com/about/purpose-history,,,20210701,missing,No closest snapshot found from Wayback Availability API,,,0,missing_snapshot
TGT,Target,Consumer Discretionary,2022,https://corporate.target.com/about/purpose-history,20220607163643.0,http://web.archive.org/web/20220607163643/https://corporate.target.com/about/purpose-history,20220701,found,,200.0,Target's Purpose and History,28,failed_or_too_short
TGT,Target,Consumer Discretionary,2023,https://corporate.target.com/about/purpose-history,20230701171802.0,http://web.archive.org/web/20230701171802/https://corporate.target.com/about/purpose-history,20230701,found,,200.0,Target's Purpose and History,28,failed_or_too_short
TGT,Target,Consumer Discretionary,2024,https://corporate.target.com/about/purpose-history,20240703023701.0,http://web.archive.org/web/20240703023701/https://corporate.target.com/about/purpose-history,20240701,found,,200.0,"Target's Purpose and History Purpose & History Hello! Welcome. We’re so glad you’re here. You can find us — the Target Team — at your favorite store, in your community, across the country and around the world. There are more than 400,000 team members across the globe, all working together for one important reason … To help all families discover the joy of everyday life. That’s our purpose. Our mission. The promise of surprises, fun, ease and inspiration at every turn, no matter when, where or how you shop. That quest to bring joy is at the center of every business decision we make. It gets our teams excited to come to work each day. And we bring it to life in so many ways. Come on in and take a look around. Explore Purpose & History Our Leadership Target’s world-class leaders guide our teams with expertise from their broad range of backgrounds and experiences. Visit section Our Corporate Strategy Our durable business model is designed to stand the test of time and differentiate us in the marketplace. Visit page Our Commitments We’re dedicated to being a good neighbor and working with our communities and partners to make life a little better everywhere we do business. Visit page Our Design Approach Design for all — it’s our way of taking the expected and making it extraordinary. Visit page History Timeline We’ve been one of the world’s most beloved brands since the first Target opened in 1962, but our story starts way before that. Visit section Target’s officially in all 50 states, thanks to the 2018 addition of our first store in Vermont. Each year, we strengthen our communities by giving 5% of our profits back in cash, products, and through the Target Foundation . O ur volunteers serv e n early 1 million hour s in their communities each year. Fortune recognized Target as No. 2 on its 2023 list of Best Large Workplaces in Retail.",1861,success
LOW,Lowe's,Consumer Discretionary,2016,https://corporate.lowes.com/who-we-are,,,20160701,missing,No closest snapshot found from Wayback Availability API,,,0,missing_snapshot
LOW,Lowe's,Consumer Discretionary,2017,https://corporate.lowes.com/who-we-are,,,20170701,missing,No closest snapshot found from Wayback Availability API,,,0,missing_snapshot
LOW,Lowe's,Consumer Discretionary,2018,https://corporate.lowes.com/who-we-are,20201001030214.0,http://web.archive.org/web/20201001030214/https://corporate.lowes.com/who-we-are,20180701,found,,200.0,"Who We Are | Lowe’s Corporate Who we are Lowe’s grew from one small-town hardware store in North Carolina to one of the largest home improvement retailers in the world. Then and now, we’re committed to helping homeowners, renters and pros improve their homes and businesses. Home Who We Are More Than Home Improvement The people we serve are at the heart of everything we do. Our associates have deep home improvement experience and training, and can give you the expert advice you need to do your project right. From urgent repairs to your dream remodel, we designed our business to be there when you need us most. By the Numbers ~300k Associates in the United States and Canada ~18m Customers Served Per Week $72.1B Sales in 2019 $42M Invested in Communities in 2019 Our Business What We Do Together, we deliver the right home improvement products, with the best service and value, across every channel and community we serve. Every aspect of our business and strategy is rooted in that mission. Read More Our Strategy How We Do It To deliver on our mission and build a sustainable foundation for growth, we frame our strategy with four key pillars: merchandising excellence, supply chain transformation, operational efficiency and customer engagement. These pillars are underpinned by our focus on creating a seamless omni-channel retail experience for our customers. Read More Video Lowe's Values Watch Video × Close OUR LOCATIONS Read More Our Leadership Read More Our History Read More × Location Alert You have not selected location from suggestion drop down: location Please select correct location from suggestion box Close",1632,success
LOW,Lowe's,Consumer Discretionary,2019,https://corporate.lowes.com/who-we-are,20201001030214.0,http://web.archive.org/web/20201001030214/https://corporate.lowes.com/who-we-are,20190701,found,,200.0,"Who We Are | Lowe’s Corporate Who we are Lowe’s grew from one small-town hardware store in North Carolina to one of the largest home improvement retailers in the world. Then and now, we’re committed to helping homeowners, renters and pros improve their homes and businesses. Home Who We Are More Than Home Improvement The people we serve are at the heart of everything we do. Our associates have deep home improvement experience and training, and can give you the expert advice you need to do your project right. From urgent repairs to your dream remodel, we designed our business to be there when you need us most. By the Numbers ~300k Associates in the United States and Canada ~18m Customers Served Per Week $72.1B Sales in 2019 $42M Invested in Communities in 2019 Our Business What We Do Together, we deliver the right home improvement products, with the best service and value, across every channel and community we serve. Every aspect of our business and strategy is rooted in that mission. Read More Our Strategy How We Do It To deliver on our mission and build a sustainable foundation for growth, we frame our strategy with four key pillars: merchandising excellence, supply chain transformation, operational efficiency and customer engagement. These pillars are underpinned by our focus on creating a seamless omni-channel retail experience for our customers. Read More Video Lowe's Values Watch Video × Close OUR LOCATIONS Read More Our Leadership Read More Our History Read More × Location Alert You have not selected location from suggestion drop down: location Please select correct location from suggestion box Close",1632,success
LOW,Lowe's,Consumer Discretionary,2020,https://corporate.lowes.com/who-we-are,,,20200701,missing,No closest snapshot found from Wayback Availability API,,,0,missing_snapshot
LOW,Lowe's,Consumer Discretionary,2021,https://corporate.lowes.com/who-we-are,20210606040732.0,http://web.archive.org/web/20210606040732/https://corporate.lowes.com/who-we-are,20210701,found,,200.0,"Who We Are | Lowe’s Corporate Who we are Lowe’s grew from one small-town hardware store in North Carolina to one of the largest home improvement retailers in the world. Then and now, we’re committed to helping homeowners, renters and Pros improve their homes and businesses. Home Who We Are More Than Home Improvement The people we serve are at the heart of everything we do. Our associates have deep home improvement experience and training, and can give you the expert advice you need to do your project right. From urgent repairs to your dream remodel, we designed our business to be there when you need us most. By the Numbers ~300k Associates in the United States and Canada 20M Customers Served Per Week ~$90B Sales in 2020 $150M Invested in Communities in 2020 Our Business What We Do Together, we deliver the right home improvement products, with the best service and value, across every channel and community we serve. Every aspect of our business and strategy is rooted in that mission. Read More Our Strategy How We Do It To deliver on our mission and build a sustainable foundation for growth, we frame our strategy with four key pillars: merchandising excellence, supply chain transformation, operational efficiency and customer engagement. These pillars are underpinned by our focus on creating a seamless omni-channel retail experience for our customers. Read More Video Lowe's Values Watch Video × Close OUR LOCATIONS Read More Our Leadership Read More Our History Read More × Location Alert You have not selected location from suggestion drop down: location Please select correct location from suggestion box Close",1631,success
LOW,Lowe's,Consumer Discretionary,2022,https://corporate.lowes.com/who-we-are,20220703061011.0,http://web.archive.org/web/20220703061011/https://corporate.lowes.com/who-we-are,20220701,found,,200.0,"Who We Are | Lowe’s Corporate Who we are Lowe’s grew from one small-town hardware store in North Carolina to one of the largest home improvement retailers in the world. Then and now, we’re committed to helping homeowners, renters and Pros improve their homes and businesses. Home Who We Are More Than Home Improvement The people we serve are at the heart of everything we do. Our associates have deep home improvement experience and training, and can give you the expert advice you need to do your project right. From urgent repairs to your dream remodel, we designed our business to be there when you need us most. By the Numbers ~300k Associates in the United States and Canada 19M+ Customer transactions per week $96.3B Sales in 2021 $100M Invested in communities in 2021 Our Business What We Do Together, we deliver the right home improvement products, with the best service and value, across every channel and community we serve. Every aspect of our business and strategy is rooted in that mission. Read More Our Strategy How We Do It To deliver on our mission and drive market share acceleration, we have launched our Total Home Strategy. Building upon our strong foundation, we will focus on five key areas: Pro, Online, Installation Services, Localization and Assortment. These five areas of focus are key pillars to the Lowe’s Total Home Strategy, underpinned by our focus on creating a seamless omni-channel retail experience for our customers. Read More Video Lowe's Values Watch Video × Close OUR LOCATIONS Read More Our Leadership Read More Our History Read More × Location Alert You have not selected location from suggestion drop down: location Please select correct location from suggestion box Close",1716,success
LOW,Lowe's,Consumer Discretionary,2023,https://corporate.lowes.com/who-we-are,20230606045138.0,http://web.archive.org/web/20230606045138/https://corporate.lowes.com/who-we-are,20230701,found,,200.0,"Who We Are | Lowe’s Corporate Who we are Lowe’s grew from one small-town hardware store in North Carolina to one of the largest home improvement retailers in the world. Then and now, we’re committed to helping homeowners, renters and Pros improve their homes and businesses. Home Who We Are More Than Home Improvement The people we serve are at the heart of everything we do. Our associates have deep home improvement experience and training, and can give you the expert advice you need to do your project right. From urgent repairs to your dream remodel, we designed our business to be there when you need us most. By the Numbers ~300k Associates in the United States 19M+ Customer transactions per week $97.1B Sales in 2022 $100M Invested in communities in 2022 Our Business What We Do Together, we deliver the right home improvement products, with the best service and value, across every channel and community we serve. Every aspect of our business and strategy is rooted in that mission. Read More Our Strategy How We Do It To deliver on our mission and drive market share acceleration, we launched our Total Home Strategy. Building upon our strong foundation, we will focus on five key areas: Pro, Online, Installation Services, Localization and Assortment. These five areas of focus are key pillars to the Lowe’s Total Home Strategy, underpinned by our focus on creating a seamless omni-channel retail experience for our customers. Read More Video Lowe's Values Watch Video × Close OUR LOCATIONS Read More Our Leadership Read More Our History Read More × Location Alert You have not selected location from suggestion drop down: location Please select correct location from suggestion box Close",1700,success
LOW,Lowe's,Consumer Discretionary,2024,https://corporate.lowes.com/who-we-are,20240529095241.0,http://web.archive.org/web/20240529095241/https://corporate.lowes.com/who-we-are,20240701,found,,200.0,"Who We Are | Lowe’s Corporate Who we are Lowe’s grew from one small-town hardware store in North Carolina to one of the largest home improvement retailers in the world. Then and now, we’re committed to helping homeowners, renters and Pros improve their homes and businesses. Home Who We Are More Than Home Improvement The people we serve are at the heart of everything we do. Our associates have deep home improvement experience and training, and can give you the expert advice you need to do your project right. From urgent repairs to your dream remodel, we designed our business to be there when you need us most. By the Numbers ~300k Associates in the United States 16M+ Customer transactions per week $86.4B Sales in 2023 Our Business What We Do Together, deliver the right home improvement products, with the best service and value, across every channel and community we serve. Every aspect of our business and strategy is rooted in that mission. Read More Our Strategy How We Do It To deliver on our mission and drive market share acceleration, we launched our Total Home Strategy. Building upon our strong foundation, we will focus on five key areas: Pro, Online, Installation Services, Localization and Assortment. These five areas of focus are key pillars to the Lowe’s Total Home Strategy, underpinned by our focus on creating a seamless omnichannel retail experience for our customers. Read More Video Lowe's Values Watch Video × Close OUR LOCATIONS Read More Our Leadership Read More Our History Read More × Location Alert You have not selected location from suggestion drop down: location Please select correct location from suggestion box Close",1658,success
TJX,TJX Companies,Consumer Discretionary,2016,https://www.tjx.com/company/about-tjx,,,20160701,missing,No closest snapshot found from Wayback Availability API,,,0,missing_snapshot
TJX,TJX Companies,Consumer Discretionary,2017,https://www.tjx.com/company/about-tjx,20230920175005.0,http://web.archive.org/web/20230920175005/https://www.tjx.com/company/about-tjx,20170701,found,,200.0,"About TJX About TJX A Global Off-Price Retailer The TJX Companies, Inc., the leading off-price retailer of apparel and home fashions in the U.S. and worldwide, was ranked 87th in the 2022 Fortune 500 company listings. At the end of Fiscal 2023, the Company had over 4,800 stores across nine countries and three continents, and five distinctive branded e-commerce sites. We operate T.J. Maxx and Marshalls (combined, Marmaxx), HomeGoods, Sierra, and Homesense, as well as tjmaxx.com , marshalls.com , homegoods.com , and sierra.com , in the U.S.; Winners, HomeSense, and Marshalls (combined, TJX Canada) in Canada; and T.K. Maxx in the U.K., Ireland, Germany, Poland, Austria, the Netherlands, and Australia, as well as Homesense in the U.K. and Ireland, and tkmaxx.com , tkmaxx.de , and tkmaxx.at in Europe (combined, TJX International). Our Leadership Carol Meyrowitz Executive Chairman of the Board Ernie Herrman Chief Executive Officer and President READ OUR ANNUAL LETTER TO SHAREHOLDERS Highlights 4,800+ Stores 1 9 Countries 7 E-comm Websites ~329,000 Associates 1 87th Ranked Fortune 500 Our Mission Our mission is to deliver great value to our customers every day. We do this by offering a rapidly changing assortment of quality, fashionable, brand name, and designer merchandise at prices generally 20% to 60% below full-price retailers’ (including department, specialty, and major online retailers) regular prices on comparable merchandise, every day. History of Strong Performance Over the course of our history, our strong financial results and cash generation have allowed us to simultaneously invest in the growth of the business and return cash to shareholders. Learn more Our Off-Price Business Model We believe that we operate one of the most flexible business models in the world. Our inventories turn rapidly, which gives us flexibility to adjust our merchandise assortments more frequently than traditional retailers. Learn More Our Businesses Our Impact Careers With stores and offices around the world, there is a breadth of opportunities at TJX to discover a career in retail. Learn More Corporate Responsibility Corporate Responsibility is an important part of how we conduct our business. Learn More Investor Information The TJX Companies, Inc. trades on the New York Stock Exchange (NYSE) under the symbol TJX. Learn More 1 As of January 28, 2023, which was the end of the Company's fiscal year. Updated September 2023 Back to Top You are now leaving the TJX Corporate Website. Close Continue You are now being redirected to the TJX Careers Website. Close Continue",2590,success
TJX,TJX Companies,Consumer Discretionary,2018,https://www.tjx.com/company/about-tjx,,,20180701,missing,No closest snapshot found from Wayback Availability API,,,0,missing_snapshot
TJX,TJX Companies,Consumer Discretionary,2019,https://www.tjx.com/company/about-tjx,20230920175005.0,http://web.archive.org/web/20230920175005/https://www.tjx.com/company/about-tjx,20190701,found,,200.0,"About TJX About TJX A Global Off-Price Retailer The TJX Companies, Inc., the leading off-price retailer of apparel and home fashions in the U.S. and worldwide, was ranked 87th in the 2022 Fortune 500 company listings. At the end of Fiscal 2023, the Company had over 4,800 stores across nine countries and three continents, and five distinctive branded e-commerce sites. We operate T.J. Maxx and Marshalls (combined, Marmaxx), HomeGoods, Sierra, and Homesense, as well as tjmaxx.com , marshalls.com , homegoods.com , and sierra.com , in the U.S.; Winners, HomeSense, and Marshalls (combined, TJX Canada) in Canada; and T.K. Maxx in the U.K., Ireland, Germany, Poland, Austria, the Netherlands, and Australia, as well as Homesense in the U.K. and Ireland, and tkmaxx.com , tkmaxx.de , and tkmaxx.at in Europe (combined, TJX International). Our Leadership Carol Meyrowitz Executive Chairman of the Board Ernie Herrman Chief Executive Officer and President READ OUR ANNUAL LETTER TO SHAREHOLDERS Highlights 4,800+ Stores 1 9 Countries 7 E-comm Websites ~329,000 Associates 1 87th Ranked Fortune 500 Our Mission Our mission is to deliver great value to our customers every day. We do this by offering a rapidly changing assortment of quality, fashionable, brand name, and designer merchandise at prices generally 20% to 60% below full-price retailers’ (including department, specialty, and major online retailers) regular prices on comparable merchandise, every day. History of Strong Performance Over the course of our history, our strong financial results and cash generation have allowed us to simultaneously invest in the growth of the business and return cash to shareholders. Learn more Our Off-Price Business Model We believe that we operate one of the most flexible business models in the world. Our inventories turn rapidly, which gives us flexibility to adjust our merchandise assortments more frequently than traditional retailers. Learn More Our Businesses Our Impact Careers With stores and offices around the world, there is a breadth of opportunities at TJX to discover a career in retail. Learn More Corporate Responsibility Corporate Responsibility is an important part of how we conduct our business. Learn More Investor Information The TJX Companies, Inc. trades on the New York Stock Exchange (NYSE) under the symbol TJX. Learn More 1 As of January 28, 2023, which was the end of the Company's fiscal year. Updated September 2023 Back to Top You are now leaving the TJX Corporate Website. Close Continue You are now being redirected to the TJX Careers Website. Close Continue",2590,success
TJX,TJX Companies,Consumer Discretionary,2020,https://www.tjx.com/company/about-tjx,20230920175005.0,http://web.archive.org/web/20230920175005/https://www.tjx.com/company/about-tjx,20200701,found,,200.0,"About TJX About TJX A Global Off-Price Retailer The TJX Companies, Inc., the leading off-price retailer of apparel and home fashions in the U.S. and worldwide, was ranked 87th in the 2022 Fortune 500 company listings. At the end of Fiscal 2023, the Company had over 4,800 stores across nine countries and three continents, and five distinctive branded e-commerce sites. We operate T.J. Maxx and Marshalls (combined, Marmaxx), HomeGoods, Sierra, and Homesense, as well as tjmaxx.com , marshalls.com , homegoods.com , and sierra.com , in the U.S.; Winners, HomeSense, and Marshalls (combined, TJX Canada) in Canada; and T.K. Maxx in the U.K., Ireland, Germany, Poland, Austria, the Netherlands, and Australia, as well as Homesense in the U.K. and Ireland, and tkmaxx.com , tkmaxx.de , and tkmaxx.at in Europe (combined, TJX International). Our Leadership Carol Meyrowitz Executive Chairman of the Board Ernie Herrman Chief Executive Officer and President READ OUR ANNUAL LETTER TO SHAREHOLDERS Highlights 4,800+ Stores 1 9 Countries 7 E-comm Websites ~329,000 Associates 1 87th Ranked Fortune 500 Our Mission Our mission is to deliver great value to our customers every day. We do this by offering a rapidly changing assortment of quality, fashionable, brand name, and designer merchandise at prices generally 20% to 60% below full-price retailers’ (including department, specialty, and major online retailers) regular prices on comparable merchandise, every day. History of Strong Performance Over the course of our history, our strong financial results and cash generation have allowed us to simultaneously invest in the growth of the business and return cash to shareholders. Learn more Our Off-Price Business Model We believe that we operate one of the most flexible business models in the world. Our inventories turn rapidly, which gives us flexibility to adjust our merchandise assortments more frequently than traditional retailers. Learn More Our Businesses Our Impact Careers With stores and offices around the world, there is a breadth of opportunities at TJX to discover a career in retail. Learn More Corporate Responsibility Corporate Responsibility is an important part of how we conduct our business. Learn More Investor Information The TJX Companies, Inc. trades on the New York Stock Exchange (NYSE) under the symbol TJX. Learn More 1 As of January 28, 2023, which was the end of the Company's fiscal year. Updated September 2023 Back to Top You are now leaving the TJX Corporate Website. Close Continue You are now being redirected to the TJX Careers Website. Close Continue",2590,success
TJX,TJX Companies,Consumer Discretionary,2021,https://www.tjx.com/company/about-tjx,20230920175005.0,http://web.archive.org/web/20230920175005/https://www.tjx.com/company/about-tjx,20210701,found,,200.0,"About TJX About TJX A Global Off-Price Retailer The TJX Companies, Inc., the leading off-price retailer of apparel and home fashions in the U.S. and worldwide, was ranked 87th in the 2022 Fortune 500 company listings. At the end of Fiscal 2023, the Company had over 4,800 stores across nine countries and three continents, and five distinctive branded e-commerce sites. We operate T.J. Maxx and Marshalls (combined, Marmaxx), HomeGoods, Sierra, and Homesense, as well as tjmaxx.com , marshalls.com , homegoods.com , and sierra.com , in the U.S.; Winners, HomeSense, and Marshalls (combined, TJX Canada) in Canada; and T.K. Maxx in the U.K., Ireland, Germany, Poland, Austria, the Netherlands, and Australia, as well as Homesense in the U.K. and Ireland, and tkmaxx.com , tkmaxx.de , and tkmaxx.at in Europe (combined, TJX International). Our Leadership Carol Meyrowitz Executive Chairman of the Board Ernie Herrman Chief Executive Officer and President READ OUR ANNUAL LETTER TO SHAREHOLDERS Highlights 4,800+ Stores 1 9 Countries 7 E-comm Websites ~329,000 Associates 1 87th Ranked Fortune 500 Our Mission Our mission is to deliver great value to our customers every day. We do this by offering a rapidly changing assortment of quality, fashionable, brand name, and designer merchandise at prices generally 20% to 60% below full-price retailers’ (including department, specialty, and major online retailers) regular prices on comparable merchandise, every day. History of Strong Performance Over the course of our history, our strong financial results and cash generation have allowed us to simultaneously invest in the growth of the business and return cash to shareholders. Learn more Our Off-Price Business Model We believe that we operate one of the most flexible business models in the world. Our inventories turn rapidly, which gives us flexibility to adjust our merchandise assortments more frequently than traditional retailers. Learn More Our Businesses Our Impact Careers With stores and offices around the world, there is a breadth of opportunities at TJX to discover a career in retail. Learn More Corporate Responsibility Corporate Responsibility is an important part of how we conduct our business. Learn More Investor Information The TJX Companies, Inc. trades on the New York Stock Exchange (NYSE) under the symbol TJX. Learn More 1 As of January 28, 2023, which was the end of the Company's fiscal year. Updated September 2023 Back to Top You are now leaving the TJX Corporate Website. Close Continue You are now being redirected to the TJX Careers Website. Close Continue",2590,success
TJX,TJX Companies,Consumer Discretionary,2022,https://www.tjx.com/company/about-tjx,20230920175005.0,http://web.archive.org/web/20230920175005/https://www.tjx.com/company/about-tjx,20220701,found,,200.0,"About TJX About TJX A Global Off-Price Retailer The TJX Companies, Inc., the leading off-price retailer of apparel and home fashions in the U.S. and worldwide, was ranked 87th in the 2022 Fortune 500 company listings. At the end of Fiscal 2023, the Company had over 4,800 stores across nine countries and three continents, and five distinctive branded e-commerce sites. We operate T.J. Maxx and Marshalls (combined, Marmaxx), HomeGoods, Sierra, and Homesense, as well as tjmaxx.com , marshalls.com , homegoods.com , and sierra.com , in the U.S.; Winners, HomeSense, and Marshalls (combined, TJX Canada) in Canada; and T.K. Maxx in the U.K., Ireland, Germany, Poland, Austria, the Netherlands, and Australia, as well as Homesense in the U.K. and Ireland, and tkmaxx.com , tkmaxx.de , and tkmaxx.at in Europe (combined, TJX International). Our Leadership Carol Meyrowitz Executive Chairman of the Board Ernie Herrman Chief Executive Officer and President READ OUR ANNUAL LETTER TO SHAREHOLDERS Highlights 4,800+ Stores 1 9 Countries 7 E-comm Websites ~329,000 Associates 1 87th Ranked Fortune 500 Our Mission Our mission is to deliver great value to our customers every day. We do this by offering a rapidly changing assortment of quality, fashionable, brand name, and designer merchandise at prices generally 20% to 60% below full-price retailers’ (including department, specialty, and major online retailers) regular prices on comparable merchandise, every day. History of Strong Performance Over the course of our history, our strong financial results and cash generation have allowed us to simultaneously invest in the growth of the business and return cash to shareholders. Learn more Our Off-Price Business Model We believe that we operate one of the most flexible business models in the world. Our inventories turn rapidly, which gives us flexibility to adjust our merchandise assortments more frequently than traditional retailers. Learn More Our Businesses Our Impact Careers With stores and offices around the world, there is a breadth of opportunities at TJX to discover a career in retail. Learn More Corporate Responsibility Corporate Responsibility is an important part of how we conduct our business. Learn More Investor Information The TJX Companies, Inc. trades on the New York Stock Exchange (NYSE) under the symbol TJX. Learn More 1 As of January 28, 2023, which was the end of the Company's fiscal year. Updated September 2023 Back to Top You are now leaving the TJX Corporate Website. Close Continue You are now being redirected to the TJX Careers Website. Close Continue",2590,success
TJX,TJX Companies,Consumer Discretionary,2023,https://www.tjx.com/company/about-tjx,,,20230701,missing,No closest snapshot found from Wayback Availability API,,,0,missing_snapshot
TJX,TJX Companies,Consumer Discretionary,2024,https://www.tjx.com/company/about-tjx,20240705072236.0,http://web.archive.org/web/20240705072236/https://www.tjx.com/company/about-tjx,20240701,found,,200.0,"About TJX About TJX A Global Off-Price Retailer The TJX Companies, Inc., a Fortune 100 company, is the leading off-price retailer of apparel and home fashions in the U.S. and worldwide. Our mission is to deliver great value to customers every day. We do this by offering a rapidly changing assortment of quality, fashionable, brand name, and designer merchandise at prices generally 20% to 60% below full-price retailers’ regular prices on comparable merchandise. We operate over 4,900 stores across nine countries, including TJ Maxx, Marshalls, HomeGoods, Homesense, and Sierra, in the U.S.; Winners, HomeSense, and Marshalls in Canada; TK Maxx and Homesense in Europe, and TK Maxx in Australia. We also operate e-commerce sites for TJ Maxx, Marshalls, and Sierra in the U.S. and three sites for TK Maxx in Europe. Our value mission extends to our corporate responsibility efforts, which are focused on supporting our Associates, giving back in the communities we serve, the environment, and operating ethically. Our Leadership Carol Meyrowitz Executive Chairman of the Board Ernie Herrman Chief Executive Officer and President READ OUR ANNUAL LETTER TO SHAREHOLDERS Opens new window Highlights 4,900+ Stores 1 9 Countries 6 E-comm Websites ~349,000 Associates 1 87th Ranked Fortune 500 Our Mission Our mission is to deliver great value to our customers every day. We do this by offering a rapidly changing assortment of quality, fashionable, brand name, and designer merchandise at prices generally 20% to 60% below full-price retailers’ (including department, specialty, and major online retailers) regular prices on comparable merchandise, every day. History of Strong Performance Over the course of our history, our strong financial results and cash flow generation have allowed us to simultaneously invest in the growth of the business and return significant value to our shareholders. Learn more Our Off-Price Business Model We believe that we operate one of the most flexible business models in the world. Our inventories turn rapidly, which gives us flexibility to adjust our merchandise assortments more frequently than traditional retailers. Learn More Our Businesses Our Impact Careers With stores and offices around the world, there is a breadth of opportunities at TJX to discover a career in retail. Learn More Corporate Responsibility Corporate Responsibility is an important part of how we conduct our business. Learn More Investor Information The TJX Companies, Inc. trades on the New York Stock Exchange (NYSE) under the symbol TJX. Learn More 1 As of February 3, 2024, which was the end of the Company's fiscal year. Updated May 2024 Back to Top You are now leaving the TJX Corporate Website. Close this window and return to current page Close this window and return to current page Continue to external website You are now being redirected to the TJX Careers Website. Close this window and return to current page Close this window and return to current page Continue to external website",3007,success
F,Ford Motor,Consumer Discretionary,2016,https://corporate.ford.com/about/purpose/www/,,,20160701,missing,No closest snapshot found from Wayback Availability API,,,0,missing_snapshot
F,Ford Motor,Consumer Discretionary,2017,https://corporate.ford.com/about/purpose/www/,,,20170701,missing,No closest snapshot found from Wayback Availability API,,,0,missing_snapshot
F,Ford Motor,Consumer Discretionary,2018,https://corporate.ford.com/about/purpose/www/,,,20180701,missing,No closest snapshot found from Wayback Availability API,,,0,missing_snapshot
F,Ford Motor,Consumer Discretionary,2019,https://corporate.ford.com/about/purpose/www/,,,20190701,missing,No closest snapshot found from Wayback Availability API,,,0,missing_snapshot
F,Ford Motor,Consumer Discretionary,2020,https://corporate.ford.com/about/purpose/www/,,,20200701,missing,No closest snapshot found from Wayback Availability API,,,0,missing_snapshot
F,Ford Motor,Consumer Discretionary,2021,https://corporate.ford.com/about/purpose/www/,,,20210701,missing,No closest snapshot found from Wayback Availability API,,,0,missing_snapshot
F,Ford Motor,Consumer Discretionary,2022,https://corporate.ford.com/about/purpose/www/,,,20220701,missing,No closest snapshot found from Wayback Availability API,,,0,missing_snapshot
F,Ford Motor,Consumer Discretionary,2023,https://corporate.ford.com/about/purpose/www/,,,20230701,missing,No closest snapshot found from Wayback Availability API,,,0,missing_snapshot
F,Ford Motor,Consumer Discretionary,2024,https://corporate.ford.com/about/purpose/www/,,,20240701,missing,No closest snapshot found from Wayback Availability API,,,0,missing_snapshot
XOM,ExxonMobil,Energy,2016,https://corporate.exxonmobil.com/who-we-are,20230418190514.0,http://web.archive.org/web/20230418190514/https://corporate.exxonmobil.com/who-we-are,20160701,found,,200.0,"Who we are | ExxonMobil Skip to content close About us Who we are Fueling the world safely and responsibly Access to energy underpins human comfort, mobility, economic prosperity and social progress. It touches nearly every aspect of modern life. Over the course of its long history of more than a century, ExxonMobil has evolved from a regional marketer of kerosene to an advanced energy and chemical innovator, and one of the largest publicly traded companies in the world. An industry leader in almost every aspect of the energy and chemical manufacturing businesses, we operate facilities or market products in most of the world’s countries, explore for oil and natural gas on six continents, and research and develop next-generation technologies to help meet the dual challenge of fueling global economies while addressing the risks of climate change. Worldwide, ExxonMobil markets fuels, lubricants and chemicals under four brands: Esso , Exxon , Mobil and ExxonMobil . Our what Play close Our why Play close Our guiding principles Exxon Mobil Corporation is committed to being the world's premier petroleum and chemical manufacturing company. To that end, we must continuously achieve superior financial and operating results while adhering to high ethical standards. Who we are Article Standards of business conduct How we achieve strong results is as important as the results themselves. The company's directors, officers and employees are expected to observe the highest standards of integrity in conducting business. Who we are Article Our history Over the past 140 years ExxonMobil has evolved from a regional marketer of kerosene in the U.S. to one of the largest publicly traded petroleum and petrochemical enterprises in the world. Who we are Article Corporate governance Good governance is essential for creating long-term viability of business and the economic development of the communities where we operate. ExxonMobil Board of Directors Contact Directors Corporate governance guidelines and additional policies Code of ethics Management committee Corporate and affiliate officers Certificate of incorporation and by-laws Share Share Facebook link opens in a new window Twitter link opens in a new window Linkedin link opens in a new window 1 Email link opens in a new window copy to clipboard close Consumer and business products Quality fuels Get an inside look at the innovation and technology behind our latest Synergy™ unleaded gasoline and diesel fuel products. Gas cards and payment Stay on the go with a range of convenient payment methods such as personal credit cards , gas gift cards and the Speedpass+ mobile payment app . Exxon Mobil Rewards+™ Save on gas, snacks and more with the Exxon Mobil Rewards+™ program . Join now and earn 3¢/gal in points on Synergy™ gas and diesel, and 2¢ in points per $1 spent in the store. Motor oil Finding the right oil is just as important as finding the right fuel. Learn how our advanced Mobil motor oils can optimize and protect your engine. Our stations Ready to fill up? More than 10,000 fueling stations await nationwide. Use our Fuel Finder to locate a station near you or one along your way. Service station customer-related inquiries For decades, Esso, Exxon and Mobil have provided reliable and trusted fuels that not only meet, but exceed customer confidence and expectations.",3353,success
XOM,ExxonMobil,Energy,2017,https://corporate.exxonmobil.com/who-we-are,20230418190514.0,http://web.archive.org/web/20230418190514/https://corporate.exxonmobil.com/who-we-are,20170701,found,,200.0,"Who we are | ExxonMobil Skip to content close About us Who we are Fueling the world safely and responsibly Access to energy underpins human comfort, mobility, economic prosperity and social progress. It touches nearly every aspect of modern life. Over the course of its long history of more than a century, ExxonMobil has evolved from a regional marketer of kerosene to an advanced energy and chemical innovator, and one of the largest publicly traded companies in the world. An industry leader in almost every aspect of the energy and chemical manufacturing businesses, we operate facilities or market products in most of the world’s countries, explore for oil and natural gas on six continents, and research and develop next-generation technologies to help meet the dual challenge of fueling global economies while addressing the risks of climate change. Worldwide, ExxonMobil markets fuels, lubricants and chemicals under four brands: Esso , Exxon , Mobil and ExxonMobil . Our what Play close Our why Play close Our guiding principles Exxon Mobil Corporation is committed to being the world's premier petroleum and chemical manufacturing company. To that end, we must continuously achieve superior financial and operating results while adhering to high ethical standards. Who we are Article Standards of business conduct How we achieve strong results is as important as the results themselves. The company's directors, officers and employees are expected to observe the highest standards of integrity in conducting business. Who we are Article Our history Over the past 140 years ExxonMobil has evolved from a regional marketer of kerosene in the U.S. to one of the largest publicly traded petroleum and petrochemical enterprises in the world. Who we are Article Corporate governance Good governance is essential for creating long-term viability of business and the economic development of the communities where we operate. ExxonMobil Board of Directors Contact Directors Corporate governance guidelines and additional policies Code of ethics Management committee Corporate and affiliate officers Certificate of incorporation and by-laws Share Share Facebook link opens in a new window Twitter link opens in a new window Linkedin link opens in a new window 1 Email link opens in a new window copy to clipboard close Consumer and business products Quality fuels Get an inside look at the innovation and technology behind our latest Synergy™ unleaded gasoline and diesel fuel products. Gas cards and payment Stay on the go with a range of convenient payment methods such as personal credit cards , gas gift cards and the Speedpass+ mobile payment app . Exxon Mobil Rewards+™ Save on gas, snacks and more with the Exxon Mobil Rewards+™ program . Join now and earn 3¢/gal in points on Synergy™ gas and diesel, and 2¢ in points per $1 spent in the store. Motor oil Finding the right oil is just as important as finding the right fuel. Learn how our advanced Mobil motor oils can optimize and protect your engine. Our stations Ready to fill up? More than 10,000 fueling stations await nationwide. Use our Fuel Finder to locate a station near you or one along your way. Service station customer-related inquiries For decades, Esso, Exxon and Mobil have provided reliable and trusted fuels that not only meet, but exceed customer confidence and expectations.",3353,success
XOM,ExxonMobil,Energy,2018,https://corporate.exxonmobil.com/who-we-are,20230418190514.0,http://web.archive.org/web/20230418190514/https://corporate.exxonmobil.com/who-we-are,20180701,found,,200.0,"Who we are | ExxonMobil Skip to content close About us Who we are Fueling the world safely and responsibly Access to energy underpins human comfort, mobility, economic prosperity and social progress. It touches nearly every aspect of modern life. Over the course of its long history of more than a century, ExxonMobil has evolved from a regional marketer of kerosene to an advanced energy and chemical innovator, and one of the largest publicly traded companies in the world. An industry leader in almost every aspect of the energy and chemical manufacturing businesses, we operate facilities or market products in most of the world’s countries, explore for oil and natural gas on six continents, and research and develop next-generation technologies to help meet the dual challenge of fueling global economies while addressing the risks of climate change. Worldwide, ExxonMobil markets fuels, lubricants and chemicals under four brands: Esso , Exxon , Mobil and ExxonMobil . Our what Play close Our why Play close Our guiding principles Exxon Mobil Corporation is committed to being the world's premier petroleum and chemical manufacturing company. To that end, we must continuously achieve superior financial and operating results while adhering to high ethical standards. Who we are Article Standards of business conduct How we achieve strong results is as important as the results themselves. The company's directors, officers and employees are expected to observe the highest standards of integrity in conducting business. Who we are Article Our history Over the past 140 years ExxonMobil has evolved from a regional marketer of kerosene in the U.S. to one of the largest publicly traded petroleum and petrochemical enterprises in the world. Who we are Article Corporate governance Good governance is essential for creating long-term viability of business and the economic development of the communities where we operate. ExxonMobil Board of Directors Contact Directors Corporate governance guidelines and additional policies Code of ethics Management committee Corporate and affiliate officers Certificate of incorporation and by-laws Share Share Facebook link opens in a new window Twitter link opens in a new window Linkedin link opens in a new window 1 Email link opens in a new window copy to clipboard close Consumer and business products Quality fuels Get an inside look at the innovation and technology behind our latest Synergy™ unleaded gasoline and diesel fuel products. Gas cards and payment Stay on the go with a range of convenient payment methods such as personal credit cards , gas gift cards and the Speedpass+ mobile payment app . Exxon Mobil Rewards+™ Save on gas, snacks and more with the Exxon Mobil Rewards+™ program . Join now and earn 3¢/gal in points on Synergy™ gas and diesel, and 2¢ in points per $1 spent in the store. Motor oil Finding the right oil is just as important as finding the right fuel. Learn how our advanced Mobil motor oils can optimize and protect your engine. Our stations Ready to fill up? More than 10,000 fueling stations await nationwide. Use our Fuel Finder to locate a station near you or one along your way. Service station customer-related inquiries For decades, Esso, Exxon and Mobil have provided reliable and trusted fuels that not only meet, but exceed customer confidence and expectations.",3353,success
XOM,ExxonMobil,Energy,2019,https://corporate.exxonmobil.com/who-we-are,20230418190514.0,http://web.archive.org/web/20230418190514/https://corporate.exxonmobil.com/who-we-are,20190701,found,,200.0,"Who we are | ExxonMobil Skip to content close About us Who we are Fueling the world safely and responsibly Access to energy underpins human comfort, mobility, economic prosperity and social progress. It touches nearly every aspect of modern life. Over the course of its long history of more than a century, ExxonMobil has evolved from a regional marketer of kerosene to an advanced energy and chemical innovator, and one of the largest publicly traded companies in the world. An industry leader in almost every aspect of the energy and chemical manufacturing businesses, we operate facilities or market products in most of the world’s countries, explore for oil and natural gas on six continents, and research and develop next-generation technologies to help meet the dual challenge of fueling global economies while addressing the risks of climate change. Worldwide, ExxonMobil markets fuels, lubricants and chemicals under four brands: Esso , Exxon , Mobil and ExxonMobil . Our what Play close Our why Play close Our guiding principles Exxon Mobil Corporation is committed to being the world's premier petroleum and chemical manufacturing company. To that end, we must continuously achieve superior financial and operating results while adhering to high ethical standards. Who we are Article Standards of business conduct How we achieve strong results is as important as the results themselves. The company's directors, officers and employees are expected to observe the highest standards of integrity in conducting business. Who we are Article Our history Over the past 140 years ExxonMobil has evolved from a regional marketer of kerosene in the U.S. to one of the largest publicly traded petroleum and petrochemical enterprises in the world. Who we are Article Corporate governance Good governance is essential for creating long-term viability of business and the economic development of the communities where we operate. ExxonMobil Board of Directors Contact Directors Corporate governance guidelines and additional policies Code of ethics Management committee Corporate and affiliate officers Certificate of incorporation and by-laws Share Share Facebook link opens in a new window Twitter link opens in a new window Linkedin link opens in a new window 1 Email link opens in a new window copy to clipboard close Consumer and business products Quality fuels Get an inside look at the innovation and technology behind our latest Synergy™ unleaded gasoline and diesel fuel products. Gas cards and payment Stay on the go with a range of convenient payment methods such as personal credit cards , gas gift cards and the Speedpass+ mobile payment app . Exxon Mobil Rewards+™ Save on gas, snacks and more with the Exxon Mobil Rewards+™ program . Join now and earn 3¢/gal in points on Synergy™ gas and diesel, and 2¢ in points per $1 spent in the store. Motor oil Finding the right oil is just as important as finding the right fuel. Learn how our advanced Mobil motor oils can optimize and protect your engine. Our stations Ready to fill up? More than 10,000 fueling stations await nationwide. Use our Fuel Finder to locate a station near you or one along your way. Service station customer-related inquiries For decades, Esso, Exxon and Mobil have provided reliable and trusted fuels that not only meet, but exceed customer confidence and expectations.",3353,success
XOM,ExxonMobil,Energy,2020,https://corporate.exxonmobil.com/who-we-are,20230418190514.0,http://web.archive.org/web/20230418190514/https://corporate.exxonmobil.com/who-we-are,20200701,found,,200.0,"Who we are | ExxonMobil Skip to content close About us Who we are Fueling the world safely and responsibly Access to energy underpins human comfort, mobility, economic prosperity and social progress. It touches nearly every aspect of modern life. Over the course of its long history of more than a century, ExxonMobil has evolved from a regional marketer of kerosene to an advanced energy and chemical innovator, and one of the largest publicly traded companies in the world. An industry leader in almost every aspect of the energy and chemical manufacturing businesses, we operate facilities or market products in most of the world’s countries, explore for oil and natural gas on six continents, and research and develop next-generation technologies to help meet the dual challenge of fueling global economies while addressing the risks of climate change. Worldwide, ExxonMobil markets fuels, lubricants and chemicals under four brands: Esso , Exxon , Mobil and ExxonMobil . Our what Play close Our why Play close Our guiding principles Exxon Mobil Corporation is committed to being the world's premier petroleum and chemical manufacturing company. To that end, we must continuously achieve superior financial and operating results while adhering to high ethical standards. Who we are Article Standards of business conduct How we achieve strong results is as important as the results themselves. The company's directors, officers and employees are expected to observe the highest standards of integrity in conducting business. Who we are Article Our history Over the past 140 years ExxonMobil has evolved from a regional marketer of kerosene in the U.S. to one of the largest publicly traded petroleum and petrochemical enterprises in the world. Who we are Article Corporate governance Good governance is essential for creating long-term viability of business and the economic development of the communities where we operate. ExxonMobil Board of Directors Contact Directors Corporate governance guidelines and additional policies Code of ethics Management committee Corporate and affiliate officers Certificate of incorporation and by-laws Share Share Facebook link opens in a new window Twitter link opens in a new window Linkedin link opens in a new window 1 Email link opens in a new window copy to clipboard close Consumer and business products Quality fuels Get an inside look at the innovation and technology behind our latest Synergy™ unleaded gasoline and diesel fuel products. Gas cards and payment Stay on the go with a range of convenient payment methods such as personal credit cards , gas gift cards and the Speedpass+ mobile payment app . Exxon Mobil Rewards+™ Save on gas, snacks and more with the Exxon Mobil Rewards+™ program . Join now and earn 3¢/gal in points on Synergy™ gas and diesel, and 2¢ in points per $1 spent in the store. Motor oil Finding the right oil is just as important as finding the right fuel. Learn how our advanced Mobil motor oils can optimize and protect your engine. Our stations Ready to fill up? More than 10,000 fueling stations await nationwide. Use our Fuel Finder to locate a station near you or one along your way. Service station customer-related inquiries For decades, Esso, Exxon and Mobil have provided reliable and trusted fuels that not only meet, but exceed customer confidence and expectations.",3353,success
XOM,ExxonMobil,Energy,2021,https://corporate.exxonmobil.com/who-we-are,20230418190514.0,http://web.archive.org/web/20230418190514/https://corporate.exxonmobil.com/who-we-are,20210701,found,,200.0,"Who we are | ExxonMobil Skip to content close About us Who we are Fueling the world safely and responsibly Access to energy underpins human comfort, mobility, economic prosperity and social progress. It touches nearly every aspect of modern life. Over the course of its long history of more than a century, ExxonMobil has evolved from a regional marketer of kerosene to an advanced energy and chemical innovator, and one of the largest publicly traded companies in the world. An industry leader in almost every aspect of the energy and chemical manufacturing businesses, we operate facilities or market products in most of the world’s countries, explore for oil and natural gas on six continents, and research and develop next-generation technologies to help meet the dual challenge of fueling global economies while addressing the risks of climate change. Worldwide, ExxonMobil markets fuels, lubricants and chemicals under four brands: Esso , Exxon , Mobil and ExxonMobil . Our what Play close Our why Play close Our guiding principles Exxon Mobil Corporation is committed to being the world's premier petroleum and chemical manufacturing company. To that end, we must continuously achieve superior financial and operating results while adhering to high ethical standards. Who we are Article Standards of business conduct How we achieve strong results is as important as the results themselves. The company's directors, officers and employees are expected to observe the highest standards of integrity in conducting business. Who we are Article Our history Over the past 140 years ExxonMobil has evolved from a regional marketer of kerosene in the U.S. to one of the largest publicly traded petroleum and petrochemical enterprises in the world. Who we are Article Corporate governance Good governance is essential for creating long-term viability of business and the economic development of the communities where we operate. ExxonMobil Board of Directors Contact Directors Corporate governance guidelines and additional policies Code of ethics Management committee Corporate and affiliate officers Certificate of incorporation and by-laws Share Share Facebook link opens in a new window Twitter link opens in a new window Linkedin link opens in a new window 1 Email link opens in a new window copy to clipboard close Consumer and business products Quality fuels Get an inside look at the innovation and technology behind our latest Synergy™ unleaded gasoline and diesel fuel products. Gas cards and payment Stay on the go with a range of convenient payment methods such as personal credit cards , gas gift cards and the Speedpass+ mobile payment app . Exxon Mobil Rewards+™ Save on gas, snacks and more with the Exxon Mobil Rewards+™ program . Join now and earn 3¢/gal in points on Synergy™ gas and diesel, and 2¢ in points per $1 spent in the store. Motor oil Finding the right oil is just as important as finding the right fuel. Learn how our advanced Mobil motor oils can optimize and protect your engine. Our stations Ready to fill up? More than 10,000 fueling stations await nationwide. Use our Fuel Finder to locate a station near you or one along your way. Service station customer-related inquiries For decades, Esso, Exxon and Mobil have provided reliable and trusted fuels that not only meet, but exceed customer confidence and expectations.",3353,success
XOM,ExxonMobil,Energy,2022,https://corporate.exxonmobil.com/who-we-are,20230418190514.0,http://web.archive.org/web/20230418190514/https://corporate.exxonmobil.com/who-we-are,20220701,found,,200.0,"Who we are | ExxonMobil Skip to content close About us Who we are Fueling the world safely and responsibly Access to energy underpins human comfort, mobility, economic prosperity and social progress. It touches nearly every aspect of modern life. Over the course of its long history of more than a century, ExxonMobil has evolved from a regional marketer of kerosene to an advanced energy and chemical innovator, and one of the largest publicly traded companies in the world. An industry leader in almost every aspect of the energy and chemical manufacturing businesses, we operate facilities or market products in most of the world’s countries, explore for oil and natural gas on six continents, and research and develop next-generation technologies to help meet the dual challenge of fueling global economies while addressing the risks of climate change. Worldwide, ExxonMobil markets fuels, lubricants and chemicals under four brands: Esso , Exxon , Mobil and ExxonMobil . Our what Play close Our why Play close Our guiding principles Exxon Mobil Corporation is committed to being the world's premier petroleum and chemical manufacturing company. To that end, we must continuously achieve superior financial and operating results while adhering to high ethical standards. Who we are Article Standards of business conduct How we achieve strong results is as important as the results themselves. The company's directors, officers and employees are expected to observe the highest standards of integrity in conducting business. Who we are Article Our history Over the past 140 years ExxonMobil has evolved from a regional marketer of kerosene in the U.S. to one of the largest publicly traded petroleum and petrochemical enterprises in the world. Who we are Article Corporate governance Good governance is essential for creating long-term viability of business and the economic development of the communities where we operate. ExxonMobil Board of Directors Contact Directors Corporate governance guidelines and additional policies Code of ethics Management committee Corporate and affiliate officers Certificate of incorporation and by-laws Share Share Facebook link opens in a new window Twitter link opens in a new window Linkedin link opens in a new window 1 Email link opens in a new window copy to clipboard close Consumer and business products Quality fuels Get an inside look at the innovation and technology behind our latest Synergy™ unleaded gasoline and diesel fuel products. Gas cards and payment Stay on the go with a range of convenient payment methods such as personal credit cards , gas gift cards and the Speedpass+ mobile payment app . Exxon Mobil Rewards+™ Save on gas, snacks and more with the Exxon Mobil Rewards+™ program . Join now and earn 3¢/gal in points on Synergy™ gas and diesel, and 2¢ in points per $1 spent in the store. Motor oil Finding the right oil is just as important as finding the right fuel. Learn how our advanced Mobil motor oils can optimize and protect your engine. Our stations Ready to fill up? More than 10,000 fueling stations await nationwide. Use our Fuel Finder to locate a station near you or one along your way. Service station customer-related inquiries For decades, Esso, Exxon and Mobil have provided reliable and trusted fuels that not only meet, but exceed customer confidence and expectations.",3353,success
XOM,ExxonMobil,Energy,2023,https://corporate.exxonmobil.com/who-we-are,20230606135508.0,http://web.archive.org/web/20230606135508/https://corporate.exxonmobil.com/who-we-are,20230701,found,,200.0,"Who we are | ExxonMobil Skip to content close About us Who we are selected item Fueling the world safely and responsibly Access to energy underpins human comfort, mobility, economic prosperity and social progress. It touches nearly every aspect of modern life. Over the course of its long history of more than a century, ExxonMobil has evolved from a regional marketer of kerosene to an advanced energy and chemical innovator, and one of the largest publicly traded companies in the world. An industry leader in almost every aspect of the energy and chemical manufacturing businesses, we operate facilities or market products in most of the world’s countries, explore for oil and natural gas on six continents, and research and develop next-generation technologies to help meet the dual challenge of fueling global economies while addressing the risks of climate change. Worldwide, ExxonMobil markets fuels, lubricants and chemicals under four brands: Esso , Exxon , Mobil and ExxonMobil . Our what Play close Our why Play close Our guiding principles Exxon Mobil Corporation is committed to being the world's premier petroleum and chemical manufacturing company. To that end, we must continuously achieve superior financial and operating results while adhering to high ethical standards. Who we are Article Standards of business conduct How we achieve strong results is as important as the results themselves. The company's directors, officers and employees are expected to observe the highest standards of integrity in conducting business. Who we are Article Our history Over the past 140 years ExxonMobil has evolved from a regional marketer of kerosene in the U.S. to one of the largest publicly traded petroleum and petrochemical enterprises in the world. Who we are Article Corporate governance Good governance is essential for creating long-term viability of business and the economic development of the communities where we operate. ExxonMobil Board of Directors Contact Directors Corporate governance guidelines and additional policies Code of ethics Management committee Corporate and affiliate officers Certificate of incorporation and by-laws Share Share Facebook link opens in a new window Twitter link opens in a new window Linkedin link opens in a new window 1 Email link opens in a new window copy to clipboard close Consumer and business products Quality fuels Get an inside look at the innovation and technology behind our latest Synergy™ unleaded gasoline and diesel fuel products. Gas cards and payment Stay on the go with a range of convenient payment methods such as personal credit cards , gas gift cards and the Speedpass+ mobile payment app . Exxon Mobil Rewards+™ Save on gas, snacks and more with the Exxon Mobil Rewards+™ program . Join now and earn 3¢/gal in points on Synergy™ gas and diesel, and 2¢ in points per $1 spent in the store. Motor oil Finding the right oil is just as important as finding the right fuel. Learn how our advanced Mobil motor oils can optimize and protect your engine. Our stations Ready to fill up? More than 10,000 fueling stations await nationwide. Use our Fuel Finder to locate a station near you or one along your way. Service station customer-related inquiries For decades, Esso, Exxon and Mobil have provided reliable and trusted fuels that not only meet, but exceed customer confidence and expectations.",3367,success
XOM,ExxonMobil,Energy,2024,https://corporate.exxonmobil.com/who-we-are,,,20240701,missing,No closest snapshot found from Wayback Availability API,,,0,missing_snapshot
CVX,Chevron,Energy,2016,https://www.chevron.com/who-we-are/culture/the-chevron-way,,,20160701,missing,No closest snapshot found from Wayback Availability API,,,0,missing_snapshot
CVX,Chevron,Energy,2017,https://www.chevron.com/who-we-are/culture/the-chevron-way,20231214131749.0,http://web.archive.org/web/20231214131749/https://www.chevron.com/who-we-are/culture/the-chevron-way,20170701,found,,200.0,"The Chevron Way — Chevron skip to main content close subscribe to our newsletter to receive news and updates. sign up now the chevron way getting results the right way The Chevron Way explains our beliefs, vision, purpose and values. It guides how we work and establishes a common understanding of our culture and aspirations. Human ingenuity has the power to solve any challenge and overcome any obstacle. Meeting the world’s growing energy needs demands pursuit of innovations and advancements that deliver a better future for all. ourbeliefs the chevron way is our past, our present and our future watch the chevron way evolution video opens in new window explore our history “The Chevron Way provides a foundation for what we value, what we believe and how we behave. Throughout our history, Chevron has been a place where trust, respect and humility define our culture and where performance, truth and accountability guide the way. We believe the future of energy will be lower carbon, and we intend to be a leader in that future.” Mike Wirth Chairman and Chief Executive Officer ourbeliefs our purpose is to develop the affordable, reliable, ever-cleaner energy that enables human progress We work to provide the energy that enables human progress around the world. We live this purpose every day. see how we enable human progress The imagination and perseverance of people will deliver solutions to energy’s greatest challenges. learn how we tap into emerging technologies Our actions will make energy and global supply chains more sustainable, helping industries and customers who use our products advance a lower carbon world. explore our lower carbon initiatives Meeting rising expectations demands performance and accountability at the highest level. We aim to deliver industry-leading results. learn about our operational excellence ourvalues our vision is to be the global energy company most admired for its people, partnership and performance our values diversity and inclusion We learn from and respect the cultures in which we operate. We have an inclusive work environment that values the uniqueness and diversity of individual talents, experiences and ideas. leading performance We develop leaders and collaborate as one team to deliver industry-leading performance. We continually raise the bar on actions and outcomes that meet the high expectations of our stakeholders. learn more about our performance partnership We build trusting, mutually beneficial relationships. We work together – and with our partners – to achieve solutions and breakthroughs that benefit our shareholders and society. people and the environment We aim to lead our industry in health, safety and environmental performance. The protection of people, assets, communities and the environment is our highest priority. see our actions to help address climate change trust and integrity We earn trust and respect by acting with integrity and operating with the highest ethical standards. Our culture and reputation are built upon these principles. find our ethics code and standards howwework how we work align and inspire We set clear expectations and communicate shared purpose. build relationships We build trust by keeping our commitments, fostering a workplace where everyone belongs and collaborating across boundaries in high-performing teams. grow capabilities We develop ourselves by giving and receiving feedback and taking well-reasoned risks to maintain competitive advantage. deliver results We empower people to make decisions and remove barriers to achieve results. translations pdf Arabic pdf opens in new window pdf Bahasa Indonesia pdf opens in new window pdf Bengali pdf opens in new window pdf Chinese pdf opens in new window pdf Dutch pdf opens in new window pdf English pdf opens in new window pdf French pdf opens in new window pdf German pdf opens in new window pdf Greek pdf opens in new window pdf Hebrew pdf opens in new window pdf Kazakh pdf opens in new window pdf Kurdish pdf opens in new window pdf Portuguese – Angolan pdf opens in new window pdf Portuguese – Brazilian pdf opens in new window pdf Russian pdf opens in new window pdf Spanish – Latin American pdf opens in new window pdf Thai pdf opens in new window",4238,success
CVX,Chevron,Energy,2018,https://www.chevron.com/who-we-are/culture/the-chevron-way,20231214131749.0,http://web.archive.org/web/20231214131749/https://www.chevron.com/who-we-are/culture/the-chevron-way,20180701,found,,200.0,"The Chevron Way — Chevron skip to main content close subscribe to our newsletter to receive news and updates. sign up now the chevron way getting results the right way The Chevron Way explains our beliefs, vision, purpose and values. It guides how we work and establishes a common understanding of our culture and aspirations. Human ingenuity has the power to solve any challenge and overcome any obstacle. Meeting the world’s growing energy needs demands pursuit of innovations and advancements that deliver a better future for all. ourbeliefs the chevron way is our past, our present and our future watch the chevron way evolution video opens in new window explore our history “The Chevron Way provides a foundation for what we value, what we believe and how we behave. Throughout our history, Chevron has been a place where trust, respect and humility define our culture and where performance, truth and accountability guide the way. We believe the future of energy will be lower carbon, and we intend to be a leader in that future.” Mike Wirth Chairman and Chief Executive Officer ourbeliefs our purpose is to develop the affordable, reliable, ever-cleaner energy that enables human progress We work to provide the energy that enables human progress around the world. We live this purpose every day. see how we enable human progress The imagination and perseverance of people will deliver solutions to energy’s greatest challenges. learn how we tap into emerging technologies Our actions will make energy and global supply chains more sustainable, helping industries and customers who use our products advance a lower carbon world. explore our lower carbon initiatives Meeting rising expectations demands performance and accountability at the highest level. We aim to deliver industry-leading results. learn about our operational excellence ourvalues our vision is to be the global energy company most admired for its people, partnership and performance our values diversity and inclusion We learn from and respect the cultures in which we operate. We have an inclusive work environment that values the uniqueness and diversity of individual talents, experiences and ideas. leading performance We develop leaders and collaborate as one team to deliver industry-leading performance. We continually raise the bar on actions and outcomes that meet the high expectations of our stakeholders. learn more about our performance partnership We build trusting, mutually beneficial relationships. We work together – and with our partners – to achieve solutions and breakthroughs that benefit our shareholders and society. people and the environment We aim to lead our industry in health, safety and environmental performance. The protection of people, assets, communities and the environment is our highest priority. see our actions to help address climate change trust and integrity We earn trust and respect by acting with integrity and operating with the highest ethical standards. Our culture and reputation are built upon these principles. find our ethics code and standards howwework how we work align and inspire We set clear expectations and communicate shared purpose. build relationships We build trust by keeping our commitments, fostering a workplace where everyone belongs and collaborating across boundaries in high-performing teams. grow capabilities We develop ourselves by giving and receiving feedback and taking well-reasoned risks to maintain competitive advantage. deliver results We empower people to make decisions and remove barriers to achieve results. translations pdf Arabic pdf opens in new window pdf Bahasa Indonesia pdf opens in new window pdf Bengali pdf opens in new window pdf Chinese pdf opens in new window pdf Dutch pdf opens in new window pdf English pdf opens in new window pdf French pdf opens in new window pdf German pdf opens in new window pdf Greek pdf opens in new window pdf Hebrew pdf opens in new window pdf Kazakh pdf opens in new window pdf Kurdish pdf opens in new window pdf Portuguese – Angolan pdf opens in new window pdf Portuguese – Brazilian pdf opens in new window pdf Russian pdf opens in new window pdf Spanish – Latin American pdf opens in new window pdf Thai pdf opens in new window",4238,success
CVX,Chevron,Energy,2019,https://www.chevron.com/who-we-are/culture/the-chevron-way,20231214131749.0,http://web.archive.org/web/20231214131749/https://www.chevron.com/who-we-are/culture/the-chevron-way,20190701,found,,200.0,"The Chevron Way — Chevron skip to main content close subscribe to our newsletter to receive news and updates. sign up now the chevron way getting results the right way The Chevron Way explains our beliefs, vision, purpose and values. It guides how we work and establishes a common understanding of our culture and aspirations. Human ingenuity has the power to solve any challenge and overcome any obstacle. Meeting the world’s growing energy needs demands pursuit of innovations and advancements that deliver a better future for all. ourbeliefs the chevron way is our past, our present and our future watch the chevron way evolution video opens in new window explore our history “The Chevron Way provides a foundation for what we value, what we believe and how we behave. Throughout our history, Chevron has been a place where trust, respect and humility define our culture and where performance, truth and accountability guide the way. We believe the future of energy will be lower carbon, and we intend to be a leader in that future.” Mike Wirth Chairman and Chief Executive Officer ourbeliefs our purpose is to develop the affordable, reliable, ever-cleaner energy that enables human progress We work to provide the energy that enables human progress around the world. We live this purpose every day. see how we enable human progress The imagination and perseverance of people will deliver solutions to energy’s greatest challenges. learn how we tap into emerging technologies Our actions will make energy and global supply chains more sustainable, helping industries and customers who use our products advance a lower carbon world. explore our lower carbon initiatives Meeting rising expectations demands performance and accountability at the highest level. We aim to deliver industry-leading results. learn about our operational excellence ourvalues our vision is to be the global energy company most admired for its people, partnership and performance our values diversity and inclusion We learn from and respect the cultures in which we operate. We have an inclusive work environment that values the uniqueness and diversity of individual talents, experiences and ideas. leading performance We develop leaders and collaborate as one team to deliver industry-leading performance. We continually raise the bar on actions and outcomes that meet the high expectations of our stakeholders. learn more about our performance partnership We build trusting, mutually beneficial relationships. We work together – and with our partners – to achieve solutions and breakthroughs that benefit our shareholders and society. people and the environment We aim to lead our industry in health, safety and environmental performance. The protection of people, assets, communities and the environment is our highest priority. see our actions to help address climate change trust and integrity We earn trust and respect by acting with integrity and operating with the highest ethical standards. Our culture and reputation are built upon these principles. find our ethics code and standards howwework how we work align and inspire We set clear expectations and communicate shared purpose. build relationships We build trust by keeping our commitments, fostering a workplace where everyone belongs and collaborating across boundaries in high-performing teams. grow capabilities We develop ourselves by giving and receiving feedback and taking well-reasoned risks to maintain competitive advantage. deliver results We empower people to make decisions and remove barriers to achieve results. translations pdf Arabic pdf opens in new window pdf Bahasa Indonesia pdf opens in new window pdf Bengali pdf opens in new window pdf Chinese pdf opens in new window pdf Dutch pdf opens in new window pdf English pdf opens in new window pdf French pdf opens in new window pdf German pdf opens in new window pdf Greek pdf opens in new window pdf Hebrew pdf opens in new window pdf Kazakh pdf opens in new window pdf Kurdish pdf opens in new window pdf Portuguese – Angolan pdf opens in new window pdf Portuguese – Brazilian pdf opens in new window pdf Russian pdf opens in new window pdf Spanish – Latin American pdf opens in new window pdf Thai pdf opens in new window",4238,success
CVX,Chevron,Energy,2020,https://www.chevron.com/who-we-are/culture/the-chevron-way,20231214131749.0,http://web.archive.org/web/20231214131749/https://www.chevron.com/who-we-are/culture/the-chevron-way,20200701,found,,200.0,"The Chevron Way — Chevron skip to main content close subscribe to our newsletter to receive news and updates. sign up now the chevron way getting results the right way The Chevron Way explains our beliefs, vision, purpose and values. It guides how we work and establishes a common understanding of our culture and aspirations. Human ingenuity has the power to solve any challenge and overcome any obstacle. Meeting the world’s growing energy needs demands pursuit of innovations and advancements that deliver a better future for all. ourbeliefs the chevron way is our past, our present and our future watch the chevron way evolution video opens in new window explore our history “The Chevron Way provides a foundation for what we value, what we believe and how we behave. Throughout our history, Chevron has been a place where trust, respect and humility define our culture and where performance, truth and accountability guide the way. We believe the future of energy will be lower carbon, and we intend to be a leader in that future.” Mike Wirth Chairman and Chief Executive Officer ourbeliefs our purpose is to develop the affordable, reliable, ever-cleaner energy that enables human progress We work to provide the energy that enables human progress around the world. We live this purpose every day. see how we enable human progress The imagination and perseverance of people will deliver solutions to energy’s greatest challenges. learn how we tap into emerging technologies Our actions will make energy and global supply chains more sustainable, helping industries and customers who use our products advance a lower carbon world. explore our lower carbon initiatives Meeting rising expectations demands performance and accountability at the highest level. We aim to deliver industry-leading results. learn about our operational excellence ourvalues our vision is to be the global energy company most admired for its people, partnership and performance our values diversity and inclusion We learn from and respect the cultures in which we operate. We have an inclusive work environment that values the uniqueness and diversity of individual talents, experiences and ideas. leading performance We develop leaders and collaborate as one team to deliver industry-leading performance. We continually raise the bar on actions and outcomes that meet the high expectations of our stakeholders. learn more about our performance partnership We build trusting, mutually beneficial relationships. We work together – and with our partners – to achieve solutions and breakthroughs that benefit our shareholders and society. people and the environment We aim to lead our industry in health, safety and environmental performance. The protection of people, assets, communities and the environment is our highest priority. see our actions to help address climate change trust and integrity We earn trust and respect by acting with integrity and operating with the highest ethical standards. Our culture and reputation are built upon these principles. find our ethics code and standards howwework how we work align and inspire We set clear expectations and communicate shared purpose. build relationships We build trust by keeping our commitments, fostering a workplace where everyone belongs and collaborating across boundaries in high-performing teams. grow capabilities We develop ourselves by giving and receiving feedback and taking well-reasoned risks to maintain competitive advantage. deliver results We empower people to make decisions and remove barriers to achieve results. translations pdf Arabic pdf opens in new window pdf Bahasa Indonesia pdf opens in new window pdf Bengali pdf opens in new window pdf Chinese pdf opens in new window pdf Dutch pdf opens in new window pdf English pdf opens in new window pdf French pdf opens in new window pdf German pdf opens in new window pdf Greek pdf opens in new window pdf Hebrew pdf opens in new window pdf Kazakh pdf opens in new window pdf Kurdish pdf opens in new window pdf Portuguese – Angolan pdf opens in new window pdf Portuguese – Brazilian pdf opens in new window pdf Russian pdf opens in new window pdf Spanish – Latin American pdf opens in new window pdf Thai pdf opens in new window",4238,success
CVX,Chevron,Energy,2021,https://www.chevron.com/who-we-are/culture/the-chevron-way,20231214131749.0,http://web.archive.org/web/20231214131749/https://www.chevron.com/who-we-are/culture/the-chevron-way,20210701,found,,200.0,"The Chevron Way — Chevron skip to main content close subscribe to our newsletter to receive news and updates. sign up now the chevron way getting results the right way The Chevron Way explains our beliefs, vision, purpose and values. It guides how we work and establishes a common understanding of our culture and aspirations. Human ingenuity has the power to solve any challenge and overcome any obstacle. Meeting the world’s growing energy needs demands pursuit of innovations and advancements that deliver a better future for all. ourbeliefs the chevron way is our past, our present and our future watch the chevron way evolution video opens in new window explore our history “The Chevron Way provides a foundation for what we value, what we believe and how we behave. Throughout our history, Chevron has been a place where trust, respect and humility define our culture and where performance, truth and accountability guide the way. We believe the future of energy will be lower carbon, and we intend to be a leader in that future.” Mike Wirth Chairman and Chief Executive Officer ourbeliefs our purpose is to develop the affordable, reliable, ever-cleaner energy that enables human progress We work to provide the energy that enables human progress around the world. We live this purpose every day. see how we enable human progress The imagination and perseverance of people will deliver solutions to energy’s greatest challenges. learn how we tap into emerging technologies Our actions will make energy and global supply chains more sustainable, helping industries and customers who use our products advance a lower carbon world. explore our lower carbon initiatives Meeting rising expectations demands performance and accountability at the highest level. We aim to deliver industry-leading results. learn about our operational excellence ourvalues our vision is to be the global energy company most admired for its people, partnership and performance our values diversity and inclusion We learn from and respect the cultures in which we operate. We have an inclusive work environment that values the uniqueness and diversity of individual talents, experiences and ideas. leading performance We develop leaders and collaborate as one team to deliver industry-leading performance. We continually raise the bar on actions and outcomes that meet the high expectations of our stakeholders. learn more about our performance partnership We build trusting, mutually beneficial relationships. We work together – and with our partners – to achieve solutions and breakthroughs that benefit our shareholders and society. people and the environment We aim to lead our industry in health, safety and environmental performance. The protection of people, assets, communities and the environment is our highest priority. see our actions to help address climate change trust and integrity We earn trust and respect by acting with integrity and operating with the highest ethical standards. Our culture and reputation are built upon these principles. find our ethics code and standards howwework how we work align and inspire We set clear expectations and communicate shared purpose. build relationships We build trust by keeping our commitments, fostering a workplace where everyone belongs and collaborating across boundaries in high-performing teams. grow capabilities We develop ourselves by giving and receiving feedback and taking well-reasoned risks to maintain competitive advantage. deliver results We empower people to make decisions and remove barriers to achieve results. translations pdf Arabic pdf opens in new window pdf Bahasa Indonesia pdf opens in new window pdf Bengali pdf opens in new window pdf Chinese pdf opens in new window pdf Dutch pdf opens in new window pdf English pdf opens in new window pdf French pdf opens in new window pdf German pdf opens in new window pdf Greek pdf opens in new window pdf Hebrew pdf opens in new window pdf Kazakh pdf opens in new window pdf Kurdish pdf opens in new window pdf Portuguese – Angolan pdf opens in new window pdf Portuguese – Brazilian pdf opens in new window pdf Russian pdf opens in new window pdf Spanish – Latin American pdf opens in new window pdf Thai pdf opens in new window",4238,success
CVX,Chevron,Energy,2022,https://www.chevron.com/who-we-are/culture/the-chevron-way,,,20220701,missing,No closest snapshot found from Wayback Availability API,,,0,missing_snapshot
CVX,Chevron,Energy,2023,https://www.chevron.com/who-we-are/culture/the-chevron-way,,,20230701,missing,No closest snapshot found from Wayback Availability API,,,0,missing_snapshot
CVX,Chevron,Energy,2024,https://www.chevron.com/who-we-are/culture/the-chevron-way,,,20240701,missing,No closest snapshot found from Wayback Availability API,,,0,missing_snapshot
COP,ConocoPhillips,Energy,2016,https://www.conocophillips.com/about-us/who-we-are/,,,20160701,missing,No closest snapshot found from Wayback Availability API,,,0,missing_snapshot
COP,ConocoPhillips,Energy,2017,https://www.conocophillips.com/about-us/who-we-are/,,,20170701,missing,No closest snapshot found from Wayback Availability API,,,0,missing_snapshot
COP,ConocoPhillips,Energy,2018,https://www.conocophillips.com/about-us/who-we-are/,20190318004021.0,http://web.archive.org/web/20190318004021/http://www.conocophillips.com:80/about-us/who-we-are/,20180701,found,,200.0,"Who We Are | ConocoPhillips Skip to Main Content Who We Are We are challenged with an important job to safely find and deliver energy to the world. Our employees, contractors, vendors, investors and community partners are critical to our success. We couldn’t power civilization without them. We’re grounded by values that position us to deliver strong performance in a dynamic business – but not at all costs. We believe it’s not just what we do – it’s how we do it – that sets us apart. I Work for ConocoPhillips 2:39 Play Time Watch the Video Watch the Video I Work for ConocoPhillips 2:39 Play Time Watch the Video ConocoPhillips Intern Experience 3:50 Play Time Watch the Video Day in the Life: Brittney Day 1:42 Play Time Watch the Video Employee Networks: Asian American Network 2:33 Play Time Watch the Video I Work for ConocoPhillips 2:39 Play Time Watch the Video ConocoPhillips Intern Experience 3:50 Play Time Watch the Video Day in the Life: Brittney Day 1:42 Play Time Watch the Video Employee Networks: Asian American Network 2:33 Play Time Our Mission We exist to power civilization. Our Vision We will be the E&P company of choice for all stakeholders. SPIRIT Values We respect one another, recognizing that our success depends upon our employees. We create an inclusive environment that reflects the different backgrounds, experiences, ideas and perspectives of our employees. Learn More Our Culture How we do our work is what sets us apart and drives our performance. We’re experts in what we do and continuously find ways to do our jobs better. Our different backgrounds, ideas and views drive our success. Together, we deliver strong performance, but not at all costs. We embrace core culture attributes that are shared by everyone, everywhere. How We Win Smart Growth . Superior Returns . SPIRIT Values . Feature Stories Norway: Knowledge-sharing across the globe Feature Stories Restoring coastal wetlands Feature Stories Lifting the community ConocoPhillips’ Aviation group gives back Back to Top Share On Facebook Twitter LinkedIn Print Add to PDF Generate PDF Remove Back to Top Share On Facebook Twitter LinkedIn Print Add to PDF Generate PDF Remove Close Menu Business Units Instagram LinkedIn Twitter Facebook YouTube Generating PDF Loading... Please Wait Your PDF is Ready Download PDF",2314,success
COP,ConocoPhillips,Energy,2019,https://www.conocophillips.com/about-us/who-we-are/,,,20190701,missing,No closest snapshot found from Wayback Availability API,,,0,missing_snapshot
COP,ConocoPhillips,Energy,2020,https://www.conocophillips.com/about-us/who-we-are/,20200627233450.0,http://web.archive.org/web/20200627233450/http://www.conocophillips.com:80/about-us/who-we-are/,20200701,found,,200.0,"Who We Are | ConocoPhillips ConocoPhillips More Social Instagram LinkedIn Twitter Facebook YouTube Search Who We Are We are challenged with an important job to safely find and deliver energy to the world. Our employees, contractors, vendors, investors and community partners are critical to our success. We couldn’t power civilization without them. We’re grounded by values that position us to deliver strong performance in a dynamic business – but not at all costs. We believe it’s not just what we do – it’s how we do it – that sets us apart. I Work for ConocoPhillips 2:39 Play Time Watch the Video Watch the Video I Work for ConocoPhillips 2:39 Play Time Watch the Video ConocoPhillips Intern Experience 3:50 Play Time Watch the Video Day in the Life: Brittney Day 1:42 Play Time Watch the Video Employee Networks: Asian American Network 2:33 Play Time Watch the Video I Work for ConocoPhillips 2:39 Play Time Watch the Video ConocoPhillips Intern Experience 3:50 Play Time Watch the Video Day in the Life: Brittney Day 1:42 Play Time Watch the Video Employee Networks: Asian American Network 2:33 Play Time Our Mission We exist to power civilization. Our Vision We will be the E&P company of choice for all stakeholders. SPIRIT Values We respect one another, recognizing that our success depends upon our employees. We create an inclusive environment that reflects the different backgrounds, experiences, ideas and perspectives of our employees. Learn More Our Culture How we do our work is what sets us apart and drives our performance. We’re experts in what we do and continuously find ways to do our jobs better. Our different backgrounds, ideas and views drive our success. Together, we deliver strong performance, but not at all costs. We embrace core culture attributes that are shared by everyone, everywhere. How We Win Smart Growth . Superior Returns . SPIRIT Values . spiritnow Stories Our online publication provides readers with a closer look into every aspect of the company. View all spiritNow Articles Feature Stories Norway: Knowledge-sharing across the globe Feature Stories Restoring coastal wetlands Feature Stories Lifting the community ConocoPhillips’ Aviation group gives back Back to Top Share On Facebook Twitter LinkedIn Print Sustainability Report Builder Back to Top Share On Facebook Twitter LinkedIn Print Sustainability Report Builder Close Menu Business Units Instagram LinkedIn Twitter Facebook YouTube Generating PDF Loading... Please Wait Your PDF is Ready Download PDF",2508,success
COP,ConocoPhillips,Energy,2021,https://www.conocophillips.com/about-us/who-we-are/,20210818141347.0,http://web.archive.org/web/20210818141347/https://www.conocophillips.com/about-us/who-we-are/,20210701,found,,200.0,"Who We Are | ConocoPhillips Close This website uses functional and analytics cookies to provide the best user experience. By clicking accept, you consent to the use of cookies while browsing this site. Visit our for more information. Accept Manage Preferences ConocoPhillips More Social Instagram LinkedIn Twitter Facebook YouTube Search Who We Are We are challenged with an important job to safely find and deliver energy to the world. Our employees, contractors, vendors, investors and community partners are critical to our success. We couldn’t power civilization without them. We’re grounded by values that position us to deliver strong performance in a dynamic business – but not at all costs. We believe it’s not just what we do – it’s how we do it – that sets us apart. I Work for ConocoPhillips 2:03 Play Time Watch the Video Watch the Video I Work for ConocoPhillips 2:03 Play Time Watch the Video ConocoPhillips Intern Experience 3:50 Play Time Watch the Video Day in the Life: Brittney Day 1:42 Play Time Watch the Video Employee Networks: Asian American Network 2:33 Play Time Watch the Video I Work for ConocoPhillips 2:03 Play Time Watch the Video ConocoPhillips Intern Experience 3:50 Play Time Watch the Video Day in the Life: Brittney Day 1:42 Play Time Watch the Video Employee Networks: Asian American Network 2:33 Play Time Our Mission We exist to power civilization. Our Vision We will be the E&P company of choice for all stakeholders. SPIRIT Values We respect one another, recognizing that our success depends upon our employees. We create an inclusive environment that reflects the different backgrounds, experiences, ideas and perspectives of our employees. Learn More Our Culture How we do our work is what sets us apart and drives our performance. We’re experts in what we do and continuously find ways to do our jobs better. Our different backgrounds, ideas and views drive our success. Together, we deliver strong performance, but not at all costs. We embrace our core cultural attributes that are shared by everyone, everywhere. How We Win Smart Growth . Superior Returns . SPIRIT Values . spiritnow Stories Our online publication provides readers with a closer look into every aspect of the company. View all spiritNow Articles Feature Stories Norway: Knowledge-sharing across the globe Feature Stories Restoring coastal wetlands Feature Stories Lifting the community ConocoPhillips’ Aviation group gives back Back to Top Share On Facebook Twitter LinkedIn Print Sustainability Report Builder Back to Top Share On Facebook Twitter LinkedIn Print Sustainability Report Builder Close Menu Business Units Instagram LinkedIn Twitter Facebook YouTube Generating PDF Loading... Please Wait Your PDF is Ready Download PDF",2745,success
COP,ConocoPhillips,Energy,2022,https://www.conocophillips.com/about-us/who-we-are/,20220606215658.0,http://web.archive.org/web/20220606215658/https://www.conocophillips.com/about-us/who-we-are/,20220701,found,,200.0,"Who We Are | ConocoPhillips ConocoPhillips More Social Instagram LinkedIn Twitter Facebook YouTube Search Who We Are We are challenged with an important job to safely find and deliver energy to the world. Our employees, contractors, vendors, investors and community partners are critical to our success. We couldn’t power civilization without them. We’re grounded by values that position us to deliver strong performance in a dynamic business – but not at all costs. We believe it’s not just what we do – it’s how we do it – that sets us apart. I Work for ConocoPhillips 2:03 Play Time Watch the Video Watch the Video I Work for ConocoPhillips 2:03 Play Time Watch the Video ConocoPhillips Intern Experience 3:50 Play Time Watch the Video Day in the Life: Brittney Day 1:42 Play Time Watch the Video Employee Networks: Asian American Network 2:33 Play Time Watch the Video I Work for ConocoPhillips 2:03 Play Time Watch the Video ConocoPhillips Intern Experience 3:50 Play Time Watch the Video Day in the Life: Brittney Day 1:42 Play Time Watch the Video Employee Networks: Asian American Network 2:33 Play Time Our Mission We exist to power civilization. Our Vision We will be the E&P company of choice for all stakeholders. SPIRIT Values We respect one another, recognizing that our success depends upon our employees. We create an inclusive environment that reflects the different backgrounds, experiences, ideas and perspectives of our employees. Learn More Our Culture How we do our work is what sets us apart and drives our performance. We’re experts in what we do and continuously find ways to do our jobs better. Our different backgrounds, ideas and views drive our success. Together, we deliver strong performance, but not at all costs. We embrace our core cultural attributes that are shared by everyone, everywhere. How We Win Smart Growth . Superior Returns . SPIRIT Values . spiritnow Stories Our online publication provides readers with a closer look into every aspect of the company. View all spiritNow Articles Feature Stories Norway: Knowledge-sharing across the globe Feature Stories Restoring coastal wetlands Feature Stories Lifting the community ConocoPhillips’ Aviation group gives back Back to Top Share On Facebook Twitter LinkedIn Print Sustainability Report Builder Back to Top Share On Facebook Twitter LinkedIn Print Sustainability Report Builder Close Menu Business Units Instagram LinkedIn Twitter Facebook YouTube Generating PDF Loading... Please Wait Your PDF is Ready Download PDF",2513,success
COP,ConocoPhillips,Energy,2023,https://www.conocophillips.com/about-us/who-we-are/,20230703160456.0,http://web.archive.org/web/20230703160456/https://www.conocophillips.com/about-us/who-we-are/,20230701,found,,200.0,"Who We Are | ConocoPhillips ConocoPhillips More Social Instagram LinkedIn Twitter Facebook YouTube Search Who We Are We have an important job – to safely find and deliver energy to the world. Our employees, contractors, vendors, investors and community partners are critical to our success. We couldn’t power civilization without them. We’re grounded by values that position us to deliver strong performance in a dynamic business – but not at all costs. We believe it’s not just what we do – it’s how we do it – that sets us apart. I Work for ConocoPhillips 2:03 Play Time Watch the Video Watch the Video I Work for ConocoPhillips 2:03 Play Time Watch the Video ConocoPhillips Intern Experience 3:50 Play Time Watch the Video Day in the Life: Brittney Day 1:42 Play Time Watch the Video Employee Networks: Asian American Network 2:33 Play Time Watch the Video I Work for ConocoPhillips 2:03 Play Time Watch the Video ConocoPhillips Intern Experience 3:50 Play Time Watch the Video Day in the Life: Brittney Day 1:42 Play Time Watch the Video Employee Networks: Asian American Network 2:33 Play Time Our Mission We exist to power civilization. Our Vision We will be the E&P company of choice for all stakeholders. SPIRIT Values We respect one another, recognizing that our success depends upon our employees. We create an inclusive environment that reflects the different backgrounds, experiences, ideas and perspectives of our employees. Learn More Learn More Our Culture How we do our work is what sets us apart and drives our performance. We’re experts in what we do and continuously find ways to do our jobs better. Our different backgrounds, ideas and views drive our success. Together, we deliver strong performance, but not at all costs. We embrace our core cultural attributes that are shared by everyone, everywhere. How We Win Smart Growth . Superior Returns . SPIRIT Values . spiritnow Stories Our online publication provides readers with a closer look into every aspect of the company. View all spiritNow Articles Feature Stories Norway: Knowledge-sharing across the globe Feature Stories Restoring coastal wetlands Feature Stories Lifting the community ConocoPhillips’ Aviation group gives back Back to Top Share On Facebook Twitter LinkedIn Print Sustainability Report Builder Back to Top Share On Facebook Twitter LinkedIn Print Sustainability Report Builder Close Menu Business Units Instagram LinkedIn Twitter Facebook YouTube Generating PDF Loading... Please Wait Your PDF is Ready Download PDF",2511,success
COP,ConocoPhillips,Energy,2024,https://www.conocophillips.com/about-us/who-we-are/,20240703032242.0,http://web.archive.org/web/20240703032242/https://www.conocophillips.com/about-us/who-we-are/,20240701,found,,200.0,"Who We Are | ConocoPhillips ConocoPhillips More Social Instagram LinkedIn Twitter Facebook YouTube Search Who We Are We have an important job – to safely find and deliver energy to the world. Our employees, contractors, vendors, investors and community partners are critical to our success. We couldn’t power civilization without them. We’re grounded by values that position us to deliver strong performance in a dynamic business – but not at all costs. We believe it’s not just what we do – it’s how we do it – that sets us apart. I Work for ConocoPhillips 2:00 Play Time Watch the Video Watch the Video I Work for ConocoPhillips 2:00 Play Time Watch the Video ConocoPhillips Intern Experience 3:50 Play Time Watch the Video Day in the Life: Brittney Day 1:42 Play Time Watch the Video Employee Networks: Asian American Network 2:33 Play Time Watch the Video I Work for ConocoPhillips 2:00 Play Time Watch the Video ConocoPhillips Intern Experience 3:50 Play Time Watch the Video Day in the Life: Brittney Day 1:42 Play Time Watch the Video Employee Networks: Asian American Network 2:33 Play Time Our Mission We exist to power civilization. Our Vision We will be the E&P company of choice for all stakeholders. SPIRIT Values We respect one another, recognizing that our success depends upon our employees. We create an inclusive environment that reflects the different backgrounds, experiences, ideas and perspectives of our employees. Learn More Learn More Our Culture How we do our work is what sets us apart and drives our performance. We’re experts in what we do and continuously find ways to do our jobs better. Our different backgrounds, ideas and views drive our success. Together, we deliver strong performance, but not at all costs. We embrace our core cultural attributes that are shared by everyone, everywhere. How We Win Smart Growth . Superior Returns . SPIRIT Values . spiritnow Stories Our online publication provides readers with a closer look into every aspect of the company. View all spiritNow Articles Feature Stories Norway: Knowledge-sharing across the globe Feature Stories Restoring coastal wetlands Feature Stories Lifting the community ConocoPhillips’ Aviation group gives back Back to Top Share On Facebook Twitter LinkedIn Print Sustainability Report Builder Back to Top Share On Facebook Twitter LinkedIn Print Sustainability Report Builder Close Menu Business Units Instagram LinkedIn Twitter Facebook YouTube Generating PDF Loading... Please Wait Your PDF is Ready Download PDF",2511,success
EOG,EOG Resources,Energy,2016,https://www.eogresources.com/sustainability/,,,20160701,missing,No closest snapshot found from Wayback Availability API,,,0,missing_snapshot
EOG,EOG Resources,Energy,2017,https://www.eogresources.com/sustainability/,20181028064856.0,http://web.archive.org/web/20181028064856/http://www.eogresources.com:80/sustainability/,20170701,found,,200.0,"Sustainability – EOG NYSE EOG Home Company + History Areas of Operation Fact Sheet Executive Leadership Board of Directors Interest Owners Business Development Culture + Careers Recruiting Events Sustainability Investors + Events & Presentations News SEC Filings Annual Reports Governance Contacts Focusing Our Energy on the Future SUSTAINABILITY Environment Innovative processes. Leading technology. Efficient operations. We reduce our environmental footprint using the same tools we use to find and produce low-cost oil and gas. Social Engagement with our communities. Diversity of our workforce. Safety of our employees. Our unique culture is more than a competitive advantage, it’s fundamental to our social sustainability. Governance Ethics. Respect. Fairness. Governance at EOG is more than just complying with the law, it’s about ethically conducting our business to build trust among all our stakeholders. “Pleased but not Satisfied” Our motto here at EOG is “pleased but not satisfied.” We celebrate our breakthroughs, and then ask again, is there an even better way? Our motto is not just about innovative processes to lower costs or new techniques to improve well performance, it’s applied to the entire business. How can we reduce emissions, be more energy efficient, attract diverse candidates to work for us, contribute to the communities where we live and work, keep safety top of mind, every day… here at EOG, our approach to economic sustainability is the same as our approach to environmental, social and governance sustainability – pleased, but not satisfied. For an in-depth look, please read our 2017 Sustainability Report. 2017 Sustainability Report Our Environment Our People Our Communities We are committed to protecting the environment during all our operations — from conducting initial exploration and drilling, through the life of a well’s production. The following are just a few of the efforts EOG undertakes: Reducing our overall surface footprint through the use of directional and horizontal drilling Minimizing surface disturbance by drilling “packages” of wells from a single well pad Installing water pipeline infrastructure, significantly reducing the number of trucks needed and reducing road congestion and truck emissions Using non-potable water sources where available to reduce fresh water usage Using well-control equipment to minimize the potential for a well-control incident Recycling produced water for reuse in operations or other suitable beneficial uses Installing instrument air systems on facilities to eliminate the emissions associated with facility controllers and pumps Identifying, repairing and monitoring fugitive emissions at EOG facilities through a company-wide leak detection and repair (LDAR) program Installing oil pipeline infrastructure to minimize the number of tanker trucks needed, reducing road congestion and truck emissions Installing natural gas pipeline infrastructure to reduce flaring and vented emissions By providing employees with a quality culture and environment in which to work, and by maintaining a consistent college recruiting program, EOG is able to attract and retain some of the industry’s best and brightest — people who will embrace the company’s commitment to sustainability and corporate responsibility as the organization continues to grow. We offer: A highly collaborative organization where employees come first and continuously learn from one another. Competitive salaries, bonuses, a subsidized comprehensive benefits package, new hire stock grants, and an annual stock grant program. A tuition and professional certification reimbursement policy. A top workplace, based on third-party surveys of employees across EOG’s operations. Safety training to ensure employees and contractors are prepared in the unlikely case of an incident. EOG considers the diversity of its employees to be a tremendous asset, and it has strived for and embraced diversity throughout the company. Another measure of our strong culture is a low voluntary turnover rate, consistently running around 5 percent annually. EOG is committed to the ethical conduct and management of business that builds trust among its investors, employees and contractors, which is demonstrated by our Code of Business Conduct and Ethics. EOG understands the importance of community engagement, including residents, landowners, mineral owners, civic leaders, elected officials and community groups. We actively look for opportunities to strengthen the communities where we are active, through actions such as: Funding equipment purchases and training for multiple volunteer fire departments Maintaining roads near operations by using road graders and snowplows Providing financial support for roadside trash pickup programs Partnering with local school districts, colleges and universities, and industry organizations to fund scholarships, training and education initiatives Donating time and money to a wide range of charitable and community organizations and causes, such as Habitat for Humanity, Bike MS, adopt-a-highway programs, food drives, school supply drives, toy drives, summer reading camps and mentoring. To encourage employees to be generous, EOG matches their donations, dollar for dollar, up to $75,000 per employee, per calendar year. Our Earth We are committed to protecting the environment during all our operations — from conducting initial exploration and drilling, through the life of a well’s production. The following are just a few of the efforts EOG undertakes: Reducing our overall surface footprint through the use of directional and horizontal drilling Minimizing surface disturbance by drilling “packages” of wells from a single well pad Installing water pipeline infrastructure, significantly reducing the number of trucks needed and reducing road congestion and truck emissions Using non-potable water sources where available to reduce fresh water usage Using well-control equipment to minimize the potential for a well-control incident Recycling produced water for reuse in operations or other suitable beneficial uses Installing instrument air systems on facilities to eliminate the emissions associated with facility controllers and pumps Identifying, repairing and monitoring fugitive emissions at EOG facilities through a company-wide leak detection and repair (LDAR) program Installing oil pipeline infrastructure to minimize the number of tanker trucks needed, reducing road congestion and truck emissions Installing natural gas pipeline infrastructure to reduce flaring and vented emissions Our People By providing employees with a quality culture and environment in which to work, and by maintaining a consistent college recruiting program, EOG is able to attract and retain some of the industry’s best and brightest — people who will embrace the company’s commitment to sustainability and corporate responsibility as the organization continues to grow. We offer: A highly collaborative organization where employees come first and continuously learn from one another. Competitive salaries, bonuses, a subsidized comprehensive benefits package, new hire stock grants, and an annual stock grant program. A tuition and professional certification reimbursement policy. A top workplace, based on third-party surveys of employees across EOG’s operations. Safety training to ensure employees and contractors are prepared in the unlikely case of an incident. EOG considers the diversity of its employees to be a tremendous asset, and it has strived for and embraced diversity throughout the company. Another measure of our strong culture is a low voluntary turnover rate, consistently running around 5 percent annually. EOG is committed to the ethical conduct and management of business that builds trust among its investors, employees and contractors, which is demonstrated by our Code of Business Conduct and Ethics. Our Communities EOG understands the importance of community engagement, including residents, landowners, mineral owners, civic leaders, elected officials and community groups. We actively look for opportunities to strengthen the communities where we are active, through actions such as: Funding equipment purchases and training for multiple volunteer fire departments Maintaining roads near operations by using road graders and snowplows Providing financial support for roadside trash pickup programs Partnering with local school districts, colleges and universities, and industry organizations to fund scholarships, training and education initiatives Donating time and money to a wide range of charitable and community organizations and causes, such as Habitat for Humanity, Bike MS, adopt-a-highway programs, food drives, school supply drives, toy drives, summer reading camps and mentoring. To encourage employees to be generous, EOG matches their donations, dollar for dollar, up to $75,000 per employee, per calendar year. © 2018 EOG Resources, Inc. All rights reserved. Interest Owners Contacts © 2018 EOG Resources, Inc. All rights reserved.",9054,success
EOG,EOG Resources,Energy,2018,https://www.eogresources.com/sustainability/,,,20180701,missing,No closest snapshot found from Wayback Availability API,,,0,missing_snapshot
EOG,EOG Resources,Energy,2019,https://www.eogresources.com/sustainability/,,,20190701,missing,No closest snapshot found from Wayback Availability API,,,0,missing_snapshot
EOG,EOG Resources,Energy,2020,https://www.eogresources.com/sustainability/,,,20200701,missing,No closest snapshot found from Wayback Availability API,,,0,missing_snapshot
EOG,EOG Resources,Energy,2021,https://www.eogresources.com/sustainability/,20210628132605.0,http://web.archive.org/web/20210628132605/https://www.eogresources.com/sustainability/,20210701,found,,200.0,"NYSE EOG 0.00 % 0.00 Home - + Company History Areas of Operation Fact Sheet Executive Leadership Board of Directors Interest Owners Business Development - + Culture Careers Recruiting Events Sustainability - + Investors Events & Presentations News SEC Filings Annual Reports Governance Contacts SUSTAINABILITY 2019 Sustainability Report PDF 2019 Data Tear Sheet PDF Environmental Innovative processes. Leading technology. Efficient operations. We reduce our environmental footprint using the same tools we use to find and produce low-cost oil and gas. Social Engagement with our communities. Diversity of our workforce. Safety of our employees. Our unique culture is more than a competitive advantage, itâs fundamental to our social sustainability. Governance Ethics. Respect. Fairness. Governance at EOG is more than just complying with the law, itâs about ethically conducting our business to build trust among all our stakeholders. Commitment to Sustainability We believe that responsible stewardship of all of EOGâs resources â our assets, the environment, our people and the communities in which we live and work â is an essential part of our long-term success. Our goal is to be a leader in environmental, social and governance initiatives and we strive to continually improve our performance every year. We continue to focus on responsible stewardship by asking ourselves, how we can reduce emissions, be more energy efficient, attract diverse candidates to work for us, contribute to the communities in which we live and work and keep safety top of mind. We have made great progress, and will continue to do so â for the benefit of all of our stakeholders. For an in-depth look, please read our 2019 Sustainability Report. 2019 Sustainability Report 2018 Sustainability Report 2017 Sustainability Report Environmental Solar Field ENERGY, TECHNOLOGY AND INNOVATION EOG has a history of innovation in developing technologies to improve our operations, generate healthy rates of return and minimize emissions. To further enhance our efforts to be a leader in returns-focused GHG reduction, we recently formed the Sustainable Power Group as a new strategic initiative within EOG to identify and implement low-emissions power generation.â¯ The Sustainable Power Group is operations focused and aligned with our decentralized business model and we believe it will provide leadership and support for our innovative culture, working across the company to bring forward returns-focused, low-emissions technology and projects quickly.â¯ For example, in 2019, we initiated a pilot project in Red Hills, New Mexico, to combine solar and natural gas to power electric motor-driven compressors. Compressors, which are used to compress natural gas with enough pressure to move it through pipeline infrastructure, typically rely on natural gas engines to operate and are our primary source of stationary combustion emissions. For safe and efficient operations, compression is needed 24 hours a day, 7 days a week. Since solar power is only available during the day, we designed a hybrid power plant to supplement day time solar power generation with reliable natural gas generation at night. During the day, more than 24,000 single axis tracking solar panels on 70 acres of land are expected to produce 8 megawatts of power with no combustion emissions. Compared to traditional natural gas-powered compression, we believe our hybrid-power compression will result in lower operating expenses and a meaningful reduction in emissions. The facility became operational in the third quarter 2020. Looking forward, our Sustainable Power Group will continue to focus on reducing our emissions by making sound economic decisions to continually improve our operations. Solar and Natural Gas Hybrid Compression CAPTURING WELLHEAD GAS TO MINIMIZE FLARING What is a wellhead and what is wellhead gas? A wellhead is an assembly of steel valves and pipe that sits on top of the well to safely control well pressure. The wellhead also connects the well with surface pipelines and facilities so that oil and natural gas can be produced. Every oil and gas reservoir will typically have a mix of both oil and natural gas at different ratios. When drilling for oil, it is common to also produce âassociatedâ natural gas that is often called wellhead gas.â¯ We view wellhead gas from our oil wells as a valuable commodity rather than a byproduct of oil production. Our focus is to maximize our economic return through responsible management of wellhead gas.â¯ Why is wellhead gas sometimes flared? In the early stages of development of an oil field, it may not be feasible to attach gas gathering and processing infrastructure to an initial or exploratory well. The productivity, economic feasibility and gas quality of the well must first be determined. Without infrastructure to gather and process the wellhead gas, it is commonly flared. Other conditions that result in wellhead gas flaring include undersized pipelines to natural gas processing facilities, downstream market interruptions and lack of natural gas capture during completions operations for new wells. How does EOG minimize flaring of wellhead gas?â¯ EOG minimizes wellhead gas flaring by effective planning and infrastructure investment early in the lifecycle of our oil fields. When new wells are completed, we utilize green completions to capture natural gas rather than flaring the natural gas.â¯ We also install company-owned and operated natural gas gathering infrastructure early in the exploration and development process so our gas can be gathered and sent to market. Further, investment in gas processing and compression stations allows our marketing team to establish multiple gas takeaway options to minimize impacts from downstream market interruptions due to shutdowns of facilities and pipelines for maintenance and repair. We also have control centers in our busiest divisions that are designed to manage the flow of our natural gas in real time so we can avoid flaring. How effective are EOGâs initiatives at minimizing wellhead gas flaring? We increased our company-wide wellhead gas capture rate from 98.4 percent in 2018 to 98.8 percent in 2019, including a wellhead gas capture rate of over 99 percent in the Permian Basin. As indicated by a recent report from the Texas Railroad Commission, our wellhead gas capture rate is among the best in the industry. TRIDENTâ â NEXT GENERATION WATER MANAGEMENTâ¯ Beginning in 2018, members of our information systems and strategic water resources teams partnered to develop Trident,â¯ a proprietary application built in-house, to manage the full life cycle of our water resources in real-time. Trident is an interactive tool that brings to life data through map-based visualization of our infrastructure. We capture data in the field using our SCADA systems and existing proprietary software. With Trident, users can track water resources in real-time to manage everything from costs to the amount of water stored in our reuse pits to the chemistry of our produced water.â¯ The software provides scenario planning by integrating historical data and trends with existing production and forecasting applications. Scenario planning along with real-time operational control allows the strategic water resources team to prevent bottlenecks, anticipate takeaway needs and minimize trucking of water. Trident enables evaluation of the unique water-related risks and opportunities of each operating area. Using data-driven, location-specific analysis and insight, Trident provides a more direct and efficient path to reduce fresh water use and increase reuse across the company by anticipating the amount and location of our water needs and modeling cost-effective investments in new infrastructure. A Permian Basin Example of How Tridentâ¯Optimizes Water Management Controls the complex and extensive network of water pipelines and reuse facilities from a single tool Monitors and controls flow and volume to assist leak detection Captures produced water data and trends, including flow rates, volumes and chemistry Identifies and tracks water sources Models future water sourcing based on need, chemistry and cost Integrates current production forecasts and flowback plans for new wells Models future water takeaway needs to minimize trucking and disposal RECLAIMING AND RESTORING LAND We are committed to environmental stewardship throughout the life cycle of our operations. Once all production activities are complete on a location, reclamation and restoration begin. Beyond our legal, regulatory and contractual obligations, we partner with land owners and state and federal regulators to restore land in a manner that is responsive to the specific interests of the local communities. Sagebrush Reseeding to Accelerate Reclamationâ¯ In 2019, EOG collaborated with Wyoming regulators and local community members to reclaim land previously used as water reservoirs for drilling and production activities. EOG employees and University of Wyoming students plant sagebrush seedlings This reclamation project involved EOG employees partnering with University of Wyoming students to plant nearly 2,000 sagebrush seedlings to reestablish vegetation and accelerate the restoration of native grasslands and scrublands. EOG intends to continue this collaboration by restoring unused access roads and drilling pads in other locations. Sunset Reef Campsite In 2019, EOG began working with the U.S. Bureau of Land Management (BLM) to restore land from a reclaimed well site in New Mexico for use as a public campsite. Due to the areaâs flat topography and easy road access to both Carlsbad Caverns National Park and Guadalupe Mountains National Park, the former well site accommodates campers interested in visiting either of these two parks. EOG partnered with the BLM to convert the land into a campsite, and also provided funding to purchase picnic tables, fire rings, sun shelters, and solar-powered lights to be used by campers. The campsite opened in September 2020. BIODIVERSITY EOG is committed to conserving biodiversity by integrating habitat and wildlife conservation in the planning and management of our exploration and production activities. We proactively work with stakeholders in our communities to collaborate on conservation initiatives and focus on the unique biodiversity features specific to each operating area. In addition, by downsizing and centralizing our drilling and production facilities, and using directional and horizontal drilling technology with longer laterals, we are able to reduce our overall surface footprint. Supporting Raptor Populations in the Wyoming Powder River Basinâ¯ In the Powder River Basin, EOG goes beyond the environmental impact statements and environmental assessments that are part of our pre-development planning process by studying Ferruginous Hawks. Since 2014, we have led a study to better understand the territory and nesting patterns of these birds. Through a proposal approved by the U.S. Bureau of Land Management (BLM) and the Wyoming Game & Fish Department, EOG fitted 16 Ferruginous Hawks with GPS transmitters to provide year-round GPS locations and specific details on their breeding locations. The data EOG has gathered has allowed us to better manage our operations to support the breeding of Ferruginous Hawks and has provided the BLM with better data with which to study this species and protect its population. Social COVID-19 Relief Efforts In response to the COVID-19 pandemic, EOG committed numerous resources to help meet the sudden needs of the local communities where we live and work.â¯ We donated more than 3,400 masks, as well as shoe coverings, sanitizer and safety glasses to health care workers across our operating areas. We also contributed financially to a local brewery to make hand sanitizer for first responders in North Dakota.â¯ In addition, EOG and our employees have committed more than $820,000 to local food banks as part of a 2-for-1 company-matching program. Recipients of donations included the Houston Food Bank, San Antonio Food Bank, West Texas Food Bank, Food Bank of the Rockies, Regional Food Bank of Oklahoma, Tarrant Area Food Bank (TX), Roadrunner Food Bank (NM), Coastal Bend Food Bank (TX), among others. ""This generous donation will allow us to provide much-needed food for children, senior citizens, and the most vulnerable as the COVID-19 situation continues to create uncertainty in our communities,"" said Brian Greene, President and CEO, Houston Food Bank. âWe thank EOG Resources for their ongoing partnership, especially during this difficult period."" Throughout the year, we will continue to evaluate the needs of our communities and provide support wherever possible. San Antonio Food Bank Message SUPPORTING COMMUNITY WELLNESS IN ARTESIA One of EOGâs newest offices is in Artesia, New Mexico, which became part of EOG in 2016 after our merger with Yates Petroleum. As active members of the Artesia community, local employees wanted to continue supporting the communityâs quality of life. After hearing from local employees and community members, EOG donated $1 million to the construction of a new, state-of-the-art community aquatic center, the cityâs only public pool. The cityâs previous pool was demolished in 2013. The Artesia Aquatic Center held its groundbreaking in May 2019, and has since provided a much-enjoyed source of recreation, safety training and community well-being for Artesia residents. The Artesia Aquatic Center is just one example of how EOGâs strong culture emboldens employees to take action and help our local communities build strong futures. Governance INTEGRATED APPROACH TO ESG MANAGEMENT ESG management is integrated into EOGâs culture throughout our organization. Our employees improve the companyâs ESG performance in the same way and at the same time they create value across all our operations â from the bottom up, across our decentralized organization, in which multi-disciplinary teams use data to innovate new and creative technology solutions to ESG risks and opportunities. Transparent, Real-Time Data: EOGâs Information Systems team has developed over 100 desktop and mobile applications in-house. These applications provide real-time data capture, including real-time reporting of water reuse and flaring metrics, and mobility of data access, which drives transparency throughout the organization and allows for better, faster, well-informed decisions. Decentralized, Multi-Disciplinary Teams: The majority of EOGâs Safety and Environmental (S&E) staff are based in our operating area offices and are integrated with EOGâs operations in order to effectively manage day-to-day safety and environmental matters. Our S&E professionals collaborate with our engineers, technicians and geologists to develop and implement ESG-related approaches that take into account the unique operating conditions of each region. Centralized Oversight: While our S&E team supports our operations, they report directlyâ¯to our company-wide Vice President, Safety and Environmental. In addition, each operating area office reports to our executive management on environmental and safety matters and performance throughout the year. This enables us to develop both local and overall company focus areas and initiatives that are developed and communicated by both our operations and S&E teams. Innovative, Fit-for-Purpose Solutions: The combination of real-time data and multi-disciplinary team collaboration drives innovation and creative solutions. An exampleâ¯ of this is the development of our sophisticated water management infrastructure system, which resulted from our strategic water resources team working with our production, drilling and completions engineers. Our Information Systems team was also central in this success by developing our Tridentâ application toâ¯help manage our water resources in real time across our complex infrastructure system.",16057,success
EOG,EOG Resources,Energy,2022,https://www.eogresources.com/sustainability/,,,20220701,missing,No closest snapshot found from Wayback Availability API,,,0,missing_snapshot
EOG,EOG Resources,Energy,2023,https://www.eogresources.com/sustainability/,20230627235114.0,http://web.archive.org/web/20230627235114/https://www.eogresources.com/sustainability/,20230701,found,,200.0,"NYSE EOG 0.00 % 0.00 Home - + Company History Dividend History Areas of Operation Fact Sheet Executive Leadership Board of Directors Interest Owners Business Development - + Culture Careers Recruiting Events Sustainability - + Investors Events & Presentations News SEC Filings Annual Reports Governance Dividend History Contacts SUSTAINABILITY 2021 Sustainability Report PDF 2021 Data Sheet PDF 2021 Presentation PDF Trade Association Memberships & Dues PDF 2021 EEO-1 Report PDF As Filed in May 2022 Environmental Innovative processes. Leading technology. Efficient operations. We reduce our environmental footprint using the same tools we use to find and produce low-cost oil and gas. Social Engagement with our communities. Diversity of our workforce. Safety of our employees. Our unique culture is more than a competitive advantage, itâs fundamental to our social sustainability. Governance Ethics. Respect. Fairness. Governance at EOG is more than just complying with the law, itâs about ethically conducting our business to build trust among all our stakeholders. Commitment to Sustainability We believe that responsible stewardship of all of EOGâs resources â our assets, the environment, our people and the communities in which we live and work â is an essential part of our long-term success. Our goal is to be a leader in environmental, social and governance initiatives and we strive to continually improve our performance every year. We continue to focus on responsible stewardship by asking ourselves, how we can reduce emissions, be more energy efficient, attract diverse candidates to work for us, contribute to the communities in which we live and work and keep safety top of mind. We have made great progress, and will continue to do so â for the benefit of all of our stakeholders. For an in-depth look, please read our 2021 Sustainability Report. 2021 Sustainability Report Sustainability Report Archives Environmental Production Facility Innovation EOG proactively manages and minimizes greenhouse gas emissions from our operations by using innovative technology and practices, advance infrastructure planning, and efficient facility design. We continuously look for ways to improve the design of our facilities to minimize emissions and maximize the recovery of resources. Our facilities are also periodically reviewed to optimize equipment and implement new technologies. Where operationally appropriate, we install specialized control equipment. In addition, we develop and implement proprietary applications to optimize equipment efficiency and reduce emissions from our operations. In addition to our focused efforts to optimize specific facility equipment components, we also apply facility-level technologies and practices. These include Closed Loop Gas Capture (CLGC) that minimizes flaring during downstream interruptions, advanced planning of facility design and take away optionality, our leak detection and repair (LDAR) program, and continuous methane monitoring. Many of the practices and technologies used by EOG are only possible because we operate significant portions of our own gathering and boosting infrastructure. This increased operational control and footprint allows us to further optimize how we manage our operations to drive emissions reductions across a larger scope of the value chain. Equipment-Specific Technologies and Practices* The diagram below highlights targeted practices, in-field equipment, and in- house technologies and solutions we implement to reduce emissions at our facilities. Capturing Gas Vapors Vapor Recovery Towers (VRTs) Capture gas vapors before tanks Intermediate Low- Pressure Separators Capture gas vapors upstream of tanks and reduce vapor compression horsepower needs Tanks Maintain thief hatches Collect gas vapors from tanks and send to sales, where feasible Vapor Recovery Units Recover gas vapors from intermediate low-pressure separators, tanks, or VRTs Optimizing Equipment and Operations Pneumatics Replace, retrofit, or remove high-bleed natural-gas-powered pneumatic controllers Install instrument air to operate pneumatic controllers and pumps Compressor Engines Testing leaner fuels to reduce combustion-related emissions Reduce compression required for gas lift operations and sales using in-house proprietary applications to increase efficiency Flare Control gas vapors from tanks Monitor, analyze, and control production equipment to minimize gas flaring using an in-house proprietary application * The diagram is intended to share information on the various technologies and practices in use at facilities across our U.S. operations. It is not representative of a specific facility; each of our operating areas and facilities are unique and may use any combination of these techniques. iSense SM Continuous Leak Detection System Over the last several years, our leak detection and repair program, or LDAR, has advanced from audio-visual-olfactory (sound-sight-smell) surveys to surveys using more accurate optical gas imaging to todayâs deployment of scalable solutions of the latest technology â continuous methane monitoring. This technology detects potential leaks and provides real-time alerts to help accelerate repairs and will provide data and trend analysis to potentially prevent future methane releases. We have been evaluating continuous methane monitoring technology for the past few years. There are several third-party systems available to monitor and detect potential methane leaks, using either intermittent or continuous monitoring technology. About 18 months ago, we began a pilot project using a solution we built in-house, named iSense, which is a monitoring solution that uses methane sensing technology to continuously monitor facilities and provide real-time alerts of = methane sensor potential leaks to a control center. We tested iSense against other monitoring solutions in use and available on the market today and confirmed that our sensor detected methane release events consistent with these third-party systems. The results from these tests confirmed that iSense is the most effective solution for EOG to use to detect leaks and accelerate repairs while also being scalable and economic. Like so many of our innovations, this technology has been spearheaded by our employees across the company. Since the pilot, our employees are rapidly deploying iSense in the field, prioritizing areas of highest potential impact. The initial installations are focused in the Delaware Basin and currently cover about 60% of our production.* We expect that most of the remaining Delaware Basin production will be monitored by iSense by year-end. We plan to continue to roll out iSense in other operating areas next year. Using our proprietary system allows us to own the data creation, flow, and storage, which is a priority with all our information systems. Owning the iSense data and retaining direct control of its collection provides invaluable flexibility to improve both data quality as well as the tools to analyze and integrate iSense data with existing operational data from our production facilities. This data, along with our ability to monitor our operations from any one of our four control centers, will enhance the 24/7 capability to continuously identify, prioritize, and repair leaks. In the future, when data from iSense is paired with other real-time production and facilities data, we expect to be able to make improvements in the design of facilities to minimize releases. We are also optimistic that we will be able to more readily determine the source of a methane release and assess its likely size. The development and testing of continuous methane monitoring technologies and systems is an example of how EOGâs decentralized structure fosters innovation and drives performance improvements. Our iSense system is the product of EOG employees working on multidisciplinary teams to identify opportunities to improve and being empowered to develop, test, and pilot a solution. Leveraging technology to enhance our methane leak detection and repair program is another great example of EOGâs culture of continuous improvement throughout our operations. * Based on percentage of gross oil production handled at central tank batteries covered by iSense. Leveraging Information Technology to Drive Transparency and Performance EOGâs environmental stewardship practices leverage our extensive suite of data and predictive analytics tools. Our Information Systems team has developed over 140 desktop and mobile applications in-house, a number of which help support our EMS and environmental performance, including: Real-time data capture, including daily reporting of wate reuse, potential leaks, and high-pressure flaring metrics Mobile access to data and analysis Facility and equipment optimization through automation Continuous improvement of facility design These applications drive transparency throughout the organization by: Providing advanced measurement and tracking tools, including real-time operational and financial data for select parameters Enhancing our ability to monitor performance and set goals Equipping company personnel with information to make better, faster, well-informed decisions In 2021, we introduced two new emissions management applications, iSenseSM, our proprietary continuous methane monitoring system, and iEnergy, which helps EOG improve our data-driven planning and identification of operational GHG emissions reduction opportunities. These new applications expand the portfolio of proprietary information technology applications we use to identify and implement emissions reduction opportunities and to help manage and improve our environmental performance. Other environmental management applications include TridentSM, which helps manage our water resources in real time, and iDetectSM, our automated leak detection software. iEnergy Helps EOG Manage Operational GHG Emissions Performance To support our emissions reduction efforts, we continue to seek ways to better understand, measure, and manage emissions. In 2021, EOG launched a new data visualization tool to help track, anticipate, and manage our operational GHG emissions performance and support our emissions reduction efforts. The application, which we call iEnergy, provides greater visibility on operational GHG emissions at the facility level for our operations. This data helps us evaluate and monitor emissions performance across our U.S. operating areas on a daily basis and enhances data- driven planning and identification of potential areas for improvement. Launching iEnergy also helps to drive transparency and informed decision-making throughout the company. For example, operational employees can use this data to identify potential areas for improvement in order to contribute to our emissions reduction efforts. As a data-focused company, we believe that increasing the accuracy and transparency of emissions data across the company will help us continue to support our GHG emissions reduction efforts and drive further improvements across our company. Social EOG Volunteer Culture: Employee Powered, EOG Supported Employees power EOGâs tradition of volunteerism by donating their time to a wide range of charitable and community organizations. The company supports this culture of volunteering by providing employees with eight hours of paid volunteer time annually. This allows employees the flexibility to volunteer their time to support community causes that are meaningful to them. Additionally, members of our executive team sponsor, organize, and participate in volunteer activities that allow our employees to come together with purpose to support community needs. Our corporate Energize You wellness program recognizes and encourages volunteerism as an important contributor to overall well-being. Participating in volunteer activities is one of the ways that employees can earn points toward quarterly incentives. In 2021, the wellness program further promoted volunteerism through the Community Engagement Challenge, a competition among EOG divisions to have the highest percentage of employees using volunteer hours for community service activities. It resulted in more than 45 community service activities across our operating areas. Despite the ongoing pandemic, EOG employees found ways to safely donate their time and efforts to a broad range of community projects. STEM Education & Job Training Encouraged the next generation of STEM professionals by guest lecturing at Newcastle Public Schools in Oklahoma Supported educators by participating in an energy education workshop in Oklahoma and hosting a field tour in Wyoming Helped deliver classroom supplies to San Antonio educators through United Wayâs âWrite Start Projectâ back-to-school drive Health & Wellness Collected wellness items to support the Center for Transforming Livesâ efforts to help women and children living in poverty in Fort Worth Decorated and assembled bags of medically tailored meals for Project Angel Heart in Colorado Community Vitality & Quality of Life Packaged and distributed donations at food banks in Colorado, Built safe, affordable housing through Habitat for Humanity in Beautified communities with trash cleanups in Utah and Texas, including a section of the Gulf Coast EOG adopted through Texas Adopt-A-Beach Developing the Next Generation of Energy Professionals Through STEM Education The oil and gas industry continues to be transformed by advances in technology and innovation that focus on lowering costs, increasing efficiency, and reducing its environmental footprint. STEM education has been key in this transformation and will help create the next generation of energy professionals. EOG invests time and financial contributions in initiatives that increase access to STEM education across the communities where we live and work. We strive to help students foster an interest in science, technology, engineering, and math and raise awareness of energy-related STEM careers. EOG supports a range of STEM programming that reaches students from elementary school through the college and university levels. At the elementary, middle, and high school levels, we often partner with a nonprofit or industry organization that promotes early access to STEM learning and exposure to STEM-related careers. Our support also includes financial contributions to schools and organizations as well as engaging with students and educators directly through tours and workshops. STEM Education Support in Elementary, Middle, and High Schools Our relationship with Texas A&M International University (TAMIU) is a recent example of our STEM support. TAMIU welcomed the first class of students into its new petroleum engineering degree program in fall 2021, an important step in a multiyear initiative to create access to a petroleum engineering degree in the Laredo, Texas community. EOG is proud to be among the industry partners to assist TAMIU financially with the launch of its new Bachelor of Science degree. Establishing a new degree program takes time and commitment; EOG made our first donation to TAMIU in 2013. In 2021, we continued our support for the universityâs petroleum engineering students by creating an endowed scholarship. Full-time undergraduate petroleum engineering students who maintain a minimum GPA and meet the federal guidelines for a financially disadvantaged student are eligible for the scholarship. NEW MEXICO EOG donated funds to help the Cal Ripken, Sr. Foundation build STEM centers that will give elementary school students in southeast New Mexico opportunities to participate in STEM activities. STEM centers will provide hands-on learning activities and access to learning tools that support STEM education. WYOMING EOG hosted a group of elementary school teachers for a drilling rig tour through Wyoming Agriculture in the Classroom. The nonprofit develops STEM and natural-resource-related curricula for elementary school students and offers teachers training and support to bring the curriculum into their classrooms. OKLAHOMA EOG volunteered with the OERB to educate students and teachers on the oil and gas industry and STEM activities in the classroom. At a STEM summer camp, middle school students learned about oil and gas careers, geology, and safety. Another presentation took place at an energy education workshop for Kâ12 educators and covered bringing interactive STEM activities into the classroom. Decentralized Structure Fosters Innovation EOG is unique in our ability to leverage our culture and operating structure to get incrementally better every year. Our decentralized model fosters innovation across operating areas and compounds the impact of innovation by taking ideas born in one operating area and expanding them across multiple basins and across multiple functions â from innovative completion techniques and drilling motor designs to improved procurement practices like self-sourced sand to information-technology-driven solutions to reduce emissions. Executive leadership works to empower every employee as a decision-maker, idea generator, and critical contributor to EOGâs performance and success. This empowerment is further bolstered by giving employees access to real-time performance data across a wide range of operational and financial functions with more than 140 proprietary applications developed in-house through cross-functional collaboration. Once improvement ideas have been identified locally, we foster collaborative, multidisciplinary teams across each of our operating areas to innovate, test, and share new technologies and practices to improve performance across everything we do. Examples of our communication and collaboration forums include the following: Technical conferences bring employees from across our operating areas who work in the same discipline together to present and discuss ideas. Annual technical conferences are held for nearly every discipline across our operations (e.g., Drilling, Exploration) and support functions (e.g., Safety and Environmental, Accounting). Division reviews are hosted by each EOG operating area multiple times a year to share performance as well as new innovations and to collect input from executive management. Executive management engages in daylong reviews of each operating and support discipline. Specialized functional teams , such as our Sustainable Power Group (SPG), strategic water resources team, and Safety and Environment Group, share expertise and learnings from across the company on topics including emissions reduction, water management, and environmental and safety performance. The EOG Technology Center provides a venue that functions as an innovation laboratory to test ideas and technological advancements for improved operational performance, including emissions reductions and produced water spill management. The validity of our approach can be seen in the results from everyday operational practices to large projects. Closed Loop Gas Capture (CLGC) is one such success story. This technology provides an alternative to the flaring that can result from downstream market interruptions. While the idea was initiated by employees operating in the Delaware Basin, the innovative solution has since been shared across the company. Other operating areas are conducting pilot projects to understand its localized application. We have also supported regulatory adoption of CLGC, which has led to a successful partnership with the government of New Mexico for the approval of this technology. In another example, we established the SPG to support emissions performance efforts. The SPG provides centralized communication and coordination to maximize contributions from across the organization. The group brings together employees who understand the unique features of each of our operational areas and have strong working relationships with their colleagues across disciplines and areas. Building on this knowledge and rapport, they test technologies in the field, utilize the EOG Technology Center, and then share results with the goal of scaling successful emission management solutions. Advancing a Culture of Innovation Executive empowerment and oversight Access to real-time performance data Multidisciplinary teams across operating areas Cross-company communication channels",20413,success
EOG,EOG Resources,Energy,2024,https://www.eogresources.com/sustainability/,20240614112702.0,http://web.archive.org/web/20240614112702/https://www.eogresources.com/sustainability/,20240701,found,,200.0,"NYSE EOG 0.00 % 0.00 Home - + Company History Dividend History Areas of Operation Fact Sheet Executive Leadership Board of Directors Interest Owners Business Development - + Culture Careers Recruiting Events - + Sustainability Report Archives - + Investors Events & Presentations News SEC Filings Annual Reports Governance Dividend History Contacts SUSTAINABILITY Dear Stakeholders, EOGâs value proposition and energy transition strategy are one in the same â to be among the lowest cost, lowest emissions and highest return producers, playing a significant role in the long-term future of energy. To meet the dual challenge of the energy transition - supplying reliable, affordable energy while addressing climate risk - requires investments in technology to reduce emissions across all forms of energy supply, not the elimination of energy sources. The growth of future demand will require energy supplies from all sources, including oil and natural gas. EOGâs robust inventory of premium resources, those that deliver at least a 30% well-level return i at $40 oil and $2.50 natural gas, positions us to play a significant role in the long-term future of energy. Read the full Letter to Stakeholders 2022 Sustainability Report 2022 Data Sheet 2022 ESG Presentation EEO-1 Report (as filed in December 2023) Trade Association Memberships & Dues Sustainability Report Archives 2022 Highlights Piloting Carbon Capture and Storage EOG piloted a CCS project to capture and store concentrated CO 2 emissions from the treating of our natural gas at a facility in Texas. The injection well was permitted and construction began in the summer of 2022 and initial CO 2 injection commenced in 2023. Joined OGMP 2.0 In early 2023, EOG joined the Oil and Gas Methane Partnership (OGMP) 2.0, a comprehensive measurement-based reporting framework designed to improve the accuracy and transparency of methane emissions reporting in the oil and gas industry. 2022 Industry Wildlife Stewardship Award Recipient EOG was recognized by the Wyoming Fish & Game Department for the positive impact our stewardship and conservation activities have had on wildlife and habitat in Wyoming. EOG's culture drives employee engagement, satisfaction and performance by empowering employees as idea generators and decision makers; enabling innovation and continuous improvement with creative technology solutions and access to real-time performance data; and fostering collaboration through multidisciplinary teams across operating areas and cross-company communication channels. Broad Recognition from Energage's Top Workplace EOG continues to be recognized as a Top Workplace, a designation awarded to companies that create a positive work environment by prioritizing a people-centered culture and giving employees a voice. EOG's strong corporate governance practices enhance board and management accountability to our shareholders and other stakeholders and enhance our risk oversight and management efforts. In 2022, the Compensation and Human Resources Committee again established a separately weighted ESG-related annual performance goal and increased the weighting to 10%. The goal included the following: Reduce total recordable incident rate and oil spill rates below the prior three-year averages Maintain gas capture rate of 99.8% or higher Reduce GHG, methane, and flaring emissions intensity rates compared with 2021 In 2023, the Compensation and Human Resources Committee increased the separately weighted ESG-related performance goal to 15%.",3529,success
SLB,SLB (Schlumberger),Energy,2016,https://www.slb.com/about/who-we-are,20221026181530.0,http://web.archive.org/web/20221026181530/https://www.slb.com/about/who-we-are,20160701,found,,200.0,"Who We Are | SLB Home About Who We Are We are SLB Contact Corporate Communication Subscribe for News Our story begins with what it truly means to be a technology innovator. It stems from a common sense of purpose that unites the people of SLB who represent more than 172 nationalities. We provide the global energy industry with leading digital solutions and ground-breaking technologies that enable performance and sustainability, and our innovations help industry-at-large to decarbonize. With expertise in more than 120 countries, we work in close partnership with customers to create industry-changing technologies that unlock and decarbonize reliable energy for every community—including those we live and work in. Our purpose: Together, we create amazing technology that unlocks access to energy for the benefit of all. Our commitment to customers We’ve always built our business around our customers and their endeavors; they are at the center of everything we do. Bringing together talented people from all over the globe, we’re working on the industry’s most complex and pressing challenges to anticipate and align with our customers’ needs. We want to be their performance partner of choice. To achieve this goal and deliver the best results, we must combine our unique talents and our collective expertise—not just within SLB but by working closely with our suppliers, contractors, and business partners. Our people We are industry leaders because of our exceptional and talented people. They are the core that drives our purpose and integrity, which fuel our belief that everyone should have the opportunity to reach their greatest potential. Ever-evolving and constantly innovating, we transcend every cultural and technological boundary set before us. Indeed, it is our diversity that makes us stronger. Together, we achieve more. We are SLB, and we are leading the energy industry forward—together. Decarbonize your operations Our industry has a vital role to play in the global energy transition, and SLB is evolving for that exciting future. Discover how our portfolio of Transition Technologies can reduce your carbon footprint and accelerate the path to net zero. Learn more Bring Balance Back to Our Planet Our planet needs balance to thrive, for the climate, for people, and for nature View Together, we will pave the way through better practices, innovative technologies, and the commitment to help others. View Our Values Our Promise and Commitment to you View We are facing the world’s greatest balancing act—how to simultaneously meet the world’s growing energy demands while rapidly reducing harmful emissions. View Our Guiding Principles SLB is committed to providing technologies and services that enhance and optimize our customers' performance while creating mutual value for all involved. View SLB looks to three core values, people, technology, and performance, to guide the decisions we make as we pursue our ambitions. View Our History With bold thinking, we’ve established ourselves as early adopters of digital solutions and pioneers of new mindsets to tackle the net-zero challenge. View A legacy and culture of pushing the limits of what technology can do. View Our Global Footprint We are local. Everywhere. View With operations in over 120 countries, we bring a strong focus on our customers and regional dynamics. View Our Technology Development The future of E&P innovation View Leveraging the latest science and technology to optimize operations and solve E&P challenges. View Schlumberger Foundation Actively supporting STEM education for women. View The Schlumberger Foundation supports education, strengthens university faculties, and mitigates obstacles faced by women scientists. View Case Studies See our solutions in action View In-depth analysis of real-world situations View Our Alumni SLB employees, current and past, made us who we are today. View Keeping you connected to news, information, and opportunities View Access premium content Register for free to access technical papers and technology news tailored to your interests. Sign up Helpful links Contact Software Support Incident Report Resources Events Glossary About SLB Careers Newsroom Investor Relations Locations Governance Follow us SLB 53.24 1.47 Privacy Terms of Service Preferences Sitemap © 2022 Schlumberger Limited. Share This",4350,success
SLB,SLB (Schlumberger),Energy,2017,https://www.slb.com/about/who-we-are,20221026181530.0,http://web.archive.org/web/20221026181530/https://www.slb.com/about/who-we-are,20170701,found,,200.0,"Who We Are | SLB Home About Who We Are We are SLB Contact Corporate Communication Subscribe for News Our story begins with what it truly means to be a technology innovator. It stems from a common sense of purpose that unites the people of SLB who represent more than 172 nationalities. We provide the global energy industry with leading digital solutions and ground-breaking technologies that enable performance and sustainability, and our innovations help industry-at-large to decarbonize. With expertise in more than 120 countries, we work in close partnership with customers to create industry-changing technologies that unlock and decarbonize reliable energy for every community—including those we live and work in. Our purpose: Together, we create amazing technology that unlocks access to energy for the benefit of all. Our commitment to customers We’ve always built our business around our customers and their endeavors; they are at the center of everything we do. Bringing together talented people from all over the globe, we’re working on the industry’s most complex and pressing challenges to anticipate and align with our customers’ needs. We want to be their performance partner of choice. To achieve this goal and deliver the best results, we must combine our unique talents and our collective expertise—not just within SLB but by working closely with our suppliers, contractors, and business partners. Our people We are industry leaders because of our exceptional and talented people. They are the core that drives our purpose and integrity, which fuel our belief that everyone should have the opportunity to reach their greatest potential. Ever-evolving and constantly innovating, we transcend every cultural and technological boundary set before us. Indeed, it is our diversity that makes us stronger. Together, we achieve more. We are SLB, and we are leading the energy industry forward—together. Decarbonize your operations Our industry has a vital role to play in the global energy transition, and SLB is evolving for that exciting future. Discover how our portfolio of Transition Technologies can reduce your carbon footprint and accelerate the path to net zero. Learn more Bring Balance Back to Our Planet Our planet needs balance to thrive, for the climate, for people, and for nature View Together, we will pave the way through better practices, innovative technologies, and the commitment to help others. View Our Values Our Promise and Commitment to you View We are facing the world’s greatest balancing act—how to simultaneously meet the world’s growing energy demands while rapidly reducing harmful emissions. View Our Guiding Principles SLB is committed to providing technologies and services that enhance and optimize our customers' performance while creating mutual value for all involved. View SLB looks to three core values, people, technology, and performance, to guide the decisions we make as we pursue our ambitions. View Our History With bold thinking, we’ve established ourselves as early adopters of digital solutions and pioneers of new mindsets to tackle the net-zero challenge. View A legacy and culture of pushing the limits of what technology can do. View Our Global Footprint We are local. Everywhere. View With operations in over 120 countries, we bring a strong focus on our customers and regional dynamics. View Our Technology Development The future of E&P innovation View Leveraging the latest science and technology to optimize operations and solve E&P challenges. View Schlumberger Foundation Actively supporting STEM education for women. View The Schlumberger Foundation supports education, strengthens university faculties, and mitigates obstacles faced by women scientists. View Case Studies See our solutions in action View In-depth analysis of real-world situations View Our Alumni SLB employees, current and past, made us who we are today. View Keeping you connected to news, information, and opportunities View Access premium content Register for free to access technical papers and technology news tailored to your interests. Sign up Helpful links Contact Software Support Incident Report Resources Events Glossary About SLB Careers Newsroom Investor Relations Locations Governance Follow us SLB 53.24 1.47 Privacy Terms of Service Preferences Sitemap © 2022 Schlumberger Limited. Share This",4350,success
SLB,SLB (Schlumberger),Energy,2018,https://www.slb.com/about/who-we-are,20221026181530.0,http://web.archive.org/web/20221026181530/https://www.slb.com/about/who-we-are,20180701,found,,200.0,"Who We Are | SLB Home About Who We Are We are SLB Contact Corporate Communication Subscribe for News Our story begins with what it truly means to be a technology innovator. It stems from a common sense of purpose that unites the people of SLB who represent more than 172 nationalities. We provide the global energy industry with leading digital solutions and ground-breaking technologies that enable performance and sustainability, and our innovations help industry-at-large to decarbonize. With expertise in more than 120 countries, we work in close partnership with customers to create industry-changing technologies that unlock and decarbonize reliable energy for every community—including those we live and work in. Our purpose: Together, we create amazing technology that unlocks access to energy for the benefit of all. Our commitment to customers We’ve always built our business around our customers and their endeavors; they are at the center of everything we do. Bringing together talented people from all over the globe, we’re working on the industry’s most complex and pressing challenges to anticipate and align with our customers’ needs. We want to be their performance partner of choice. To achieve this goal and deliver the best results, we must combine our unique talents and our collective expertise—not just within SLB but by working closely with our suppliers, contractors, and business partners. Our people We are industry leaders because of our exceptional and talented people. They are the core that drives our purpose and integrity, which fuel our belief that everyone should have the opportunity to reach their greatest potential. Ever-evolving and constantly innovating, we transcend every cultural and technological boundary set before us. Indeed, it is our diversity that makes us stronger. Together, we achieve more. We are SLB, and we are leading the energy industry forward—together. Decarbonize your operations Our industry has a vital role to play in the global energy transition, and SLB is evolving for that exciting future. Discover how our portfolio of Transition Technologies can reduce your carbon footprint and accelerate the path to net zero. Learn more Bring Balance Back to Our Planet Our planet needs balance to thrive, for the climate, for people, and for nature View Together, we will pave the way through better practices, innovative technologies, and the commitment to help others. View Our Values Our Promise and Commitment to you View We are facing the world’s greatest balancing act—how to simultaneously meet the world’s growing energy demands while rapidly reducing harmful emissions. View Our Guiding Principles SLB is committed to providing technologies and services that enhance and optimize our customers' performance while creating mutual value for all involved. View SLB looks to three core values, people, technology, and performance, to guide the decisions we make as we pursue our ambitions. View Our History With bold thinking, we’ve established ourselves as early adopters of digital solutions and pioneers of new mindsets to tackle the net-zero challenge. View A legacy and culture of pushing the limits of what technology can do. View Our Global Footprint We are local. Everywhere. View With operations in over 120 countries, we bring a strong focus on our customers and regional dynamics. View Our Technology Development The future of E&P innovation View Leveraging the latest science and technology to optimize operations and solve E&P challenges. View Schlumberger Foundation Actively supporting STEM education for women. View The Schlumberger Foundation supports education, strengthens university faculties, and mitigates obstacles faced by women scientists. View Case Studies See our solutions in action View In-depth analysis of real-world situations View Our Alumni SLB employees, current and past, made us who we are today. View Keeping you connected to news, information, and opportunities View Access premium content Register for free to access technical papers and technology news tailored to your interests. Sign up Helpful links Contact Software Support Incident Report Resources Events Glossary About SLB Careers Newsroom Investor Relations Locations Governance Follow us SLB 53.24 1.47 Privacy Terms of Service Preferences Sitemap © 2022 Schlumberger Limited. Share This",4350,success
SLB,SLB (Schlumberger),Energy,2019,https://www.slb.com/about/who-we-are,,,20190701,missing,No closest snapshot found from Wayback Availability API,,,0,missing_snapshot
SLB,SLB (Schlumberger),Energy,2020,https://www.slb.com/about/who-we-are,20221026181530.0,http://web.archive.org/web/20221026181530/https://www.slb.com/about/who-we-are,20200701,found,,200.0,"Who We Are | SLB Home About Who We Are We are SLB Contact Corporate Communication Subscribe for News Our story begins with what it truly means to be a technology innovator. It stems from a common sense of purpose that unites the people of SLB who represent more than 172 nationalities. We provide the global energy industry with leading digital solutions and ground-breaking technologies that enable performance and sustainability, and our innovations help industry-at-large to decarbonize. With expertise in more than 120 countries, we work in close partnership with customers to create industry-changing technologies that unlock and decarbonize reliable energy for every community—including those we live and work in. Our purpose: Together, we create amazing technology that unlocks access to energy for the benefit of all. Our commitment to customers We’ve always built our business around our customers and their endeavors; they are at the center of everything we do. Bringing together talented people from all over the globe, we’re working on the industry’s most complex and pressing challenges to anticipate and align with our customers’ needs. We want to be their performance partner of choice. To achieve this goal and deliver the best results, we must combine our unique talents and our collective expertise—not just within SLB but by working closely with our suppliers, contractors, and business partners. Our people We are industry leaders because of our exceptional and talented people. They are the core that drives our purpose and integrity, which fuel our belief that everyone should have the opportunity to reach their greatest potential. Ever-evolving and constantly innovating, we transcend every cultural and technological boundary set before us. Indeed, it is our diversity that makes us stronger. Together, we achieve more. We are SLB, and we are leading the energy industry forward—together. Decarbonize your operations Our industry has a vital role to play in the global energy transition, and SLB is evolving for that exciting future. Discover how our portfolio of Transition Technologies can reduce your carbon footprint and accelerate the path to net zero. Learn more Bring Balance Back to Our Planet Our planet needs balance to thrive, for the climate, for people, and for nature View Together, we will pave the way through better practices, innovative technologies, and the commitment to help others. View Our Values Our Promise and Commitment to you View We are facing the world’s greatest balancing act—how to simultaneously meet the world’s growing energy demands while rapidly reducing harmful emissions. View Our Guiding Principles SLB is committed to providing technologies and services that enhance and optimize our customers' performance while creating mutual value for all involved. View SLB looks to three core values, people, technology, and performance, to guide the decisions we make as we pursue our ambitions. View Our History With bold thinking, we’ve established ourselves as early adopters of digital solutions and pioneers of new mindsets to tackle the net-zero challenge. View A legacy and culture of pushing the limits of what technology can do. View Our Global Footprint We are local. Everywhere. View With operations in over 120 countries, we bring a strong focus on our customers and regional dynamics. View Our Technology Development The future of E&P innovation View Leveraging the latest science and technology to optimize operations and solve E&P challenges. View Schlumberger Foundation Actively supporting STEM education for women. View The Schlumberger Foundation supports education, strengthens university faculties, and mitigates obstacles faced by women scientists. View Case Studies See our solutions in action View In-depth analysis of real-world situations View Our Alumni SLB employees, current and past, made us who we are today. View Keeping you connected to news, information, and opportunities View Access premium content Register for free to access technical papers and technology news tailored to your interests. Sign up Helpful links Contact Software Support Incident Report Resources Events Glossary About SLB Careers Newsroom Investor Relations Locations Governance Follow us SLB 53.24 1.47 Privacy Terms of Service Preferences Sitemap © 2022 Schlumberger Limited. Share This",4350,success
SLB,SLB (Schlumberger),Energy,2021,https://www.slb.com/about/who-we-are,20221026181530.0,http://web.archive.org/web/20221026181530/https://www.slb.com/about/who-we-are,20210701,found,,200.0,"Who We Are | SLB Home About Who We Are We are SLB Contact Corporate Communication Subscribe for News Our story begins with what it truly means to be a technology innovator. It stems from a common sense of purpose that unites the people of SLB who represent more than 172 nationalities. We provide the global energy industry with leading digital solutions and ground-breaking technologies that enable performance and sustainability, and our innovations help industry-at-large to decarbonize. With expertise in more than 120 countries, we work in close partnership with customers to create industry-changing technologies that unlock and decarbonize reliable energy for every community—including those we live and work in. Our purpose: Together, we create amazing technology that unlocks access to energy for the benefit of all. Our commitment to customers We’ve always built our business around our customers and their endeavors; they are at the center of everything we do. Bringing together talented people from all over the globe, we’re working on the industry’s most complex and pressing challenges to anticipate and align with our customers’ needs. We want to be their performance partner of choice. To achieve this goal and deliver the best results, we must combine our unique talents and our collective expertise—not just within SLB but by working closely with our suppliers, contractors, and business partners. Our people We are industry leaders because of our exceptional and talented people. They are the core that drives our purpose and integrity, which fuel our belief that everyone should have the opportunity to reach their greatest potential. Ever-evolving and constantly innovating, we transcend every cultural and technological boundary set before us. Indeed, it is our diversity that makes us stronger. Together, we achieve more. We are SLB, and we are leading the energy industry forward—together. Decarbonize your operations Our industry has a vital role to play in the global energy transition, and SLB is evolving for that exciting future. Discover how our portfolio of Transition Technologies can reduce your carbon footprint and accelerate the path to net zero. Learn more Bring Balance Back to Our Planet Our planet needs balance to thrive, for the climate, for people, and for nature View Together, we will pave the way through better practices, innovative technologies, and the commitment to help others. View Our Values Our Promise and Commitment to you View We are facing the world’s greatest balancing act—how to simultaneously meet the world’s growing energy demands while rapidly reducing harmful emissions. View Our Guiding Principles SLB is committed to providing technologies and services that enhance and optimize our customers' performance while creating mutual value for all involved. View SLB looks to three core values, people, technology, and performance, to guide the decisions we make as we pursue our ambitions. View Our History With bold thinking, we’ve established ourselves as early adopters of digital solutions and pioneers of new mindsets to tackle the net-zero challenge. View A legacy and culture of pushing the limits of what technology can do. View Our Global Footprint We are local. Everywhere. View With operations in over 120 countries, we bring a strong focus on our customers and regional dynamics. View Our Technology Development The future of E&P innovation View Leveraging the latest science and technology to optimize operations and solve E&P challenges. View Schlumberger Foundation Actively supporting STEM education for women. View The Schlumberger Foundation supports education, strengthens university faculties, and mitigates obstacles faced by women scientists. View Case Studies See our solutions in action View In-depth analysis of real-world situations View Our Alumni SLB employees, current and past, made us who we are today. View Keeping you connected to news, information, and opportunities View Access premium content Register for free to access technical papers and technology news tailored to your interests. Sign up Helpful links Contact Software Support Incident Report Resources Events Glossary About SLB Careers Newsroom Investor Relations Locations Governance Follow us SLB 53.24 1.47 Privacy Terms of Service Preferences Sitemap © 2022 Schlumberger Limited. Share This",4350,success
SLB,SLB (Schlumberger),Energy,2022,https://www.slb.com/about/who-we-are,20221026181530.0,http://web.archive.org/web/20221026181530/https://www.slb.com/about/who-we-are,20220701,found,,200.0,"Who We Are | SLB Home About Who We Are We are SLB Contact Corporate Communication Subscribe for News Our story begins with what it truly means to be a technology innovator. It stems from a common sense of purpose that unites the people of SLB who represent more than 172 nationalities. We provide the global energy industry with leading digital solutions and ground-breaking technologies that enable performance and sustainability, and our innovations help industry-at-large to decarbonize. With expertise in more than 120 countries, we work in close partnership with customers to create industry-changing technologies that unlock and decarbonize reliable energy for every community—including those we live and work in. Our purpose: Together, we create amazing technology that unlocks access to energy for the benefit of all. Our commitment to customers We’ve always built our business around our customers and their endeavors; they are at the center of everything we do. Bringing together talented people from all over the globe, we’re working on the industry’s most complex and pressing challenges to anticipate and align with our customers’ needs. We want to be their performance partner of choice. To achieve this goal and deliver the best results, we must combine our unique talents and our collective expertise—not just within SLB but by working closely with our suppliers, contractors, and business partners. Our people We are industry leaders because of our exceptional and talented people. They are the core that drives our purpose and integrity, which fuel our belief that everyone should have the opportunity to reach their greatest potential. Ever-evolving and constantly innovating, we transcend every cultural and technological boundary set before us. Indeed, it is our diversity that makes us stronger. Together, we achieve more. We are SLB, and we are leading the energy industry forward—together. Decarbonize your operations Our industry has a vital role to play in the global energy transition, and SLB is evolving for that exciting future. Discover how our portfolio of Transition Technologies can reduce your carbon footprint and accelerate the path to net zero. Learn more Bring Balance Back to Our Planet Our planet needs balance to thrive, for the climate, for people, and for nature View Together, we will pave the way through better practices, innovative technologies, and the commitment to help others. View Our Values Our Promise and Commitment to you View We are facing the world’s greatest balancing act—how to simultaneously meet the world’s growing energy demands while rapidly reducing harmful emissions. View Our Guiding Principles SLB is committed to providing technologies and services that enhance and optimize our customers' performance while creating mutual value for all involved. View SLB looks to three core values, people, technology, and performance, to guide the decisions we make as we pursue our ambitions. View Our History With bold thinking, we’ve established ourselves as early adopters of digital solutions and pioneers of new mindsets to tackle the net-zero challenge. View A legacy and culture of pushing the limits of what technology can do. View Our Global Footprint We are local. Everywhere. View With operations in over 120 countries, we bring a strong focus on our customers and regional dynamics. View Our Technology Development The future of E&P innovation View Leveraging the latest science and technology to optimize operations and solve E&P challenges. View Schlumberger Foundation Actively supporting STEM education for women. View The Schlumberger Foundation supports education, strengthens university faculties, and mitigates obstacles faced by women scientists. View Case Studies See our solutions in action View In-depth analysis of real-world situations View Our Alumni SLB employees, current and past, made us who we are today. View Keeping you connected to news, information, and opportunities View Access premium content Register for free to access technical papers and technology news tailored to your interests. Sign up Helpful links Contact Software Support Incident Report Resources Events Glossary About SLB Careers Newsroom Investor Relations Locations Governance Follow us SLB 53.24 1.47 Privacy Terms of Service Preferences Sitemap © 2022 Schlumberger Limited. Share This",4350,success
SLB,SLB (Schlumberger),Energy,2023,https://www.slb.com/about/who-we-are,20230701125507.0,http://web.archive.org/web/20230701125507/https://www.slb.com/about/who-we-are,20230701,found,,200.0,"Who We Are | SLB Home About Who We Are We are SLB Subscribe for News Our story begins with what it truly means to be a technology innovator. It stems from a common sense of purpose that unites the people of SLB. With a global footprint in more than 100 countries and employees representing almost twice as many nationalities, we work each day on innovating oil and gas, delivering digital at scale, decarbonizing industries, and developing and scaling new energy systems that accelerate the energy transition. Our purpose: Together, we create amazing technology that unlocks access to energy for the benefit of all. Our commitment to customers We’ve always built our business around our customers and their endeavors; they are at the center of everything we do. Bringing together talented people from all over the globe, we’re working on the industry’s most complex and pressing challenges to anticipate and align with our customers’ needs. We want to be their performance partner of choice. To achieve this goal and deliver the best results, we must combine our unique talents and our collective expertise—not just within SLB but by working closely with our suppliers, contractors, and business partners. Our people We are industry leaders because of our exceptional and talented people. They are the core that drives our purpose and integrity, which fuel our belief that everyone should have the opportunity to reach their greatest potential. Ever-evolving and constantly innovating, we transcend every cultural and technological boundary set before us. Indeed, it is our diversity that makes us stronger. Together, we achieve more. We are SLB, and we are leading the energy industry forward—together. Decarbonize your operations Our industry has a vital role to play in the global energy transition, and SLB is evolving for that exciting future. Discover how our portfolio of Transition Technologies can reduce your carbon footprint and accelerate the path to net zero. Learn more Ethics and Compliance SLB’s Board of Directors oversees our processes for maintaining integrity with regard to SLB’s financial statements, internal controls, public disclosures, and compliance with laws and ethics. View Additionally, the Ethics and Compliance (E&C) program ensures compliance risks are known and addressed and that the program is effectively implemented. View Bring Balance Back to Our Planet Our planet needs balance to thrive, for the climate, for people, and for nature View Together, we will pave the way through better practices, innovative technologies, and the commitment to help others. View Our Values Our Promise and Commitment to you View We are facing the world’s greatest balancing act—how to simultaneously meet the world’s growing energy demands while rapidly reducing harmful emissions. View Our History With bold thinking, we’ve established ourselves as early adopters of digital solutions and pioneers of new mindsets to tackle the net-zero challenge. View A legacy and culture of pushing the limits of what technology can do. View Our Global Footprint We are local. Everywhere. View With operations in over 120 countries, we bring a strong focus on our customers and regional dynamics. View Our Technology Development The future of E&P innovation View Leveraging the latest science and technology to optimize operations and solve E&P challenges. View Schlumberger Foundation Actively supporting STEM education for women. View The Schlumberger Foundation supports education, strengthens university faculties, and mitigates obstacles faced by women scientists. View Case Studies See our solutions in action View In-depth analysis of real-world situations View Our Alumni SLB employees, current and past, made us who we are today. View Keeping you connected to news, information, and opportunities View Access premium content Register for free to access technical papers and technology news tailored to your interests. Sign up Helpful links Contact Software Support Incident Report Resources Events Glossary About SLB Careers Newsroom Investor Relations Locations Governance Follow us SLB 49.12 1.34 Privacy Terms of Service Preferences Sitemap Copyright © 2023 SLB. All rights reserved. Share This",4215,success
SLB,SLB (Schlumberger),Energy,2024,https://www.slb.com/about/who-we-are,,,20240701,missing,No closest snapshot found from Wayback Availability API,,,0,missing_snapshot
MPC,Marathon Petroleum,Energy,2016,https://www.marathonpetroleum.com/About/Our-Values/,,,20160701,missing,No closest snapshot found from Wayback Availability API,,,0,missing_snapshot
MPC,Marathon Petroleum,Energy,2017,https://www.marathonpetroleum.com/About/Our-Values/,20190620170933.0,http://web.archive.org/web/20190620170933/https://www.marathonpetroleum.com/About/Our-Values/,20170701,found,,200.0,"Our Values | Marathon Petroleum Corporation Our Values Provide a Compass Here's What We Stand For We are in the business of creating value for our shareholders through the quality products and services we provide for our customers. We strongly believe how we conduct our business is just as integral to our performance. As a result, we strive to always act responsibly with those who work for us, with those business partners who work with us, and in every community where we operate. Health and Safety We have the highest regard for the health and safety of our employees, contractors and neighboring communities. Environmental Stewardship We are committed to minimizing our environmental impact and continually look for ways to reduce our footprint. Integrity We uphold the highest standards of business ethics and integrity, enforcing strict principles of corporate governance. We strive for transparency in all of our operations. Corporate Citizenship We work to make a positive difference in the communities where we have the privilege to operate. Diversity and Inclusion We value diversity and strive to provide our employees with a collaborative, supportive and inclusive work environment where they can maximize their full potential for personal and business success. Our History As Americans' love affair with the automobile has evolved, Marathon Petroleum, in one form or another, has been there to play a critical supporting role. View our history Leadership Our values are of utmost importance at Marathon Petroleum and that commitment starts from the top down. Our leadership team is committed to making sure those values permeate throughout our organization and everything we do. Meet the people responsible for leading Marathon Petroleum forward. Meet our Leadership Board of Directors Our board provides oversight for all company operations and activities. We are proud to have a group of directors with a range of backgrounds and expertise. They see that we are all operating in accordance with our values, ensure we adhere to strict governance and always maintain transparency. Meet the board",2110,success
MPC,Marathon Petroleum,Energy,2018,https://www.marathonpetroleum.com/About/Our-Values/,,,20180701,missing,No closest snapshot found from Wayback Availability API,,,0,missing_snapshot
MPC,Marathon Petroleum,Energy,2019,https://www.marathonpetroleum.com/About/Our-Values/,20190620170933.0,http://web.archive.org/web/20190620170933/https://www.marathonpetroleum.com/About/Our-Values/,20190701,found,,200.0,"Our Values | Marathon Petroleum Corporation Our Values Provide a Compass Here's What We Stand For We are in the business of creating value for our shareholders through the quality products and services we provide for our customers. We strongly believe how we conduct our business is just as integral to our performance. As a result, we strive to always act responsibly with those who work for us, with those business partners who work with us, and in every community where we operate. Health and Safety We have the highest regard for the health and safety of our employees, contractors and neighboring communities. Environmental Stewardship We are committed to minimizing our environmental impact and continually look for ways to reduce our footprint. Integrity We uphold the highest standards of business ethics and integrity, enforcing strict principles of corporate governance. We strive for transparency in all of our operations. Corporate Citizenship We work to make a positive difference in the communities where we have the privilege to operate. Diversity and Inclusion We value diversity and strive to provide our employees with a collaborative, supportive and inclusive work environment where they can maximize their full potential for personal and business success. Our History As Americans' love affair with the automobile has evolved, Marathon Petroleum, in one form or another, has been there to play a critical supporting role. View our history Leadership Our values are of utmost importance at Marathon Petroleum and that commitment starts from the top down. Our leadership team is committed to making sure those values permeate throughout our organization and everything we do. Meet the people responsible for leading Marathon Petroleum forward. Meet our Leadership Board of Directors Our board provides oversight for all company operations and activities. We are proud to have a group of directors with a range of backgrounds and expertise. They see that we are all operating in accordance with our values, ensure we adhere to strict governance and always maintain transparency. Meet the board",2110,success
MPC,Marathon Petroleum,Energy,2020,https://www.marathonpetroleum.com/About/Our-Values/,20200718084119.0,http://web.archive.org/web/20200718084119/https://www.marathonpetroleum.com/About/Our-Values/,20200701,found,,200.0,"Our Values | Marathon Petroleum Corporation Enhancing Life’s Possibilities Values Safety & Environmental Stewardship Protecting our people and the world we all share has been and remains a priority to MPC. We aim for an accident-free, incident-free workplace to ensure everyone goes home safely, every day. We are committed to safe and environmentally responsible operations to protect the health and safety of our employees, contractors, and communities. Integrity Integrity at MPC is more than the business conduct policies and procedures we follow. We set high expectations for ourselves and build trust in each other, with business partners, shareholders and the communities where we work and live. We say what we’re going to do – and then do it. Respect Respect is built upon the principle that every one of us is valuable and contributes toward achieving our Vision. We treat everyone professionally, with courtesy, honesty and trust. We consider how other people’s ideas can improve what we do and we encourage everyone to openly share their perspectives, ideas and concerns. Inclusion We value diversity in culture, background, perspective and experiences. We strive to provide our employees with a collaborative, supportive and inclusive work environment where they can maximize their full potential for personal and business success. This happens when our employees, contractors, and other stakeholders feel valued themselves, and value others for who they are. Collaboration We are a company of driven, accomplished professionals who are more than the sum of their training and experience. We actively partner with our communities, governments, and business partners to find and create shared values, making a positive difference together. We foster constructive, solution-oriented dialogues; we genuinely listen to one another and seek out perspectives different from our own. Our History As Americans' love affair with the automobile has evolved, MPC, in one form or another, has been there to play a critical supporting role. View our history Leadership Our values are of utmost importance at MPC and that commitment starts from the top down. Our leadership team is committed to making sure those values permeate throughout our organization and everything we do. Meet the people responsible for leading MPC forward. Meet our Leadership Board of Directors Our board provides oversight for all company operations and activities. We are proud to have a group of directors with a range of backgrounds and expertise. They see that we are all operating in accordance with our values, ensure we adhere to strict governance and always maintain transparency. Meet the board",2678,success
MPC,Marathon Petroleum,Energy,2021,https://www.marathonpetroleum.com/About/Our-Values/,20210614144801.0,http://web.archive.org/web/20210614144801/https://www.marathonpetroleum.com/About/Our-Values/,20210701,found,,200.0,"Our Values | Marathon Petroleum Corporation Enhancing Life’s Possibilities Values Safety & Environmental Stewardship Protecting our people and the world we all share is a priority to MPC. We are committed to safe and environmentally responsible operations to protect the health and safety of our employees, contractors and communities. This commitment is reflected in our safety systems design, our well-maintained equipment and our focus on continuous learning and improvement. Integrity Integrity at MPC is more than the business conduct policies and procedures we follow. We set high expectations for ourselves and build trust in each other, with business partners, shareholders and the communities where we work and live. We say what we’re going to do – and then do it. Respect Respect is built upon the principle that every one of us is valuable and contributes toward achieving our Vision. We treat everyone professionally, with courtesy, honesty and trust. We consider how other people’s ideas can improve what we do and we encourage everyone to openly share their perspectives, ideas and concerns. Inclusion We value diversity in culture, background, perspective and experiences. We strive to provide our employees with a collaborative, supportive and inclusive work environment where they can maximize their full potential for personal and business success. This happens when our employees, contractors, and other stakeholders feel valued themselves, and value others for who they are. Collaboration We are a company of driven, accomplished professionals who are more than the sum of their training and experience. We actively partner with our communities, governments, and business partners to find and create shared values, making a positive difference together. We foster constructive, solution-oriented dialogues; we genuinely listen to one another and seek out perspectives different from our own. Our History As Americans' love affair with the automobile has evolved, MPC, in one form or another, has been there to play a critical supporting role. View our history Leadership Our values are of utmost importance at MPC and that commitment starts from the top down. Our leadership team is committed to making sure those values permeate throughout our organization and everything we do. Meet the people responsible for leading MPC forward. Meet our Leadership Board of Directors Our board provides oversight for all company operations and activities. We are proud to have a group of directors with a range of backgrounds and expertise. They see that we are all operating in accordance with our values, ensure we adhere to strict governance and always maintain transparency. Meet the board",2701,success
MPC,Marathon Petroleum,Energy,2022,https://www.marathonpetroleum.com/About/Our-Values/,20220620002238.0,http://web.archive.org/web/20220620002238/https://www.marathonpetroleum.com/About/Our-Values/,20220701,found,,200.0,"Our Values | Marathon Petroleum Corporation Enhancing Life’s Possibilities Values Safety & Environmental Stewardship • Protect our people and the world we all share • Aim for an accident-free, incident-free workplace • Commit to safe and environmentally responsible operations Integrity • Set high expectations for ourselves and build trust in each other, with business partners, shareholders and the communities where we work and live • Say what we’re going to do — and then do it Respect • Treat everyone professionally, with courtesy, honesty and trust • Consider how other people’s ideas can improve what we do and encourage everyone to openly share their perspectives, ideas and concerns Inclusion • Value diversity in culture, background, perspective and experiences • Strive to provide our employees with a collaborative, supportive and inclusive work environment where they can maximize their full potential for personal and business success Collaboration • Actively partner with our stakeholders to find and create shared value, making a positive difference together • Foster constructive, solution-oriented dialogues • Genuinely listen to one another and seek out perspectives different from our own Our History As Americans' love affair with the automobile has evolved, MPC, in one form or another, has been there to play a critical supporting role. View our history Leadership Our values are of utmost importance at MPC and that commitment starts from the top down. Our leadership team is committed to making sure those values permeate throughout our organization and everything we do. Meet the people responsible for leading MPC forward. Meet our Leadership Board of Directors Our board provides oversight for all company operations and activities. We are proud to have a group of directors with a range of backgrounds and expertise. They see that we are all operating in accordance with our values, ensure we adhere to strict governance and always maintain transparency. Meet the board",1999,success
MPC,Marathon Petroleum,Energy,2023,https://www.marathonpetroleum.com/About/Our-Values/,20230518021652.0,http://web.archive.org/web/20230518021652/https://www.marathonpetroleum.com/About/Our-Values/,20230701,found,,200.0,"Our Values | Marathon Petroleum Corporation Enhancing Life’s Possibilities Values Safety & Environmental Stewardship • Protect our people and the world we all share • Aim for an accident-free, incident-free workplace • Commit to safe and environmentally responsible operations Integrity • Set high expectations for ourselves and build trust in each other, with business partners, shareholders and the communities where we work and live • Say what we’re going to do — and then do it Respect • Treat everyone professionally, with courtesy, honesty and trust • Consider how other people’s ideas can improve what we do and encourage everyone to openly share their perspectives, ideas and concerns Inclusion • Value diversity in culture, background, perspective and experiences • Strive to provide our employees with a collaborative, supportive and inclusive work environment where they can maximize their full potential for personal and business success Collaboration • Actively partner with our stakeholders to find and create shared value, making a positive difference together • Foster constructive, solution-oriented dialogues • Genuinely listen to one another and seek out perspectives different from our own Our History As Americans' love affair with the automobile has evolved, MPC, in one form or another, has been there to play a critical supporting role. View our history Leadership Our values are of utmost importance at MPC and that commitment starts from the top down. Our leadership team is committed to making sure those values permeate throughout our organization and everything we do. Meet the people responsible for leading MPC forward. Meet our Leadership Board of Directors Our board provides oversight for all company operations and activities. We are proud to have a group of directors with a range of backgrounds and expertise. They see that we are all operating in accordance with our values, ensure we adhere to strict governance and always maintain transparency. Meet the board",1999,success
MPC,Marathon Petroleum,Energy,2024,https://www.marathonpetroleum.com/About/Our-Values/,20240714011023.0,http://web.archive.org/web/20240714011023/https://www.marathonpetroleum.com/About/Our-Values/,20240701,found,,200.0,"Our Values | Marathon Petroleum Corporation Enhancing Life’s Possibilities Core Values At Marathon Petroleum, we are proud of the role we play in helping meet the world’s growing energy needs while steadfastly adhering to the values we place at the core of our business. Over the past 137 years, and as we continue to innovate and evolve, our core values have been and will always be at the heart of our success – guiding the way we treat each other and all our stakeholders. We believe that how we perform our work holds equal importance with the work we perform. Safety & Environmental Stewardship • Protect our people and the world we all share • Aim for an incident-free, injury-free workplace • Demonstrate our unwavering commitment to safe and environmentally responsible operations every day Integrity • Set high expectations for ourselves and build trust in each other, with business partners, shareholders and the communities where we work and live • Say what we’re going to do — and then do it • Behave ethically in all we do Respect • Treat everyone professionally, with courtesy, honesty and trust • Consider how other people’s ideas can improve what we do and encourage everyone to openly share their perspectives, ideas and concerns Inclusion • Value diversity in culture, background, perspective and experiences • Strive to provide our employees with a collaborative, supportive and inclusive work environment where they can maximize their full potential for personal and business success Collaboration • Actively partner with our stakeholders to find and create shared value, making a positive difference together • Foster constructive, solution-oriented dialogues • Genuinely listen to one another and seek out perspectives different from our own Our History In one form or another, our company has been helping fuel America since the 1800s. Seriously. View our history Leadership Our values are of utmost importance at MPC and that commitment starts from the top down. Our leadership team is committed to making sure those values permeate throughout our organization and everything we do. Meet the people responsible for leading MPC forward. Meet our Leadership Board of Directors Our board provides oversight for all company operations and activities. We are proud to have a group of directors with a range of backgrounds and expertise. They see that we are all operating in accordance with our values, ensure we adhere to strict governance and always maintain transparency. Meet the board",2508,success
PSX,Phillips 66,Energy,2016,https://www.phillips66.com/our-people/,,,20160701,missing,No closest snapshot found from Wayback Availability API,,,0,missing_snapshot
PSX,Phillips 66,Energy,2017,https://www.phillips66.com/our-people/,20210311160102.0,http://web.archive.org/web/20210311160102/https://www.phillips66.com/our-people,20170701,found,,200.0,"Phillips 66 | Our People Phillips 66 | Our People Contact Careers Search Results Our People Play Human Capital Management Report The inaugural Human Capital Management Report demonstrates how effective human capital management is critical to our long-term strategy and business results. It includes workforce metrics, details on the employee experience and insights on the culture that makes Phillips 66 a premier workplace. The report tells a compelling and comprehensive story about who we are, what makes us great, and where we’re determined to get even better. View the 2021 report in PDF format (9.7 MB) Sections: Letter from our Chairman and CEO Our approach to human capital management Our Culture Pandemic Response and Social Unrest Employee Experience Employee Well-Being Celebrating Success Labor Relations and Policies Appendix",838,success
PSX,Phillips 66,Energy,2018,https://www.phillips66.com/our-people/,20210311160102.0,http://web.archive.org/web/20210311160102/https://www.phillips66.com/our-people,20180701,found,,200.0,"Phillips 66 | Our People Phillips 66 | Our People Contact Careers Search Results Our People Play Human Capital Management Report The inaugural Human Capital Management Report demonstrates how effective human capital management is critical to our long-term strategy and business results. It includes workforce metrics, details on the employee experience and insights on the culture that makes Phillips 66 a premier workplace. The report tells a compelling and comprehensive story about who we are, what makes us great, and where we’re determined to get even better. View the 2021 report in PDF format (9.7 MB) Sections: Letter from our Chairman and CEO Our approach to human capital management Our Culture Pandemic Response and Social Unrest Employee Experience Employee Well-Being Celebrating Success Labor Relations and Policies Appendix",838,success
PSX,Phillips 66,Energy,2019,https://www.phillips66.com/our-people/,20210311160102.0,http://web.archive.org/web/20210311160102/https://www.phillips66.com/our-people,20190701,found,,200.0,"Phillips 66 | Our People Phillips 66 | Our People Contact Careers Search Results Our People Play Human Capital Management Report The inaugural Human Capital Management Report demonstrates how effective human capital management is critical to our long-term strategy and business results. It includes workforce metrics, details on the employee experience and insights on the culture that makes Phillips 66 a premier workplace. The report tells a compelling and comprehensive story about who we are, what makes us great, and where we’re determined to get even better. View the 2021 report in PDF format (9.7 MB) Sections: Letter from our Chairman and CEO Our approach to human capital management Our Culture Pandemic Response and Social Unrest Employee Experience Employee Well-Being Celebrating Success Labor Relations and Policies Appendix",838,success
PSX,Phillips 66,Energy,2020,https://www.phillips66.com/our-people/,20210311160102.0,http://web.archive.org/web/20210311160102/https://www.phillips66.com/our-people,20200701,found,,200.0,"Phillips 66 | Our People Phillips 66 | Our People Contact Careers Search Results Our People Play Human Capital Management Report The inaugural Human Capital Management Report demonstrates how effective human capital management is critical to our long-term strategy and business results. It includes workforce metrics, details on the employee experience and insights on the culture that makes Phillips 66 a premier workplace. The report tells a compelling and comprehensive story about who we are, what makes us great, and where we’re determined to get even better. View the 2021 report in PDF format (9.7 MB) Sections: Letter from our Chairman and CEO Our approach to human capital management Our Culture Pandemic Response and Social Unrest Employee Experience Employee Well-Being Celebrating Success Labor Relations and Policies Appendix",838,success
PSX,Phillips 66,Energy,2021,https://www.phillips66.com/our-people/,,,20210701,missing,No closest snapshot found from Wayback Availability API,,,0,missing_snapshot
PSX,Phillips 66,Energy,2022,https://www.phillips66.com/our-people/,20220703043525.0,http://web.archive.org/web/20220703043525/https://www.phillips66.com/our-people,20220701,found,,200.0,"Phillips 66 | Our People Phillips 66 | Our People Contact Careers Search Results Play Welcome to the 2021 Human Capital Management Report Phillips 66 is a company of inventive problem solvers. Our people are inspired by our values and united by our vision of providing energy and improving lives. Download the full report (10MB) or explore further below. An Introduction with Sonya Reed, SVP, Human Resources and Corporate Communications Play Explore the Report Our Culture Building on what makes us great Play page 8 Employee Experience Fostering a sense of belonging Play page 20 Innovation Thriving during the energy transition Play page 30 Total Rewards Encouraging physical, social, financial and emotional well-being Play page 38 Celebrating Success Raising the bar on what it means to deliver exceptional results Play page 44 Labor Relations Doing the right thing, always Play page 50 Nailing it: Using Good Energy to get the job done President and COO Mark Lashier led a team of Phillips 66 volunteers at a Habitat for Humanity event to kick off Good Energy month. Phillips 66 Midstream safety honor is twice as nice President and COO Mark Lashier led a team of Phillips 66 volunteers at a Habitat for Humanity event to kick off Good Energy month. Phillips 66 maintains 100 on Corporate Equality Index Phillips 66 notched a perfect score on the Corporate Equality Index for the second year in a row, reflecting the company’s ongoing commitment to workplace equality.",1474,success
PSX,Phillips 66,Energy,2023,https://www.phillips66.com/our-people/,,,20230701,missing,No closest snapshot found from Wayback Availability API,,,0,missing_snapshot
PSX,Phillips 66,Energy,2024,https://www.phillips66.com/our-people/,,,20240701,missing,No closest snapshot found from Wayback Availability API,,,0,missing_snapshot
VLO,Valero Energy,Energy,2016,https://www.valero.com/about,20201126153724.0,http://web.archive.org/web/20201126153724/https://www.valero.com/about,20160701,found,,200.0,"About Valero | Our Products Fuel Modern Life About Valero Our Products Fuel Modern Life And Make a Better Future Possible How We Fuel the World We are the best-in-class producer of essential fuels and products that are foundational to modern life. Not just today, but for generations to come. We are the largest independent petroleum refiner in the world and America's largest renewable fuels producer. We’re proud of fueling lives while protecting our communities and the environment with industry-leading safety records and continued efforts to reduce emissions. Who We Are Guiding Principles The Highest Standards We are guided by five principles, in Safety, Environment, Community, Employees, and Governance. Our Guiding Principles Our Awards Leadership Guided by Exceptional Leaders Our executive team and board of directors are committed to operations excellence, disciplined management of capital and long-term value. Executive Team Board of Directors Our Story Advancing the Future of Energy Valero is leading through innovation, ingenuity and unmatched execution to responsibly meet the world's growing demand for reliable and sustainable energy. Our History See the Latest Company News Our Locations Valero, through its subsidiaries, owns 15 petroleum refineries in the United States, Canada and the United Kingdom, and 14 ethanol process plants in the U.S. Valero is headquartered in San Antonio, with offices in Montreal, London, Mexico City and Lima, Peru, and a Payment Service Center in Amarillo, Texas. Our Locations Our Offices More About Valero Learn more about our industrial equipment and surplus material, Valero supplier partners, and customer service for property owners. Investment Recovery Valero Suppliers Mineral Interest Ownership",1758,success
VLO,Valero Energy,Energy,2017,https://www.valero.com/about,,,20170701,missing,No closest snapshot found from Wayback Availability API,,,0,missing_snapshot
VLO,Valero Energy,Energy,2018,https://www.valero.com/about,20201126153724.0,http://web.archive.org/web/20201126153724/https://www.valero.com/about,20180701,found,,200.0,"About Valero | Our Products Fuel Modern Life About Valero Our Products Fuel Modern Life And Make a Better Future Possible How We Fuel the World We are the best-in-class producer of essential fuels and products that are foundational to modern life. Not just today, but for generations to come. We are the largest independent petroleum refiner in the world and America's largest renewable fuels producer. We’re proud of fueling lives while protecting our communities and the environment with industry-leading safety records and continued efforts to reduce emissions. Who We Are Guiding Principles The Highest Standards We are guided by five principles, in Safety, Environment, Community, Employees, and Governance. Our Guiding Principles Our Awards Leadership Guided by Exceptional Leaders Our executive team and board of directors are committed to operations excellence, disciplined management of capital and long-term value. Executive Team Board of Directors Our Story Advancing the Future of Energy Valero is leading through innovation, ingenuity and unmatched execution to responsibly meet the world's growing demand for reliable and sustainable energy. Our History See the Latest Company News Our Locations Valero, through its subsidiaries, owns 15 petroleum refineries in the United States, Canada and the United Kingdom, and 14 ethanol process plants in the U.S. Valero is headquartered in San Antonio, with offices in Montreal, London, Mexico City and Lima, Peru, and a Payment Service Center in Amarillo, Texas. Our Locations Our Offices More About Valero Learn more about our industrial equipment and surplus material, Valero supplier partners, and customer service for property owners. Investment Recovery Valero Suppliers Mineral Interest Ownership",1758,success
VLO,Valero Energy,Energy,2019,https://www.valero.com/about,,,20190701,missing,No closest snapshot found from Wayback Availability API,,,0,missing_snapshot
VLO,Valero Energy,Energy,2020,https://www.valero.com/about,,,20200701,missing,No closest snapshot found from Wayback Availability API,,,0,missing_snapshot
VLO,Valero Energy,Energy,2021,https://www.valero.com/about,,,20210701,missing,No closest snapshot found from Wayback Availability API,,,0,missing_snapshot
VLO,Valero Energy,Energy,2022,https://www.valero.com/about,,,20220701,missing,No closest snapshot found from Wayback Availability API,,,0,missing_snapshot
VLO,Valero Energy,Energy,2023,https://www.valero.com/about,20230628185731.0,http://web.archive.org/web/20230628185731/https://www.valero.com/about,20230701,found,,200.0,"About Valero | Our Products Fuel Modern Life About Valero Our Products Fuel Modern Life And Make a Better Future Possible How We Fuel the World We are the best-in-class producer of essential fuels and products that are foundational to modern life. Not just today, but for generations to come. We are the world's largest independent petroleum refiner and the world's largest renewable fuels producer. We’re proud of fueling lives while protecting our communities and the environment with industry-leading safety records and continued efforts to reduce emissions. Off Who We Are Guiding Principles The Highest Standards We are guided by five principles, in Safety, Environment, Community, Employees and Governance. Our Guiding Principles Our Awards Off Leadership Guided by Exceptional Leaders Our executive team and board of directors are committed to operations excellence, disciplined management of capital and long-term value. Executive Team Board of Directors Off Our Story Advancing the Future of Energy Valero is leading through innovation, ingenuity and unmatched execution to responsibly meet the world's growing demand for reliable and sustainable energy. Our History See the Latest Company News Our Locations Valero, through its subsidiaries, owns 15 petroleum refineries in the United States, Canada and the United Kingdom and 12 ethanol plants in the U.S. Midwest. Valero is also a joint venture member in Diamond Green Diesel Holdings LLC (DGD), which owns renewable diesel plants next to Valero's refineries in St. Charles, Louisiana and Port Arthur, Texas. Our Locations Our Offices Off More About Valero Learn more about our Code of Business Conduct & Ethics, our industrial equipment and surplus material, our supplier partners and customer service for property owners. Valero Suppliers Mineral Interest Ownership Investment Recovery",1849,success
VLO,Valero Energy,Energy,2024,https://www.valero.com/about,20240701195229.0,http://web.archive.org/web/20240701195229/https://www.valero.com/about,20240701,found,,200.0,"About Valero | Our Products Fuel Modern Life About Valero Our Products Fuel Modern Life And Make a Better Future Possible How We Fuel the World We are the best-in-class producer of essential fuels and products that are foundational to modern life. Not just today, but for generations to come. We are the world's largest independent petroleum refiner and the world's largest producer of low-carbon transportation fuels. We’re proud of fueling lives while protecting our communities and the environment with industry-leading safety records and continued efforts to reduce emissions. Off Valero | Who We Are Fortune 500 Company Headquartered in San Antonio, Texas ~10,000 Employees World’s Largest Independent Refiner 15 refineries in the U.S., Canada and the U.K. with 3.2 million barrels per day (bpd) of high-complexity throughput capacity Industry safety leader with 9 OSHA VPP sites, the most of any refiner Off One of the world’s largest low-carbon fuels producers World’s 2nd largest corn ethanol producer World’s 2nd largest renewable diesel producer Developing large-scale Sustainable Aviation Fuel (SAF) project, expected fourth quarter 2024 Off Achieved 2025 GHG emissions target by reducing and displacing more than 63% of global refinery Scope 1 and Scope 2 emissions in 2022, three years early. On track to achieve 100% global refinery Scope 1 and Scope 2 GHG emissions reduction/displacement target by 2035. 2023 was our best year ever for mechanical availability 33 wind turbines in the U.S. Over $77 million generated for charities in 2023 Off Who We Are Guiding Principles The Highest Standards We are guided by five principles, in Safety, Environment, Community, Employees and Governance. Our Guiding Principles Our Awards Off Leadership Guided by Exceptional Leaders Our executive team and board of directors are committed to operations excellence, disciplined management of capital and long-term value. Executive Team Board of Directors Off Our Story Advancing the Future of Energy Valero is leading through innovation, ingenuity and unmatched execution to responsibly meet the world's growing demand for reliable and sustainable energy. Our History See the Latest Company News Our Locations Valero, through its subsidiaries, owns 15 petroleum refineries in the United States, Canada and the United Kingdom and 12 ethanol plants in the U.S. Midwest. Valero is also a joint venture member in Diamond Green Diesel Holdings LLC (DGD), which owns renewable diesel plants next to Valero's refineries in St. Charles, Louisiana and Port Arthur, Texas. Our Locations Our Offices Off More About Valero Learn more about our Code of Business Conduct & Ethics, our industrial equipment and surplus material, our supplier partners and customer service for property owners. Valero Suppliers Mineral Interest Ownership Investment Recovery",2841,success
OXY,Occidental Petroleum,Energy,2016,https://www.oxy.com/investors/governance/political-contributions-and-lobbying/,20211201084032.0,http://web.archive.org/web/20211201084032/https://www.oxy.com/investors/governance/political-contributions-and-lobbying/,20160701,found,,200.0,"Political Contributions and Lobbying Political Contributions and Lobbying ​​​​​​​​​​​Issues arise in the political process at federal, state and local levels that directly affect Oxy's business and stakeholders. Because legislative and regulatory changes can have substantial impacts on the company and its stakeholders, Oxy believes that it is necessary for the company to help inform the discussion of such issues and to do so in an ethical and transparent manner. To that end, Oxy may, from time to time, make political campaign contributions or engage in lobbying and other political activities. While the expenditures for these areas vary from year to year depending on the political cycle and the legislative or regulatory issues in the forefront, we believe that they are modest for a company of Oxy's size. With respect to political contributions, such contributions will only promote the interests of the company, and not the personal political preferences of its executive officers or directors. We always have a process in place to ensure that these activities and expenditures comply with all applicable laws and company policies, including those summarized in Oxy's Code of Business Conduct . Oxy conducts periodic trainings and internal audits to ensure all PAC and corporate political contributions are made in accordance with the law and company policies. Oxy's written policy on political activities broadly defines what a political contribution is for the purposes of the policy. It covers campaign contributions and other politically related expenses by or on behalf of Oxy, and they are made only with the approval of the Board of Directors, the Government Affairs Committee or their designees. The Government Affairs Committee approves all political contributions and reports directly to the Board of Directors. The Vice President, Government Relations is the current chairperson of the Government Affairs Committee, and the other members of the Government Affairs Committee are: the Senior Vice President and Chief Financial Officer; the President of Onshore Resources and Carbon Management; and the President of Oxy Energy Services. Political Campaign Contributions Under federal election law, Oxy may not contribute corporate funds directly to federal candidates or political parties. Oxy is authorized to establish and fund the administrative expenses of an employee political action committee (PAC). Oxy currently has one authorized PAC — the Oxy Petroleum Corporation Political Action Committee​ (OXYPAC). Funded entirely by employees' personal, voluntary contributions, OXYPAC contributes to qualified federal, state and local candidates and multicandidate committees, regardless of party affiliation, who share the interests of Oxy. OXYPAC's activities are transparent and comply with applicable laws. Information on federal and state political campaign contributions made by OXYPAC is filed with the Federal Election Commission (FEC) as well as various state agencies. OXYPAC​'s FEC filings may be viewed on the FEC ​website​ . However, to simplify access to such information, Oxy annually posts a list of OXYPAC contributions , categorized by jurisdiction, candidate and amount for the most recently ended fiscal year. Oxy's Political Contributions Archive presents a list of non-OXYPAC political campaign contributions made by Oxy and its subsidiaries during a fiscal year, including any contributions with respect to ballot initiatives. All of the foregoing contributions and expenditures are subject to the same review and approval procedures described above, and all comply with applicable disclosure requirements. Oxy's policy is to include in its website all contributions that are subject to disclosure requirements. Historic reports of these OXYPAC and non-OXYPAC contributions are available in the Political Contributions Archive . Lobbying Oxy's Government Relations group provides the international and domestic government affairs services for Oxy and, in that capacity, is responsible for all federal and state political contacts by Oxy. Government Relations' mission is to provide advice, advocacy, information, policy analysis and support on legislative, regulatory, international and political issues of importance to the company in meeting its operational and financial goals. These issues and their relative priority change from time to time. However, the specific federal issues that Oxy engaged in lobbying during the last calendar quarter are listed in the quarterly lobbying reports filed with the U.S. Congress. Information about Oxy's state lobbying is available in periodic filings made with various states. Certain foreign countries, the federal government, each state, and certain local jurisdictions have laws requiring registration and reporting by lobbyists and sometimes by their employers. Oxy reports its federal lobbying to the U.S. Congress in public, quarterly lobby disclosure reports that can be viewed online via the U.S. Senate's Lobbying Disclosure Electronic Filing System website. These reports include Oxy's direct lobbying expenses (e.g., salaries, office rent, etc.), as well as the portion of the dues paid to trade associations that is used for lobbying purposes. As noted above, the reports also list in detail the issues on which Oxy engaged in lobbying. Trade Associations and Industry Groups Oxy is a member of and an active participant in many trade and industry groups. Membership in these groups is necessary to stay abreast of issues impacting Oxy's business segments. While generally not the primary purpose of these organizations, many actively engage in lobbying on industry issues. These organizations represent a broad range of members and interests and Oxy does not always share the views of these organizations and their other members. Oxy annually provides a list of U.S. Trade A​ssociations of which Oxy is a member and to which it paid annual dues in excess of $50,000. At the direction of the Board of Directors, the Government Affairs Committee reviews, assesses and approves of Oxy's membership in such trade associations. In the aggregate, Oxy paid approximately $8 million in dues to trade associations in 2020. According to the reports received from such organizations, approximately 43 percent of that amount was used for lobbying purposes. The federal issues on which such associations or groups engaged in lobbying are included in the lobbying disclosure forms filed by such organizations, which are available via the U.S. Senate's Lobbying Disclosure Electronic Filing System . Personal and Grassroots Activities Oxy encourages its Directors and employees to participate in the political process by voting, volunteering their personal services on their own time and by making personal political contributions. However, Directors and employees are not reimbursed or compensated by Oxy for any political contribution.",6921,success
OXY,Occidental Petroleum,Energy,2017,https://www.oxy.com/investors/governance/political-contributions-and-lobbying/,,,20170701,missing,No closest snapshot found from Wayback Availability API,,,0,missing_snapshot
OXY,Occidental Petroleum,Energy,2018,https://www.oxy.com/investors/governance/political-contributions-and-lobbying/,20211201084032.0,http://web.archive.org/web/20211201084032/https://www.oxy.com/investors/governance/political-contributions-and-lobbying/,20180701,found,,200.0,"Political Contributions and Lobbying Political Contributions and Lobbying ​​​​​​​​​​​Issues arise in the political process at federal, state and local levels that directly affect Oxy's business and stakeholders. Because legislative and regulatory changes can have substantial impacts on the company and its stakeholders, Oxy believes that it is necessary for the company to help inform the discussion of such issues and to do so in an ethical and transparent manner. To that end, Oxy may, from time to time, make political campaign contributions or engage in lobbying and other political activities. While the expenditures for these areas vary from year to year depending on the political cycle and the legislative or regulatory issues in the forefront, we believe that they are modest for a company of Oxy's size. With respect to political contributions, such contributions will only promote the interests of the company, and not the personal political preferences of its executive officers or directors. We always have a process in place to ensure that these activities and expenditures comply with all applicable laws and company policies, including those summarized in Oxy's Code of Business Conduct . Oxy conducts periodic trainings and internal audits to ensure all PAC and corporate political contributions are made in accordance with the law and company policies. Oxy's written policy on political activities broadly defines what a political contribution is for the purposes of the policy. It covers campaign contributions and other politically related expenses by or on behalf of Oxy, and they are made only with the approval of the Board of Directors, the Government Affairs Committee or their designees. The Government Affairs Committee approves all political contributions and reports directly to the Board of Directors. The Vice President, Government Relations is the current chairperson of the Government Affairs Committee, and the other members of the Government Affairs Committee are: the Senior Vice President and Chief Financial Officer; the President of Onshore Resources and Carbon Management; and the President of Oxy Energy Services. Political Campaign Contributions Under federal election law, Oxy may not contribute corporate funds directly to federal candidates or political parties. Oxy is authorized to establish and fund the administrative expenses of an employee political action committee (PAC). Oxy currently has one authorized PAC — the Oxy Petroleum Corporation Political Action Committee​ (OXYPAC). Funded entirely by employees' personal, voluntary contributions, OXYPAC contributes to qualified federal, state and local candidates and multicandidate committees, regardless of party affiliation, who share the interests of Oxy. OXYPAC's activities are transparent and comply with applicable laws. Information on federal and state political campaign contributions made by OXYPAC is filed with the Federal Election Commission (FEC) as well as various state agencies. OXYPAC​'s FEC filings may be viewed on the FEC ​website​ . However, to simplify access to such information, Oxy annually posts a list of OXYPAC contributions , categorized by jurisdiction, candidate and amount for the most recently ended fiscal year. Oxy's Political Contributions Archive presents a list of non-OXYPAC political campaign contributions made by Oxy and its subsidiaries during a fiscal year, including any contributions with respect to ballot initiatives. All of the foregoing contributions and expenditures are subject to the same review and approval procedures described above, and all comply with applicable disclosure requirements. Oxy's policy is to include in its website all contributions that are subject to disclosure requirements. Historic reports of these OXYPAC and non-OXYPAC contributions are available in the Political Contributions Archive . Lobbying Oxy's Government Relations group provides the international and domestic government affairs services for Oxy and, in that capacity, is responsible for all federal and state political contacts by Oxy. Government Relations' mission is to provide advice, advocacy, information, policy analysis and support on legislative, regulatory, international and political issues of importance to the company in meeting its operational and financial goals. These issues and their relative priority change from time to time. However, the specific federal issues that Oxy engaged in lobbying during the last calendar quarter are listed in the quarterly lobbying reports filed with the U.S. Congress. Information about Oxy's state lobbying is available in periodic filings made with various states. Certain foreign countries, the federal government, each state, and certain local jurisdictions have laws requiring registration and reporting by lobbyists and sometimes by their employers. Oxy reports its federal lobbying to the U.S. Congress in public, quarterly lobby disclosure reports that can be viewed online via the U.S. Senate's Lobbying Disclosure Electronic Filing System website. These reports include Oxy's direct lobbying expenses (e.g., salaries, office rent, etc.), as well as the portion of the dues paid to trade associations that is used for lobbying purposes. As noted above, the reports also list in detail the issues on which Oxy engaged in lobbying. Trade Associations and Industry Groups Oxy is a member of and an active participant in many trade and industry groups. Membership in these groups is necessary to stay abreast of issues impacting Oxy's business segments. While generally not the primary purpose of these organizations, many actively engage in lobbying on industry issues. These organizations represent a broad range of members and interests and Oxy does not always share the views of these organizations and their other members. Oxy annually provides a list of U.S. Trade A​ssociations of which Oxy is a member and to which it paid annual dues in excess of $50,000. At the direction of the Board of Directors, the Government Affairs Committee reviews, assesses and approves of Oxy's membership in such trade associations. In the aggregate, Oxy paid approximately $8 million in dues to trade associations in 2020. According to the reports received from such organizations, approximately 43 percent of that amount was used for lobbying purposes. The federal issues on which such associations or groups engaged in lobbying are included in the lobbying disclosure forms filed by such organizations, which are available via the U.S. Senate's Lobbying Disclosure Electronic Filing System . Personal and Grassroots Activities Oxy encourages its Directors and employees to participate in the political process by voting, volunteering their personal services on their own time and by making personal political contributions. However, Directors and employees are not reimbursed or compensated by Oxy for any political contribution.",6921,success
OXY,Occidental Petroleum,Energy,2019,https://www.oxy.com/investors/governance/political-contributions-and-lobbying/,,,20190701,missing,No closest snapshot found from Wayback Availability API,,,0,missing_snapshot
OXY,Occidental Petroleum,Energy,2020,https://www.oxy.com/investors/governance/political-contributions-and-lobbying/,20211201084032.0,http://web.archive.org/web/20211201084032/https://www.oxy.com/investors/governance/political-contributions-and-lobbying/,20200701,found,,200.0,"Political Contributions and Lobbying Political Contributions and Lobbying ​​​​​​​​​​​Issues arise in the political process at federal, state and local levels that directly affect Oxy's business and stakeholders. Because legislative and regulatory changes can have substantial impacts on the company and its stakeholders, Oxy believes that it is necessary for the company to help inform the discussion of such issues and to do so in an ethical and transparent manner. To that end, Oxy may, from time to time, make political campaign contributions or engage in lobbying and other political activities. While the expenditures for these areas vary from year to year depending on the political cycle and the legislative or regulatory issues in the forefront, we believe that they are modest for a company of Oxy's size. With respect to political contributions, such contributions will only promote the interests of the company, and not the personal political preferences of its executive officers or directors. We always have a process in place to ensure that these activities and expenditures comply with all applicable laws and company policies, including those summarized in Oxy's Code of Business Conduct . Oxy conducts periodic trainings and internal audits to ensure all PAC and corporate political contributions are made in accordance with the law and company policies. Oxy's written policy on political activities broadly defines what a political contribution is for the purposes of the policy. It covers campaign contributions and other politically related expenses by or on behalf of Oxy, and they are made only with the approval of the Board of Directors, the Government Affairs Committee or their designees. The Government Affairs Committee approves all political contributions and reports directly to the Board of Directors. The Vice President, Government Relations is the current chairperson of the Government Affairs Committee, and the other members of the Government Affairs Committee are: the Senior Vice President and Chief Financial Officer; the President of Onshore Resources and Carbon Management; and the President of Oxy Energy Services. Political Campaign Contributions Under federal election law, Oxy may not contribute corporate funds directly to federal candidates or political parties. Oxy is authorized to establish and fund the administrative expenses of an employee political action committee (PAC). Oxy currently has one authorized PAC — the Oxy Petroleum Corporation Political Action Committee​ (OXYPAC). Funded entirely by employees' personal, voluntary contributions, OXYPAC contributes to qualified federal, state and local candidates and multicandidate committees, regardless of party affiliation, who share the interests of Oxy. OXYPAC's activities are transparent and comply with applicable laws. Information on federal and state political campaign contributions made by OXYPAC is filed with the Federal Election Commission (FEC) as well as various state agencies. OXYPAC​'s FEC filings may be viewed on the FEC ​website​ . However, to simplify access to such information, Oxy annually posts a list of OXYPAC contributions , categorized by jurisdiction, candidate and amount for the most recently ended fiscal year. Oxy's Political Contributions Archive presents a list of non-OXYPAC political campaign contributions made by Oxy and its subsidiaries during a fiscal year, including any contributions with respect to ballot initiatives. All of the foregoing contributions and expenditures are subject to the same review and approval procedures described above, and all comply with applicable disclosure requirements. Oxy's policy is to include in its website all contributions that are subject to disclosure requirements. Historic reports of these OXYPAC and non-OXYPAC contributions are available in the Political Contributions Archive . Lobbying Oxy's Government Relations group provides the international and domestic government affairs services for Oxy and, in that capacity, is responsible for all federal and state political contacts by Oxy. Government Relations' mission is to provide advice, advocacy, information, policy analysis and support on legislative, regulatory, international and political issues of importance to the company in meeting its operational and financial goals. These issues and their relative priority change from time to time. However, the specific federal issues that Oxy engaged in lobbying during the last calendar quarter are listed in the quarterly lobbying reports filed with the U.S. Congress. Information about Oxy's state lobbying is available in periodic filings made with various states. Certain foreign countries, the federal government, each state, and certain local jurisdictions have laws requiring registration and reporting by lobbyists and sometimes by their employers. Oxy reports its federal lobbying to the U.S. Congress in public, quarterly lobby disclosure reports that can be viewed online via the U.S. Senate's Lobbying Disclosure Electronic Filing System website. These reports include Oxy's direct lobbying expenses (e.g., salaries, office rent, etc.), as well as the portion of the dues paid to trade associations that is used for lobbying purposes. As noted above, the reports also list in detail the issues on which Oxy engaged in lobbying. Trade Associations and Industry Groups Oxy is a member of and an active participant in many trade and industry groups. Membership in these groups is necessary to stay abreast of issues impacting Oxy's business segments. While generally not the primary purpose of these organizations, many actively engage in lobbying on industry issues. These organizations represent a broad range of members and interests and Oxy does not always share the views of these organizations and their other members. Oxy annually provides a list of U.S. Trade A​ssociations of which Oxy is a member and to which it paid annual dues in excess of $50,000. At the direction of the Board of Directors, the Government Affairs Committee reviews, assesses and approves of Oxy's membership in such trade associations. In the aggregate, Oxy paid approximately $8 million in dues to trade associations in 2020. According to the reports received from such organizations, approximately 43 percent of that amount was used for lobbying purposes. The federal issues on which such associations or groups engaged in lobbying are included in the lobbying disclosure forms filed by such organizations, which are available via the U.S. Senate's Lobbying Disclosure Electronic Filing System . Personal and Grassroots Activities Oxy encourages its Directors and employees to participate in the political process by voting, volunteering their personal services on their own time and by making personal political contributions. However, Directors and employees are not reimbursed or compensated by Oxy for any political contribution.",6921,success
OXY,Occidental Petroleum,Energy,2021,https://www.oxy.com/investors/governance/political-contributions-and-lobbying/,20211201084032.0,http://web.archive.org/web/20211201084032/https://www.oxy.com/investors/governance/political-contributions-and-lobbying/,20210701,found,,200.0,"Political Contributions and Lobbying Political Contributions and Lobbying ​​​​​​​​​​​Issues arise in the political process at federal, state and local levels that directly affect Oxy's business and stakeholders. Because legislative and regulatory changes can have substantial impacts on the company and its stakeholders, Oxy believes that it is necessary for the company to help inform the discussion of such issues and to do so in an ethical and transparent manner. To that end, Oxy may, from time to time, make political campaign contributions or engage in lobbying and other political activities. While the expenditures for these areas vary from year to year depending on the political cycle and the legislative or regulatory issues in the forefront, we believe that they are modest for a company of Oxy's size. With respect to political contributions, such contributions will only promote the interests of the company, and not the personal political preferences of its executive officers or directors. We always have a process in place to ensure that these activities and expenditures comply with all applicable laws and company policies, including those summarized in Oxy's Code of Business Conduct . Oxy conducts periodic trainings and internal audits to ensure all PAC and corporate political contributions are made in accordance with the law and company policies. Oxy's written policy on political activities broadly defines what a political contribution is for the purposes of the policy. It covers campaign contributions and other politically related expenses by or on behalf of Oxy, and they are made only with the approval of the Board of Directors, the Government Affairs Committee or their designees. The Government Affairs Committee approves all political contributions and reports directly to the Board of Directors. The Vice President, Government Relations is the current chairperson of the Government Affairs Committee, and the other members of the Government Affairs Committee are: the Senior Vice President and Chief Financial Officer; the President of Onshore Resources and Carbon Management; and the President of Oxy Energy Services. Political Campaign Contributions Under federal election law, Oxy may not contribute corporate funds directly to federal candidates or political parties. Oxy is authorized to establish and fund the administrative expenses of an employee political action committee (PAC). Oxy currently has one authorized PAC — the Oxy Petroleum Corporation Political Action Committee​ (OXYPAC). Funded entirely by employees' personal, voluntary contributions, OXYPAC contributes to qualified federal, state and local candidates and multicandidate committees, regardless of party affiliation, who share the interests of Oxy. OXYPAC's activities are transparent and comply with applicable laws. Information on federal and state political campaign contributions made by OXYPAC is filed with the Federal Election Commission (FEC) as well as various state agencies. OXYPAC​'s FEC filings may be viewed on the FEC ​website​ . However, to simplify access to such information, Oxy annually posts a list of OXYPAC contributions , categorized by jurisdiction, candidate and amount for the most recently ended fiscal year. Oxy's Political Contributions Archive presents a list of non-OXYPAC political campaign contributions made by Oxy and its subsidiaries during a fiscal year, including any contributions with respect to ballot initiatives. All of the foregoing contributions and expenditures are subject to the same review and approval procedures described above, and all comply with applicable disclosure requirements. Oxy's policy is to include in its website all contributions that are subject to disclosure requirements. Historic reports of these OXYPAC and non-OXYPAC contributions are available in the Political Contributions Archive . Lobbying Oxy's Government Relations group provides the international and domestic government affairs services for Oxy and, in that capacity, is responsible for all federal and state political contacts by Oxy. Government Relations' mission is to provide advice, advocacy, information, policy analysis and support on legislative, regulatory, international and political issues of importance to the company in meeting its operational and financial goals. These issues and their relative priority change from time to time. However, the specific federal issues that Oxy engaged in lobbying during the last calendar quarter are listed in the quarterly lobbying reports filed with the U.S. Congress. Information about Oxy's state lobbying is available in periodic filings made with various states. Certain foreign countries, the federal government, each state, and certain local jurisdictions have laws requiring registration and reporting by lobbyists and sometimes by their employers. Oxy reports its federal lobbying to the U.S. Congress in public, quarterly lobby disclosure reports that can be viewed online via the U.S. Senate's Lobbying Disclosure Electronic Filing System website. These reports include Oxy's direct lobbying expenses (e.g., salaries, office rent, etc.), as well as the portion of the dues paid to trade associations that is used for lobbying purposes. As noted above, the reports also list in detail the issues on which Oxy engaged in lobbying. Trade Associations and Industry Groups Oxy is a member of and an active participant in many trade and industry groups. Membership in these groups is necessary to stay abreast of issues impacting Oxy's business segments. While generally not the primary purpose of these organizations, many actively engage in lobbying on industry issues. These organizations represent a broad range of members and interests and Oxy does not always share the views of these organizations and their other members. Oxy annually provides a list of U.S. Trade A​ssociations of which Oxy is a member and to which it paid annual dues in excess of $50,000. At the direction of the Board of Directors, the Government Affairs Committee reviews, assesses and approves of Oxy's membership in such trade associations. In the aggregate, Oxy paid approximately $8 million in dues to trade associations in 2020. According to the reports received from such organizations, approximately 43 percent of that amount was used for lobbying purposes. The federal issues on which such associations or groups engaged in lobbying are included in the lobbying disclosure forms filed by such organizations, which are available via the U.S. Senate's Lobbying Disclosure Electronic Filing System . Personal and Grassroots Activities Oxy encourages its Directors and employees to participate in the political process by voting, volunteering their personal services on their own time and by making personal political contributions. However, Directors and employees are not reimbursed or compensated by Oxy for any political contribution.",6921,success
OXY,Occidental Petroleum,Energy,2022,https://www.oxy.com/investors/governance/political-contributions-and-lobbying/,,,20220701,missing,No closest snapshot found from Wayback Availability API,,,0,missing_snapshot
OXY,Occidental Petroleum,Energy,2023,https://www.oxy.com/investors/governance/political-contributions-and-lobbying/,20230620222933.0,http://web.archive.org/web/20230620222933/https://www.oxy.com/investors/governance/political-contributions-and-lobbying/,20230701,found,,200.0,"Political Contributions and Lobbying Political Contributions and Lobbying ​​​​​​​​​​​Issues arise in the political process at federal, state and local levels that directly affect Oxy's business and stakeholders. Because legislative and regulatory changes can have substantial impacts on the company and its stakeholders, Oxy believes that it is necessary for the company to help inform the discussion of such issues and to do so in an ethical and transparent manner. To that end, Oxy may, from time to time, make political campaign contributions or engage in lobbying and other political activities. While the expenditures for these areas vary from year to year depending on the political cycle and the legislative or regulatory issues in the forefront, we believe that they are modest for a company of Oxy's size. With respect to political contributions, such contributions will only promote the interests of the company, and not the personal political preferences of its executive officers or directors. We always have a process in place to ensure that these activities and expenditures comply with all applicable laws and company policies, including those summarized in Oxy's Code of Business Conduct . Oxy conducts periodic trainings and internal audits to ensure all PAC and corporate political contributions are made in accordance with the law and company policies. Oxy's written policy on political activities broadly defines what a political contribution is for the purposes of the policy. It covers campaign contributions and other politically related expenses by or on behalf of Oxy, and they are made only with the approval of the Board of Directors, the Government Affairs Committee or their designees. The Government Affairs Committee approves all political contributions and reports directly to the Board of Directors. The Vice President, Government Relations is the current chairperson of the Government Affairs Committee, and the other members of the Government Affairs Committee are: the Senior Vice President and Chief Financial Officer; the Vice President, Land, Regulatory, Governmental Relations and Corporate Affairs; and the President of Oxy Energy Services. Political Campaign Contributions Under federal election law, Oxy may not contribute corporate funds directly to federal candidates or political parties. Oxy is authorized to establish and fund the administrative expenses of an employee political action committee (PAC). Oxy currently has one authorized PAC — the Oxy Petroleum Corporation Political Action Committee​ (OXYPAC). Funded entirely by employees' personal, voluntary contributions, OXYPAC contributes to qualified federal, state and local candidates and multicandidate committees, regardless of party affiliation, who share the interests of Oxy. OXYPAC's activities are transparent and comply with applicable laws. Information on federal and state political campaign contributions made by OXYPAC is filed with the Federal Election Commission (FEC) as well as various state agencies. OXYPAC​'s FEC filings may be viewed on the FEC ​website​ . However, to simplify access to such information, Oxy annually posts a list of OXYPAC contributions , categorized by jurisdiction, candidate and amount for the most recently ended fiscal year. Oxy's Political Contributions Archive presents a list of non-OXYPAC political campaign contributions made by Oxy and its subsidiaries during a fiscal year, including any contributions with respect to ballot initiatives. All of the foregoing contributions and expenditures are subject to the same review and approval procedures described above, and all comply with applicable disclosure requirements. Oxy's policy is to include in its website all contributions that are subject to disclosure requirements. Historic reports of these OXYPAC and non-OXYPAC contributions are available in the Political Contributions Archive . Lobbying Oxy's Government Relations group provides the international and domestic government affairs services for Oxy and, in that capacity, is responsible for all federal and state political contacts by Oxy. Government Relations' mission is to provide advice, advocacy, information, policy analysis and support on legislative, regulatory, international and political issues of importance to the company in meeting its operational and financial goals. These issues and their relative priority change from time to time. However, the specific federal issues that Oxy engaged in lobbying during the last calendar quarter are listed in the quarterly lobbying reports filed with the U.S. Congress. Information about Oxy's state lobbying is available in periodic filings made with various states. Certain foreign countries, the federal government, each state, and certain local jurisdictions have laws requiring registration and reporting by lobbyists and sometimes by their employers. Oxy reports its federal lobbying to the U.S. Congress in public, quarterly lobby disclosure reports that can be viewed online via the U.S. Senate's Lobbying Disclosure Electronic Filing System website. These reports include Oxy's direct lobbying expenses (e.g., salaries, office rent, etc.), as well as the portion of the dues paid to trade associations that is used for lobbying purposes. As noted above, the reports also list in detail the issues on which Oxy engaged in lobbying. Trade Associations and Industry Groups Oxy is a member of and an active participant in many trade and industry groups. Membership in these groups is necessary to stay abreast of issues impacting Oxy's business segments. While generally not the primary purpose of these organizations, many actively engage in lobbying on industry issues. These organizations represent a broad range of members and interests, and Oxy does not always share the views of these organizations and their other members. At the direction of the Board of Directors, the Government Affairs Committee reviews, assesses and approves of Oxy's membership in such trade associations. Oxy annually provides a list of U.S. Trade A​ssociations of which Oxy is a member and to which it paid annual dues in excess of $50,000. In the aggregate, Oxy paid approximately $12 million in dues to these trade associations in 2021. The federal issues on which such associations or groups engaged in lobbying are included in the lobbying disclosure forms filed by such organizations, which are available via the U.S. Senate's Lobbying Disclosure Electronic Filing System . Personal and Grassroots Activities Oxy encourages its Directors and employees to participate in the political process by voting, volunteering their personal services on their own time and by making personal political contributions. However, Directors and employees are not reimbursed or compensated by Oxy for any political contribution.",6824,success
OXY,Occidental Petroleum,Energy,2024,https://www.oxy.com/investors/governance/political-contributions-and-lobbying/,20240615222450.0,http://web.archive.org/web/20240615222450/https://www.oxy.com/investors/governance/political-contributions-and-lobbying/,20240701,found,,200.0,"Political Contributions and Lobbying Political Contributions and Lobbying ​​​​​​​​​​​Issues arise in the political process at federal, state and local levels that directly affect Oxy's business and stakeholders. Because legislative and regulatory changes can have substantial impacts on the company and its stakeholders, Oxy believes that it is necessary for the company to help inform the discussion of such issues and to do so in an ethical and transparent manner. To that end, Oxy may, from time to time, make political campaign contributions or engage in lobbying and other political activities. While the expenditures for these areas vary from year to year depending on the political cycle and the legislative or regulatory issues in the forefront, we believe that they are modest for a company of Oxy's size. With respect to political contributions, such contributions will only promote the interests of the company, and not the personal political preferences of its executive officers or directors. We always have a process in place to ensure that these activities and expenditures comply with all applicable laws and company policies, including those summarized in Oxy's Code of Business Conduct . Oxy conducts periodic trainings and internal audits to ensure all PAC and corporate political contributions are made in accordance with the law and company policies. Oxy's written policy on political activities broadly defines what a political contribution is for the purposes of the policy. It covers campaign contributions and other politically related expenses by or on behalf of Oxy, and they are made only with the approval of the Board of Directors, the Government Affairs Committee or their designees. The Government Affairs Committee approves all political contributions and reports directly to the Board of Directors. The Vice President, Government Relations is the current chairperson of the Government Affairs Committee, and the other members of the Government Affairs Committee are: the Senior Vice President and Chief Financial Officer; the Vice President, Land, Regulatory, Governmental Relations and Corporate Affairs; and the President of Oxy Energy Services. Political Campaign Contributions Under federal election law, Oxy may not contribute corporate funds directly to federal candidates or political parties. Oxy is authorized to establish and fund the administrative expenses of an employee political action committee (PAC). Oxy currently has one authorized PAC — the Oxy Petroleum Corporation Political Action Committee​ (OXYPAC). Funded entirely by employees' personal, voluntary contributions, OXYPAC contributes to qualified federal, state and local candidates and multicandidate committees, regardless of party affiliation, who share the interests of Oxy. OXYPAC's activities are transparent and comply with applicable laws. Information on federal and state political campaign contributions made by OXYPAC is filed with the Federal Election Commission (FEC) as well as various state agencies. OXYPAC​'s FEC filings may be viewed on the FEC ​website​ . However, to simplify access to such information, Oxy annually posts a list of OXYPAC contributions , categorized by jurisdiction, candidate and amount for the most recently ended fiscal year. Oxy's Political Contributions Archive presents a list of non-OXYPAC political campaign contributions made by Oxy and its subsidiaries during a fiscal year, including any contributions with respect to ballot initiatives. All of the foregoing contributions and expenditures are subject to the same review and approval procedures described above, and all comply with applicable disclosure requirements. Oxy's policy is to include in its website all contributions that are subject to disclosure requirements. Historic reports of these OXYPAC and non-OXYPAC contributions are available in the Political Contributions Archive . Lobbying Oxy's Government Relations group provides the international and domestic government affairs services for Oxy and, in that capacity, is responsible for all federal and state political contacts by Oxy. Government Relations' mission is to provide advice, advocacy, information, policy analysis and support on legislative, regulatory, international and political issues of importance to the company in meeting its operational and financial goals. These issues and their relative priority change from time to time. However, the specific federal issues that Oxy engaged in lobbying during the last calendar quarter are listed in the quarterly lobbying reports filed with the U.S. Congress. Information about Oxy's state lobbying is available in periodic filings made with various states. Certain foreign countries, the federal government, each state, and certain local jurisdictions have laws requiring registration and reporting by lobbyists and sometimes by their employers. Oxy reports its federal lobbying to the U.S. Congress in public, quarterly lobby disclosure reports that can be viewed online via the U.S. Senate's Lobbying Disclosure Electronic Filing System website. These reports include Oxy's direct lobbying expenses (e.g., salaries, office rent, etc.), as well as the portion of the dues paid to trade associations that is used for lobbying purposes. As noted above, the reports also list in detail the issues on which Oxy engaged in lobbying. Trade Associations and Industry Groups Oxy is a member of and an active participant in many trade and industry groups. Membership in these groups is necessary to stay abreast of issues impacting Oxy's business segments. While generally not the primary purpose of these organizations, many actively engage in lobbying on industry issues. These organizations represent a broad range of members and interests, and Oxy does not always share the views of these organizations and their other members. At the direction of the Board of Directors, the Government Affairs Committee reviews, assesses and approves of Oxy's membership in such trade associations. Oxy annually provides a list of U.S. Trade A​ssociations of which Oxy is a member and to which it paid annual dues in excess of $50,000. The federal issues on which such associations or groups engaged in lobbying are included in the lobbying disclosure forms filed by such organizations, which are available via the U.S. Senate's Lobbying Disclosure Electronic Filing System. Personal and Grassroots Activities Oxy encourages its Directors and employees to participate in the political process by voting, volunteering their personal services on their own time and by making personal political contributions. However, Directors and employees are not reimbursed or compensated by Oxy for any political contribution.",6725,success
HAL,Halliburton,Energy,2016,https://www.halliburton.com/en/sustainability/guiding-principles,,,20160701,missing,No closest snapshot found from Wayback Availability API,,,0,missing_snapshot
HAL,Halliburton,Energy,2017,https://www.halliburton.com/en/sustainability/guiding-principles,,,20170701,missing,No closest snapshot found from Wayback Availability API,,,0,missing_snapshot
HAL,Halliburton,Energy,2018,https://www.halliburton.com/en/sustainability/guiding-principles,20210422180914.0,http://web.archive.org/web/20210422180914/https://www.halliburton.com/en/sustainability/guiding-principles,20180701,found,,200.0,"Guiding Principles home Sustainability SUSTAINABILITY Guiding Principles Built on a foundation of ethics and integrity, the Halliburton Guiding Principles for Sustainability are the framework for our operations and future. The sustainability of our business, the reduction in environmental impacts and the enhancement of the economic and social well-being of our employees and the communities in which we live and work are critical to our success. Our Guiding Principles lead our sustainable action and support our purpose and our core values. We developed our principles in concert with our internal and external stakeholders, and they serve to deliver positive financial value, minimize our environmental footprint, and have a positive social impact. Principle: Global citizenship We will enhance the economic and social well-being of our employees and the communities where we live and operate. Intent : We will be a preferred employer and make a positive impact on our local communities. Principle: Technology and innovation We will lead the industry in innovation and the conscientious stewardship of global resources. Intent : We will develop solutions that enable our customers to achieve their goals. Principle: Health, safety, and environment Conduct operations that are safe and environmentally responsible. Intent : We will advance on our Journey to ZERO — our goal of having zero health, safety, environmental, or service quality incidents. Principle: Financial performance Deliver superior value for our shareholders. Intent : We will outperform our competitors by delivering superior growth, margins, and returns to our shareholders. Principle: Transparency We will be transparent in how we operate, and report and validate our progress. Intent : We will provide stakeholders with thorough and timely information on our activities and progress. Principle: Collaboration We will engage our stakeholders to help achieve results that are compatible with our shared principles. Intent : We will actively engage with key stakeholders to achieve mutual objectives.",2072,success
HAL,Halliburton,Energy,2019,https://www.halliburton.com/en/sustainability/guiding-principles,,,20190701,missing,No closest snapshot found from Wayback Availability API,,,0,missing_snapshot
HAL,Halliburton,Energy,2020,https://www.halliburton.com/en/sustainability/guiding-principles,,,20200701,missing,No closest snapshot found from Wayback Availability API,,,0,missing_snapshot
HAL,Halliburton,Energy,2021,https://www.halliburton.com/en/sustainability/guiding-principles,20210725200142.0,http://web.archive.org/web/20210725200142/https://www.halliburton.com/en/sustainability/guiding-principles,20210701,found,,200.0,"Guiding Principles home Sustainability SUSTAINABILITY Guiding Principles Built on a foundation of ethics and integrity, the Halliburton Guiding Principles for Sustainability are the framework for our operations and future. The sustainability of our business, the reduction in environmental impacts and the enhancement of the economic and social well-being of our employees and the communities in which we live and work are critical to our success. Our Guiding Principles lead our sustainable action and support our purpose and our core values. We developed our principles in concert with our internal and external stakeholders, and they serve to deliver positive financial value, minimize our environmental footprint, and have a positive social impact. Principle: Global citizenship We will enhance the economic and social well-being of our employees and the communities where we live and operate. Intent : We will be a preferred employer and make a positive impact on our local communities. Principle: Technology and innovation We will lead the industry in innovation and the conscientious stewardship of global resources. Intent : We will develop solutions that enable our customers to achieve their goals. Principle: Health, safety, and environment Conduct operations that are safe and environmentally responsible. Intent : We will advance on our Journey to ZERO — our goal of having zero health, safety, environmental, or service quality incidents. Principle: Financial performance Deliver superior value for our shareholders. Intent : We will outperform our competitors by delivering superior growth, margins, and returns to our shareholders. Principle: Transparency We will be transparent in how we operate, and report and validate our progress. Intent : We will provide stakeholders with thorough and timely information on our activities and progress. Principle: Collaboration We will engage our stakeholders to help achieve results that are compatible with our shared principles. Intent : We will actively engage with key stakeholders to achieve mutual objectives.",2072,success
HAL,Halliburton,Energy,2022,https://www.halliburton.com/en/sustainability/guiding-principles,20220706232615.0,http://web.archive.org/web/20220706232615/https://www.halliburton.com/en/sustainability/guiding-principles,20220701,found,,200.0,"Guiding Principles Sustainability SUSTAINABILITY Guiding Principles Built on a foundation of ethics and integrity, the Halliburton Guiding Principles for Sustainability are the framework for our operations and future. The sustainability of our business, the reduction in environmental impacts and the enhancement of the economic and social well-being of our employees and the communities in which we live and work are critical to our success. Our Guiding Principles lead our sustainable action and support our purpose and our core values. We developed our principles in concert with our internal and external stakeholders, and they serve to deliver positive financial value, minimize our environmental footprint, and have a positive social impact. Principle: Global citizenship We will enhance the economic and social well-being of our employees and the communities where we live and operate. Intent : We will be a preferred employer and make a positive impact on our local communities. Principle: Technology and innovation We will lead the industry in innovation and the conscientious stewardship of global resources. Intent : We will develop solutions that enable our customers to achieve their goals. Principle: Health, safety, and environment Conduct operations that are safe and environmentally responsible. Intent : We will advance on our Journey to ZERO — our goal of having zero health, safety, environmental, or service quality incidents. Principle: Financial performance Deliver superior value for our shareholders. Intent : We will outperform our competitors by delivering superior growth, margins, and returns to our shareholders. Principle: Transparency We will be transparent in how we operate, and report and validate our progress. Intent : We will provide stakeholders with thorough and timely information on our activities and progress. Principle: Collaboration We will engage our stakeholders to help achieve results that are compatible with our shared principles. Intent : We will actively engage with key stakeholders to achieve mutual objectives.",2067,success
HAL,Halliburton,Energy,2023,https://www.halliburton.com/en/sustainability/guiding-principles,20230904223205.0,http://web.archive.org/web/20230904223205/https://www.halliburton.com/en/sustainability/guiding-principles,20230701,found,,200.0,"Guiding Principles Halliburton Sustainability SUSTAINABILITY Guiding Principles Built on a foundation of ethics and integrity, the Halliburton Guiding Principles for Sustainability are the framework for our operations and future. The sustainability of our business, the reduction in environmental impacts and the enhancement of the economic and social well-being of our employees and the communities in which we live and work are critical to our success. Our Guiding Principles lead our sustainable action and support our purpose and our core values. We developed our principles in concert with our internal and external stakeholders, and they serve to deliver positive financial value, minimize our environmental footprint, and have a positive social impact. Principle: Global citizenship We will enhance the economic and social well-being of our employees and the communities where we live and operate. Intent : We will be a preferred employer and make a positive impact on our local communities. Principle: Technology and innovation We will lead the industry in innovation and the conscientious stewardship of global resources. Intent : We will develop solutions that enable our customers to achieve their goals. Principle: Health, safety, and environment Conduct operations that are safe and environmentally responsible. Intent : We will advance on our Journey to ZERO — our goal of having zero health, safety, environmental, or service quality incidents. Principle: Financial performance Deliver superior value for our shareholders. Intent : We will outperform our competitors by delivering superior growth, margins, and returns to our shareholders. Principle: Transparency We will be transparent in how we operate, and report and validate our progress. Intent : We will provide stakeholders with thorough and timely information on our activities and progress. Principle: Collaboration We will engage our stakeholders to help achieve results that are compatible with our shared principles. Intent : We will actively engage with key stakeholders to achieve mutual objectives.",2079,success
HAL,Halliburton,Energy,2024,https://www.halliburton.com/en/sustainability/guiding-principles,,,20240701,missing,No closest snapshot found from Wayback Availability API,,,0,missing_snapshot
